Workbook

Sheet 2026_Fantasy_Hitters
A1: Name | B1: Team | C1: Position | D1: AB | E1: PA | F1: H | G1: 1B | H1: 2B | I1: 3B | J1: HR | K1: R | L1: RBI | M1: BB | N1: IBB | O1: SO | P1: HBP | Q1: SF | R1: SH | S1: SB | T1: CS | U1: NSB | V1: AVG | W1: OBP | X1: SLG | Y1: OPS | Z1: BABIP | AA1: K% | AB1: BB% | AD1: HIP | AE1: HR% | AF1: 1B% | AG1: 2B% | AH1: 3B% | AI1: R% | AJ1: RBI% | AK1: IBB% | AL1: HBP% | AM1: SF% | AN1: SH% | AO1: SB% | AP1: CS% | AQ1: NSB%
A2: Aaron Judge | B2: NYY | C2: OF | D2: 512 | E2: 637 | F2: =J2+AD2 -> 148.48627 | G2: =$AD2*AF2 -> 72.679745 | H2: =$AD2*AG2 -> 25.691119 | I2: =$AD2*AH2 -> 0.97219781 | J2: =$E2*AE2 -> 49.770753 | K2: =$E2*AI2 -> 105.16509 | L2: =$E2*AJ2 -> 112 | M2: =$E2*AB2 -> 110.0099 | N2: =$E2*AK2 -> 21.508592 | O2: =$E2*AA2 -> 158.2308 | P2: =$E2*AL2 -> 6.0084898 | Q2: =$E2*AM2 -> 4.0062905 | R2: =$E2*AN2 -> 0.89999819 | S2: =$E2*AO2 -> 9.470107 | T2: =$E2*AP2 -> 2.7531586 | U2: =S2-T2 -> 6.7169484 | V2: =F2/D2 -> 0.29001225 | W2: =(F2+M2+N2+P2)/(D2+M2+N2+Q2) -> 0.4417024 | X2: =(G2+H2*2+I2*3+J2*4)/D2 -> 0.63683904 | Y2: =W2+X2 -> 1.0785414 | Z2: 0.3205 | AA2: 0.2484 | AB2: 0.1727 | AD2: =(D2-J2-O2+Q2)*Z2 -> 98.715518 | AE2: 0.07813305 | AF2: 0.7362545 | AG2: 0.2602541 | AH2: 0.00984848 | AI2: 0.16509434 | AJ2: 0.17582418 | AK2: 0.03376545 | AL2: 0.00943248 | AM2: 0.00628931 | AN2: 0.00141287 | AO2: 0.01486673 | AP2: 0.00432207 | AQ2: 0.01054466
A3: Shohei Ohtani | B3: LAD | C3: Util | D3: 559 | E3: 659 | F3: =J3+AD3 -> 158.44482 | G3: =$AD3*AF3 -> 77.438557 | H3: =$AD3*AG3 -> 30.034507 | I3: =$AD3*AH3 -> 5.4178334 | J3: =$E3*AE3 -> 47.093445 | K3: =$E3*AI3 -> 121.55335 | L3: =$E3*AJ3 -> 109 | M3: =$E3*AB3 -> 90.6784 | N3: =$E3*AK3 -> 14.605457 | O3: =$E3*AA3 -> 158.45655 | P3: =$E3*AL3 -> 5.0205783 | Q3: =$E3*AM3 -> 4.018292 | R3: =$E3*AN3 -> 0.90000289 | S3: =$E3*AO3 -> 24.065909 | T3: =$E3*AP3 -> 6.7522788 | U3: =S3-T3 -> 17.31363 | V3: =F3/D3 -> 0.28344333 | W3: =(F3+M3+N3+P3)/(D3+M3+N3+Q3) -> 0.40213735 | X3: =(G3+H3*2+I3*3+J3*4)/D3 -> 0.61204804 | Y3: =W3+X3 -> 1.0141854 | Z3: 0.3115 | AA3: 0.24045 | AB3: 0.1376 | AD3: =(D3-J3-O3+Q3)*Z3 -> 111.35137 | AE3: 0.07146198 | AF3: 0.69544321 | AG3: 0.26972732 | AH3: 0.04865529 | AI3: 0.18445122 | AJ3: 0.16540212 | AK3: 0.02216306 | AL3: 0.00761848 | AM3: 0.00609756 | AN3: 0.00136571 | AO3: 0.03651883 | AP3: 0.01024625 | AQ3: 0.026272574
A4: Bobby Witt Jr. | B4: KC | C4: SS | D4: 598 | E4: 660 | F4: =J4+AD4 -> 174.39368 | G4: =$AD4*AF4 -> 102.20537 | H4: =$AD4*AG4 -> 35.439209 | I4: =$AD4*AH4 -> 5.7236924 | J4: =$E4*AE4 -> 30.870121 | K4: =$E4*AI4 -> 104.63415 | L4: =$E4*AJ4 -> 92 | M4: =$E4*AB4 -> 48.18 | N4: =$E4*AK4 -> 5.7286548 | O4: =$E4*AA4 -> 112.86 | P4: =$E4*AL4 -> 6.1329246 | Q4: =$E4*AM4 -> 6.0365844 | R4: =$E4*AN4 -> 0.9000024 | S4: =$E4*AO4 -> 34.005154 | T4: =$E4*AP4 -> 9.3525237 | U4: =S4-T4 -> 24.65263 | V4: =F4/D4 -> 0.29162822 | W4: =(F4+M4+N4+P4)/(D4+M4+N4+Q4) -> 0.35631424 | X4: =(G4+H4*2+I4*3+J4*4)/D4 -> 0.52464104 | Y4: =W4+X4 -> 0.88095528 | Z4: 0.3118 | AA4: 0.171 | AB4: 0.073 | AD4: =(D4-J4-O4+Q4)*Z4 -> 143.52356 | AE4: 0.04677291 | AF4: 0.71211562 | AG4: 0.2469226 | AH4: 0.039879812 | AI4: 0.15853659 | AJ4: 0.13939394 | AK4: 0.00867978 | AL4: 0.00929231 | AM4: 0.00914634 | AN4: 0.00136364 | AO4: 0.05152296 | AP4: 0.01417049 | AQ4: 0.03735247
A5: Juan Soto | B5: NYM | C5: OF | D5: 542 | E5: 675 | F5: =J5+AD5 -> 147.19717 | G5: =$AD5*AF5 -> 82.257492 | H5: =$AD5*AG5 -> 25.715702 | I5: =$AD5*AH5 -> 1.0166264 | J5: =$E5*AE5 -> 38.101634 | K5: =$E5*AI5 -> 107.31798 | L5: =$E5*AJ5 -> 99 | M5: =$E5*AB5 -> 121.8375 | N5: =$E5*AK5 -> 8.8957757 | O5: =$E5*AA5 -> 120.015 | P5: =$E5*AL5 -> 4.0107015 | Q5: =$E5*AM5 -> 4.0118895 | R5: =$E5*AN5 -> 0.99839925 | S5: =$E5*AO5 -> 21.16181 | T5: =$E5*AP5 -> 5.3804318 | U5: =S5-T5 -> 15.781379 | V5: =F5/D5 -> 0.2715815 | W5: =(F5+M5+N5+P5)/(D5+M5+N5+Q5) -> 0.41661347 | X5: =(G5+H5*2+I5*3+J5*4)/D5 -> 0.53347844 | Y5: =W5+X5 -> 0.95009191 | Z5: 0.28125 | AA5: 0.1778 | AB5: 0.1805 | AD5: =(D5-J5-O5+Q5)*Z5 -> 109.09554 | AE5: 0.056446866 | AF5: 0.753995 | AG5: 0.23571726 | AH5: 0.00931868 | AI5: 0.1589896 | AJ5: 0.14666667 | AK5: 0.013178927 | AL5: 0.00594178 | AM5: 0.00594354 | AN5: 0.00147911 | AO5: 0.03135083 | AP5: 0.00797101 | AQ5: 0.023379812
A6: Jose Ramirez | B6: CLE | C6: 3B | D6: 575 | E6: 649 | F6: =J6+AD6 -> 155.28164 | G6: =$AD6*AF6 -> 94.374098 | H6: =$AD6*AG6 -> 31.648065 | I6: =$AD6*AH6 -> 2.7801085 | J6: =$E6*AE6 -> 26.41835 | K6: =$E6*AI6 -> 90.839813 | L6: =$E6*AJ6 -> 89 | M6: =$E6*AB6 -> 62.6934 | N6: =$E6*AK6 -> 17.608259 | O6: =$E6*AA6 -> 75.4138 | P6: =$E6*AL6 -> 4.0335934 | Q6: =$E6*AM6 -> 6.0559877 | R6: =$E6*AN6 -> 0 | S6: =$E6*AO6 -> 33.830267 | T6: =$E6*AP6 -> 7.8803808 | U6: =S6-T6 -> 25.949886 | V6: =F6/D6 -> 0.27005503 | W6: =(F6+M6+N6+P6)/(D6+M6+N6+Q6) -> 0.36231061 | X6: =(G6+H6*2+I6*3+J6*4)/D6 -> 0.47249383 | Y6: =W6+X6 -> 0.83480444 | Z6: 0.2689 | AA6: 0.1162 | AB6: 0.0966 | AD6: =(D6-J6-O6+Q6)*Z6 -> 128.86329 | AE6: 0.04070624 | AF6: 0.73235828 | AG6: 0.24559411 | AH6: 0.021574092 | AI6: 0.1399689 | AJ6: 0.13713405 | AK6: 0.02713137 | AL6: 0.00621509 | AM6: 0.00933126 | AN6: 0 | AO6: 0.05212676 | AP6: 0.012142343 | AQ6: 0.03998441
A7: Elly De La Cruz | B7: CIN | C7: SS | D7: 568 | E7: 636 | F7: =J7+AD7 -> 147.99414 | G7: =$AD7*AF7 -> 92.320983 | H7: =$AD7*AG7 -> 30.774897 | I7: =$AD7*AH7 -> 5.1324971 | J7: =$E7*AE7 -> 21.310331 | K7: =$E7*AI7 -> 91.00159 | L7: =$E7*AJ7 -> 77 | M7: =$E7*AB7 -> 58.194 | N7: =$E7*AK7 -> 5.5172746 | O7: =$E7*AA7 -> 166.0278 | P7: =$E7*AL7 -> 3.0300503 | Q7: =$E7*AM7 -> 4.0445148 | R7: =$E7*AN7 -> 0.9946404 | S7: =$E7*AO7 -> 39.700894 | T7: =$E7*AP7 -> 10.334684 | U7: =S7-T7 -> 29.36621 | V7: =F7/D7 -> 0.26055307 | W7: =(F7+M7+N7+P7)/(D7+M7+N7+Q7) -> 0.33776408 | X7: =(G7+H7*2+I7*3+J7*4)/D7 -> 0.44808027 | Y7: =W7+X7 -> 0.78584435 | Z7: 0.3293 | AA7: 0.26105 | AB7: 0.0915 | AD7: =(D7-J7-O7+Q7)*Z7 -> 126.68381 | AE7: 0.03350681 | AF7: 0.72875122 | AG7: 0.24292683 | AH7: 0.04051423 | AI7: 0.14308426 | AJ7: 0.12106918 | AK7: 0.00867496 | AL7: 0.00476423 | AM7: 0.0063593 | AN7: 0.0015639 | AO7: 0.06242279 | AP7: 0.016249503 | AQ7: 0.04617328
A8: Ronald Acuna Jr. | B8: ATL | C8: OF | D8: 533 | E8: 629 | F8: =J8+AD8 -> 150.43351 | G8: =$AD8*AF8 -> 93.634355 | H8: =$AD8*AG8 -> 24.765241 | I8: =$AD8*AH8 -> 1.9731801 | J8: =$E8*AE8 -> 29.151364 | K8: =$E8*AI8 -> 101.97271 | L8: =$E8*AJ8 -> 78 | M8: =$E8*AB8 -> 83.3425 | N8: =$E8*AK8 -> 3.7529537 | O8: =$E8*AA8 -> 129.8256 | P8: =$E8*AL8 -> 7.9693419 | Q8: =$E8*AM8 -> 4.0385259 | R8: =$E8*AN8 -> 0.89999836 | S8: =$E8*AO8 -> 24.788789 | T8: =$E8*AP8 -> 6.6457101 | U8: =S8-T8 -> 18.143079 | V8: =F8/D8 -> 0.28223924 | W8: =(F8+M8+N8+P8)/(D8+M8+N8+Q8) -> 0.39334232 | X8: =(G8+H8*2+I8*3+J8*4)/D8 -> 0.49847998 | Y8: =W8+X8 -> 0.8918223 | Z8: 0.3208 | AA8: 0.2064 | AB8: 0.1325 | AD8: =(D8-J8-O8+Q8)*Z8 -> 121.28215 | AE8: 0.04634557 | AF8: 0.7720374 | AG8: 0.20419527 | AH8: 0.016269337 | AI8: 0.16211878 | AJ8: 0.12400636 | AK8: 0.00596654 | AL8: 0.01266986 | AM8: 0.00642055 | AN8: 0.00143084 | AO8: 0.03940984 | AP8: 0.010565517 | AQ8: 0.028844319
A9: Julio Rodriguez | B9: SEA | C9: OF | D9: 599 | E9: 659 | F9: =J9+AD9 -> 163.72049 | G9: =$AD9*AF9 -> 104.06217 | H9: =$AD9*AG9 -> 26.835561 | I9: =$AD9*AH9 -> 2.9853303 | J9: =$E9*AE9 -> 28.292662 | K9: =$E9*AI9 -> 95.7263 | L9: =$E9*AJ9 -> 91 | M9: =$E9*AB9 -> 47.448 | N9: =$E9*AK9 -> 4.6069899 | O9: =$E9*AA9 -> 145.01295 | P9: =$E9*AL9 -> 9.0619288 | Q9: =$E9*AM9 -> 4.0305824 | R9: =$E9*AN9 -> 0 | S9: =$E9*AO9 -> 27.964652 | T9: =$E9*AP9 -> 6.8495142 | U9: =S9-T9 -> 21.115138 | V9: =F9/D9 -> 0.27332302 | W9: =(F9+M9+N9+P9)/(D9+M9+N9+Q9) -> 0.34321837 | X9: =(G9+H9*2+I9*3+J9*4)/D9 -> 0.46721191 | Y9: =W9+X9 -> 0.81043028 | Z9: 0.31515 | AA9: 0.22005 | AB9: 0.072 | AD9: =(D9-J9-O9+Q9)*Z9 -> 135.42782 | AE9: 0.04293272 | AF9: 0.7683958 | AG9: 0.19815397 | AH9: 0.0220437 | AI9: 0.14525994 | AJ9: 0.13808801 | AK9: 0.00699088 | AL9: 0.01375103 | AM9: 0.00611621 | AN9: 0 | AO9: 0.04243498 | AP9: 0.0103938 | AQ9: 0.032041177
A10: Kyle Tucker | B10: LAD | C10: OF | D10: 528 | E10: 620 | F10: =J10+AD10 -> 141.54999 | G10: =$AD10*AF10 -> 82.185199 | H10: =$AD10*AG10 -> 28.088262 | I10: =$AD10*AH10 -> 2.0720206 | J10: =$E10*AE10 -> 28.446251 | K10: =$E10*AI10 -> 95.928339 | L10: =$E10*AJ10 -> 88 | M10: =$E10*AB10 -> 81.716 | N10: =$E10*AK10 -> 5.7945076 | O10: =$E10*AA10 -> 90.985 | P10: =$E10*AL10 -> 3.9351772 | Q10: =$E10*AM10 -> 5.0488584 | R10: =$E10*AN10 -> 0.9952364 | S10: =$E10*AO10 -> 22.964286 | T10: =$E10*AP10 -> 4.853205 | U10: =S10-T10 -> 18.111081 | V10: =F10/D10 -> 0.26808709 | W10: =(F10+M10+N10+P10)/(D10+M10+N10+Q10) -> 0.37546073 | X10: =(G10+H10*2+I10*3+J10*4)/D10 -> 0.48932346 | Y10: =W10+X10 -> 0.86478419 | Z10: 0.27345 | AA10: 0.14675 | AB10: 0.1318 | AD10: =(D10-J10-O10+Q10)*Z10 -> 113.10373 | AE10: 0.04588105 | AF10: 0.72663559 | AG10: 0.24834071 | AH10: 0.018319648 | AI10: 0.15472313 | AJ10: 0.14193548 | AK10: 0.00934598 | AL10: 0.00634706 | AM10: 0.00814332 | AN10: 0.00160522 | AO10: 0.037039171 | AP10: 0.00782775 | AQ10: 0.029211424
A11: Cal Raleigh | B11: SEA | C11: C | D11: 540 | E11: 626 | F11: =J11+AD11 -> 122.62811 | G11: =$AD11*AF11 -> 60.102107 | H11: =$AD11*AG11 -> 22.494845 | I11: =$AD11*AH11 -> 0 | J11: =$E11*AE11 -> 39.212502 | K11: =$E11*AI11 -> 82.262821 | L11: =$E11*AJ11 -> 102 | M11: =$E11*AB11 -> 74.8696 | N11: =$E11*AK11 -> 9.8152168 | O11: =$E11*AA11 -> 168.9887 | P11: =$E11*AL11 -> 6.0173061 | Q11: =$E11*AM11 -> 4.0128228 | R11: =$E11*AN11 -> 0.9000002 | S11: =$E11*AO11 -> 8.211146 | T11: =$E11*AP11 -> 2.2634157 | U11: =S11-T11 -> 5.9477303 | V11: =F11/D11 -> 0.22708909 | W11: =(F11+M11+N11+P11)/(D11+M11+N11+Q11) -> 0.33932087 | X11: =(G11+H11*2+I11*3+J11*4)/D11 -> 0.48507742 | Y11: =W11+X11 -> 0.82439829 | Z11: 0.2484 | AA11: 0.26995 | AB11: 0.1196 | AD11: =(D11-J11-O11+Q11)*Z11 -> 83.415607 | AE11: 0.06263978 | AF11: 0.72051394 | AG11: 0.26967189 | AH11: 0 | AI11: 0.13141026 | AJ11: 0.1629393 | AK11: 0.01567926 | AL11: 0.00961231 | AM11: 0.00641026 | AN11: 0.0014377 | AO11: 0.013116847 | AP11: 0.00361568 | AQ11: 0.00950117
A12: Corbin Carroll | B12: AZ | C12: OF | D12: 525 | E12: 604 | F12: =J12+AD12 -> 136.23298 | G12: =$AD12*AF12 -> 73.97221 | H12: =$AD12*AG12 -> 28.292155 | I12: =$AD12*AH12 -> 9.8881412 | J12: =$E12*AE12 -> 25.769836 | K12: =$E12*AI12 -> 96.045902 | L12: =$E12*AJ12 -> 77 | M12: =$E12*AB12 -> 62.9972 | N12: =$E12*AK12 -> 2.8790143 | O12: =$E12*AA12 -> 126.0548 | P12: =$E12*AL12 -> 7.9291791 | Q12: =$E12*AM12 -> 3.9606575 | R12: =$E12*AN12 -> 1.9896364 | S12: =$E12*AO12 -> 32.296703 | T12: =$E12*AP12 -> 7.2401178 | U12: =S12-T12 -> 25.056585 | V12: =F12/D12 -> 0.25949138 | W12: =(F12+M12+N12+P12)/(D12+M12+N12+Q12) -> 0.35310247 | X12: =(G12+H12*2+I12*3+J12*4)/D12 -> 0.50152436 | Y12: =W12+X12 -> 0.85462683 | Z12: 0.2929 | AA12: 0.2087 | AB12: 0.1043 | AD12: =(D12-J12-O12+Q12)*Z12 -> 110.46314 | AE12: 0.042665291 | AF12: 0.66965514 | AG12: 0.25612303 | AH12: 0.0895153 | AI12: 0.15901639 | AJ12: 0.12748344 | AK12: 0.00476658 | AL12: 0.01312778 | AM12: 0.00655738 | AN12: 0.0032941 | AO12: 0.053471363 | AP12: 0.01198695 | AQ12: 0.041484417
A13: Junior Caminero | B13: TB | C13: 3B | D13: 579 | E13: 631 | F13: =J13+AD13 -> 156.40467 | G13: =$AD13*AF13 -> 92.608172 | H13: =$AD13*AG13 -> 27.320608 | I13: =$AD13*AH13 -> 1.0556017 | J13: =$E13*AE13 -> 36.258787 | K13: =$E13*AI13 -> 81.646965 | L13: =$E13*AJ13 -> 103 | M13: =$E13*AB13 -> 41.5829 | N13: =$E13*AK13 -> 1.2140503 | O13: =$E13*AA13 -> 121.2782 | P13: =$E13*AL13 -> 4.9359407 | Q13: =$E13*AM13 -> 5.0399358 | R13: =$E13*AN13 -> 0 | S13: =$E13*AO13 -> 5.6860924 | T13: =$E13*AP13 -> 2.1044039 | U13: =S13-T13 -> 3.5816885 | V13: =F13/D13 -> 0.27012896 | W13: =(F13+M13+N13+P13)/(D13+M13+N13+Q13) -> 0.32566296 | X13: =(G13+H13*2+I13*3+J13*4)/D13 -> 0.51027865 | Y13: =W13+X13 -> 0.83594162 | Z13: 0.2817 | AA13: 0.1922 | AB13: 0.0659 | AD13: =(D13-J13-O13+Q13)*Z13 -> 120.14588 | AE13: 0.05746242 | AF13: 0.77079773 | AG13: 0.22739529 | AH13: 0.008786 | AI13: 0.12939297 | AJ13: 0.16323296 | AK13: 0.00192401 | AL13: 0.00782241 | AM13: 0.00798722 | AN13: 0 | AO13: 0.00901124 | AP13: 0.00333503 | AQ13: 0.0056762
... A220: Jordan Walker | B220: STL | C220: OF | D220: 462 | E220: 508 | F220: =J220+AD220 -> 110.7157 | G220: =$AD220*AF220 -> 68.282623 | H220: =$AD220*AG220 -> 23.511239 | I220: =$AD220*AH220 -> 1.0272218 | J220: =$E220*AE220 -> 16.944802 | K220: =$E220*AI220 -> 58.928 | L220: =$E220*AJ220 -> 55.000002 | M220: =$E220*AB220 -> 36.0172 | N220: =$E220*AK220 -> 0.95322136 | O220: =$E220*AA220 -> 134.6454 | P220: =$E220*AL220 -> 5.071999 | Q220: =$E220*AM220 -> 3.048 | R220: =$E220*AN220 -> 0 | S220: =$E220*AO220 -> 9.0760073 | T220: =$E220*AP220 -> 3.1100471 | U220: =S220-T220 -> 5.9659602 | V220: =F220/D220 -> 0.23964438 | W220: =(F220+M220+N220+P220)/(D220+M220+N220+Q220) -> 0.30428788 | X220: =(G220+H220*2+I220*3+J220*4)/D220 -> 0.40295666 | Y220: =W220+X220 -> 0.70724454 | Z220: 0.29915 | AA220: 0.26505 | AB220: 0.0709 | AD220: =(D220-J220-O220+Q220)*Z220 -> 93.7709 | AE220: 0.03335591 | AF220: 0.72818564 | AG220: 0.25073065 | AH220: 0.01095459 | AI220: 0.116 | AJ220: 0.10826772 | AK220: 0.00187642 | AL220: 0.00998425 | AM220: 0.006 | AN220: 0 | AO220: 0.017866156 | AP220: 0.00612214 | AQ220: 0.01174402

Sheet CKBT_Rank
A1: Name | B1: Team | C1: Position | D1: AB | E1: PA | F1: Total | G1: R+ | H1: H+ | I1: HR+ | J1: RBI+ | K1: BB+ | L1: HBP+ | M1: AVG+ | N1: OPS+ | O1: NSB+ | P1: HR%+ | R1: R | S1: H | T1: HR | U1: RBI | V1: BB | W1: HBP | X1: AVG | Y1: OPS | Z1: NSB | AA1: HR% | AC1: ='2026_Fantasy_Hitters'!F1 -> H | AD1: ='2026_Fantasy_Hitters'!G1 -> 1B | AE1: ='2026_Fantasy_Hitters'!H1 -> 2B | AF1: ='2026_Fantasy_Hitters'!I1 -> 3B | AG1: ='2026_Fantasy_Hitters'!J1 -> HR | AH1: ='2026_Fantasy_Hitters'!K1 -> R | AI1: ='2026_Fantasy_Hitters'!L1 -> RBI | AJ1: ='2026_Fantasy_Hitters'!M1 -> BB | ... AY1: ='2026_Fantasy_Hitters'!AB1 -> BB% | AZ1: HR%
A2: Aaron Judge | B2: NYY | C2: OF | D2: 512 | E2: 637 | F2: =G2+H2+I2+J2+K2+L2+M2+N2+O2+P2 -> 23.966243 | G2: =(R2-R$221)/R$222 -> 2.4063399 | H2: =(S2-S$221)/S$222 -> 1.1215523 | I2: =(T2-T$221)/T$222 -> 3.7140844 | J2: =(U2-U$221)/U$222 -> 2.7428494 | K2: =(V2-V$221)/V$222 -> 3.708899 | L2: =(W2-W$221)/W$222 -> 0.090645635 | M2: =(X2-X$221)/X$222 -> 2.3357655 | N2: =(Y2-Y$221)/Y$222 -> 4.5449506 | ... P2: =(AA2-AA$221)/AA$222 -> 3.471661 | R2: =(AH2-AVERAGE(AH$2:AH$220))/AVERAGE(AH$2:AH$220)*100+100 -> 156.88804 | S2: =(AC2-AVERAGE(AC$2:AC$220))/AVERAGE(AC$2:AC$220)*100+100 -> 122.83737 | T2: =(AG2-AVERAGE(AG$2:AG$220))/AVERAGE(AG$2:AG$220)*100+100 -> 264.29562 | U2: =(AI2-AVERAGE(AI$2:AI$220))/AVERAGE(AI$2:AI$220)*100+100 -> 170.57099 | V2: =(AJ2-AVERAGE(AJ$2:AJ$220))/AVERAGE(AJ$2:AJ$220)*100+100 -> 234.22922 | W2: =(AM2-AVERAGE(AM$2:AM$220))/AVERAGE(AM$2:AM$220)*100+100 -> 104.40723 | X2: =(AS2-AVERAGE(AS$2:AS$220))/AVERAGE(AS$2:AS$220)*100+100 -> 115.41569 | Y2: =(AU2-AVERAGE(AU$2:AU$220))/AVERAGE(AU$2:AU$220)*100+100 -> 149.97092 | Z2: =(AR2-AVERAGE(AR$2:AR$220))/AVERAGE(AR$2:AR$220)*100+100 -> 84.322251 | AA2: =(AZ2-AVERAGE(AZ$2:AZ$220))/AVERAGE(AZ$2:AZ$220)*100+100 -> 226.08903 | AC2: ='2026_Fantasy_Hitters'!F2 -> 148.48627 | AD2: ='2026_Fantasy_Hitters'!G2 -> 72.679745 | AE2: ='2026_Fantasy_Hitters'!H2 -> 25.691119 | AF2: ='2026_Fantasy_Hitters'!I2 -> 0.97219781 | AG2: ='2026_Fantasy_Hitters'!J2 -> 49.770753 | AH2: ='2026_Fantasy_Hitters'!K2 -> 105.16509 | AI2: ='2026_Fantasy_Hitters'!L2 -> 112 | AJ2: ='2026_Fantasy_Hitters'!M2 -> 110.0099 | ... AY2: ='2026_Fantasy_Hitters'!AB2 -> 0.1727 | AZ2: =AG2/$E2 -> 0.07813305
A3: Shohei Ohtani | B3: LAD | C3: Util | D3: 559 | E3: 659 | F3: =G3+H3+I3+J3+K3+L3+M3+N3+O3+P3 -> 23.40381 | G3: =(R3-R$221)/R$222 -> 3.4404982 | H3: =(S3-S$221)/S$222 -> 1.526141 | I3: =(T3-T$221)/T$222 -> 3.3926888 | J3: =(U3-U$221)/U$222 -> 2.5652733 | K3: =(V3-V$221)/V$222 -> 2.5716049 | L3: =(W3-W$221)/W$222 -> -0.26242722 | M3: =(X3-X$221)/X$222 -> 1.9396618 | N3: =(Y3-Y$221)/Y$222 -> 4.0139644 | ... P3: =(AA3-AA$221)/AA$222 -> 2.9401648 | R3: =(AH3-AVERAGE(AH$2:AH$220))/AVERAGE(AH$2:AH$220)*100+100 -> 181.33648 | S3: =(AC3-AVERAGE(AC$2:AC$220))/AVERAGE(AC$2:AC$220)*100+100 -> 131.07572 | T3: =(AG3-AVERAGE(AG$2:AG$220))/AVERAGE(AG$2:AG$220)*100+100 -> 250.07842 | U3: =(AI3-AVERAGE(AI$2:AI$220))/AVERAGE(AI$2:AI$220)*100+100 -> 166.00212 | V3: =(AJ3-AVERAGE(AJ$2:AJ$220))/AVERAGE(AJ$2:AJ$220)*100+100 -> 193.06927 | W3: =(AM3-AVERAGE(AM$2:AM$220))/AVERAGE(AM$2:AM$220)*100+100 -> 87.240671 | X3: =(AS3-AVERAGE(AS$2:AS$220))/AVERAGE(AS$2:AS$220)*100+100 -> 112.80147 | Y3: =(AU3-AVERAGE(AU$2:AU$220))/AVERAGE(AU$2:AU$220)*100+100 -> 144.13282 | Z3: =(AR3-AVERAGE(AR$2:AR$220))/AVERAGE(AR$2:AR$220)*100+100 -> 217.34934 | AA3: =(AZ3-AVERAGE(AZ$2:AZ$220))/AVERAGE(AZ$2:AZ$220)*100+100 -> 206.78535 | AC3: ='2026_Fantasy_Hitters'!F3 -> 158.44482 | AD3: ='2026_Fantasy_Hitters'!G3 -> 77.438557 | AE3: ='2026_Fantasy_Hitters'!H3 -> 30.034507 | AF3: ='2026_Fantasy_Hitters'!I3 -> 5.4178334 | AG3: ='2026_Fantasy_Hitters'!J3 -> 47.093445 | AH3: ='2026_Fantasy_Hitters'!K3 -> 121.55335 | AI3: ='2026_Fantasy_Hitters'!L3 -> 109 | AJ3: ='2026_Fantasy_Hitters'!M3 -> 90.6784 | ... AY3: ='2026_Fantasy_Hitters'!AB3 -> 0.1376 | AZ3: =AG3/$E3 -> 0.07146198
A4: Juan Soto | B4: NYM | C4: OF | D4: 542 | E4: 675 | F4: =G4+H4+I4+J4+K4+L4+M4+N4+O4+P4 -> 18.045828 | G4: =(R4-R$221)/R$222 -> 2.5421947 | H4: =(S4-S$221)/S$222 -> 1.0691799 | I4: =(T4-T$221)/T$222 -> 2.3132733 | J4: =(U4-U$221)/U$222 -> 1.9733536 | K4: =(V4-V$221)/V$222 -> 4.4047302 | L4: =(W4-W$221)/W$222 -> -0.62335036 | M4: =(X4-X$221)/X$222 -> 1.224398 | N4: =(Y4-Y$221)/Y$222 -> 2.3311208 | ... P4: =(AA4-AA$221)/AA$222 -> 1.7438833 | R4: =(AH4-AVERAGE(AH$2:AH$220))/AVERAGE(AH$2:AH$220)*100+100 -> 160.09977 | S4: =(AC4-AVERAGE(AC$2:AC$220))/AVERAGE(AC$2:AC$220)*100+100 -> 121.77095 | T4: =(AG4-AVERAGE(AG$2:AG$220))/AVERAGE(AG$2:AG$220)*100+100 -> 202.32957 | U4: =(AI4-AVERAGE(AI$2:AI$220))/AVERAGE(AI$2:AI$220)*100+100 -> 150.77257 | V4: =(AJ4-AVERAGE(AJ$2:AJ$220))/AVERAGE(AJ$2:AJ$220)*100+100 -> 259.41213 | W4: =(AM4-AVERAGE(AM$2:AM$220))/AVERAGE(AM$2:AM$220)*100+100 -> 69.692428 | X4: =(AS4-AVERAGE(AS$2:AS$220))/AVERAGE(AS$2:AS$220)*100+100 -> 108.08084 | Y4: =(AU4-AVERAGE(AU$2:AU$220))/AVERAGE(AU$2:AU$220)*100+100 -> 125.63025 | Z4: =(AR4-AVERAGE(AR$2:AR$220))/AVERAGE(AR$2:AR$220)*100+100 -> 198.11398 | AA4: =(AZ4-AVERAGE(AZ$2:AZ$220))/AVERAGE(AZ$2:AZ$220)*100+100 -> 163.33699 | AC4: ='2026_Fantasy_Hitters'!F5 -> 147.19717 | AD4: ='2026_Fantasy_Hitters'!G5 -> 82.257492 | AE4: ='2026_Fantasy_Hitters'!H5 -> 25.715702 | AF4: ='2026_Fantasy_Hitters'!I5 -> 1.0166264 | AG4: ='2026_Fantasy_Hitters'!J5 -> 38.101634 | AH4: ='2026_Fantasy_Hitters'!K5 -> 107.31798 | AI4: ='2026_Fantasy_Hitters'!L5 -> 99 | AJ4: ='2026_Fantasy_Hitters'!M5 -> 121.8375 | ... AY4: ='2026_Fantasy_Hitters'!AB5 -> 0.1805 | AZ4: =AG4/$E4 -> 0.056446866
A5: Bobby Witt Jr. | B5: KC | C5: SS | D5: 598 | E5: 660 | F5: =G5+H5+I5+J5+K5+L5+M5+N5+O5+P5 -> 15.584015 | G5: =(R5-R$221)/R$222 -> 2.3728351 | H5: =(S5-S$221)/S$222 -> 2.1740996 | I5: =(T5-T$221)/T$222 -> 1.4451712 | J5: =(U5-U$221)/U$222 -> 1.5590097 | K5: =(V5-V$221)/V$222 -> 0.071375656 | L5: =(W5-W$221)/W$222 -> 0.1351178 | M5: =(X5-X$221)/X$222 -> 2.433208 | N5: =(Y5-Y$221)/Y$222 -> 2.1418369 | ... P5: =(AA5-AA$221)/AA$222 -> 0.97314169 | R5: =(AH5-AVERAGE(AH$2:AH$220))/AVERAGE(AH$2:AH$220)*100+100 -> 156.09596 | S5: =(AC5-AVERAGE(AC$2:AC$220))/AVERAGE(AC$2:AC$220)*100+100 -> 144.26964 | T5: =(AG5-AVERAGE(AG$2:AG$220))/AVERAGE(AG$2:AG$220)*100+100 -> 163.92835 | U5: =(AI5-AVERAGE(AI$2:AI$220))/AVERAGE(AI$2:AI$220)*100+100 -> 140.11188 | V5: =(AJ5-AVERAGE(AJ$2:AJ$220))/AVERAGE(AJ$2:AJ$220)*100+100 -> 102.58317 | W5: =(AM5-AVERAGE(AM$2:AM$220))/AVERAGE(AM$2:AM$220)*100+100 -> 106.56949 | X5: =(AS5-AVERAGE(AS$2:AS$220))/AVERAGE(AS$2:AS$220)*100+100 -> 116.05879 | Y5: =(AU5-AVERAGE(AU$2:AU$220))/AVERAGE(AU$2:AU$220)*100+100 -> 123.54911 | Z5: =(AR5-AVERAGE(AR$2:AR$220))/AVERAGE(AR$2:AR$220)*100+100 -> 309.4806 | AA5: =(AZ5-AVERAGE(AZ$2:AZ$220))/AVERAGE(AZ$2:AZ$220)*100+100 -> 135.34403 | AC5: ='2026_Fantasy_Hitters'!F4 -> 174.39368 | AD5: ='2026_Fantasy_Hitters'!G4 -> 102.20537 | AE5: ='2026_Fantasy_Hitters'!H4 -> 35.439209 | AF5: ='2026_Fantasy_Hitters'!I4 -> 5.7236924 | AG5: ='2026_Fantasy_Hitters'!J4 -> 30.870121 | AH5: ='2026_Fantasy_Hitters'!K4 -> 104.63415 | AI5: ='2026_Fantasy_Hitters'!L4 -> 92 | AJ5: ='2026_Fantasy_Hitters'!M4 -> 48.18 | ... AY5: ='2026_Fantasy_Hitters'!AB4 -> 0.073 | AZ5: =AG5/$E5 -> 0.04677291
A6: Vladimir Guerrero Jr. | B6: TOR | C6: 1B | D6: 577 | E6: 663 | F6: =G6+H6+I6+J6+K6+L6+M6+N6+O6+P6 -> 14.409273 | G6: =(R6-R$221)/R$222 -> 1.8910929 | H6: =(S6-S$221)/S$222 -> 2.0691576 | I6: =(T6-T$221)/T$222 -> 1.5447934 | J6: =(U6-U$221)/U$222 -> 1.7365855 | K6: =(V6-V$221)/V$222 -> 1.5352473 | L6: =(W6-W$221)/W$222 -> 0.4092654 | M6: =(X6-X$221)/X$222 -> 2.8032777 | N6: =(Y6-Y$221)/Y$222 -> 2.0152999 | ... P6: =(AA6-AA$221)/AA$222 -> 1.0560052 | R6: =(AH6-AVERAGE(AH$2:AH$220))/AVERAGE(AH$2:AH$220)*100+100 -> 144.70714 | S6: =(AC6-AVERAGE(AC$2:AC$220))/AVERAGE(AC$2:AC$220)*100+100 -> 142.13278 | T6: =(AG6-AVERAGE(AG$2:AG$220))/AVERAGE(AG$2:AG$220)*100+100 -> 168.33522 | U6: =(AI6-AVERAGE(AI$2:AI$220))/AVERAGE(AI$2:AI$220)*100+100 -> 144.68074 | V6: =(AJ6-AVERAGE(AJ$2:AJ$220))/AVERAGE(AJ$2:AJ$220)*100+100 -> 155.56232 | W6: =(AM6-AVERAGE(AM$2:AM$220))/AVERAGE(AM$2:AM$220)*100+100 -> 119.89867 | X6: =(AS6-AVERAGE(AS$2:AS$220))/AVERAGE(AS$2:AS$220)*100+100 -> 118.5012 | Y6: =(AU6-AVERAGE(AU$2:AU$220))/AVERAGE(AU$2:AU$220)*100+100 -> 122.15786 | Z6: =(AR6-AVERAGE(AR$2:AR$220))/AVERAGE(AR$2:AR$220)*100+100 -> 40.099484 | AA6: =(AZ6-AVERAGE(AZ$2:AZ$220))/AVERAGE(AZ$2:AZ$220)*100+100 -> 138.35359 | AC6: ='2026_Fantasy_Hitters'!F16 -> 171.81063 | AD6: ='2026_Fantasy_Hitters'!G16 -> 109.15712 | AE6: ='2026_Fantasy_Hitters'!H16 -> 31.052889 | AF6: ='2026_Fantasy_Hitters'!I16 -> 0.41539021 | AG6: ='2026_Fantasy_Hitters'!J16 -> 31.699999 | AH6: ='2026_Fantasy_Hitters'!K16 -> 97 | AI6: ='2026_Fantasy_Hitters'!L16 -> 94.999997 | AJ6: ='2026_Fantasy_Hitters'!M16 -> 73.0626 | ... AY6: ='2026_Fantasy_Hitters'!AB16 -> 0.1102 | AZ6: =AG6/$E6 -> 0.04781297
A7: Ronald Acuna Jr. | B7: ATL | C7: OF | D7: 533 | E7: 629 | F7: =G7+H7+I7+J7+K7+L7+M7+N7+O7+P7 -> 14.083324 | G7: =(R7-R$221)/R$222 -> 2.204889 | H7: =(S7-S$221)/S$222 -> 1.2006634 | I7: =(T7-T$221)/T$222 -> 1.2388442 | J7: =(U7-U$221)/U$222 -> 0.7303219 | K7: =(V7-V$221)/V$222 -> 2.1400255 | L7: =(W7-W$221)/W$222 -> 0.79144092 | M7: =(X7-X$221)/X$222 -> 1.8670555 | N7: =(Y7-Y$221)/Y$222 -> 1.581506 | ... P7: =(AA7-AA$221)/AA$222 -> 0.93909474 | R7: =(AH7-AVERAGE(AH$2:AH$220))/AVERAGE(AH$2:AH$220)*100+100 -> 152.12556 | S7: =(AC7-AVERAGE(AC$2:AC$220))/AVERAGE(AC$2:AC$220)*100+100 -> 124.44825 | T7: =(AG7-AVERAGE(AG$2:AG$220))/AVERAGE(AG$2:AG$220)*100+100 -> 154.80131 | U7: =(AI7-AVERAGE(AI$2:AI$220))/AVERAGE(AI$2:AI$220)*100+100 -> 118.79051 | V7: =(AJ7-AVERAGE(AJ$2:AJ$220))/AVERAGE(AJ$2:AJ$220)*100+100 -> 177.44993 | W7: =(AM7-AVERAGE(AM$2:AM$220))/AVERAGE(AM$2:AM$220)*100+100 -> 138.48021 | X7: =(AS7-AVERAGE(AS$2:AS$220))/AVERAGE(AS$2:AS$220)*100+100 -> 112.32228 | Y7: =(AU7-AVERAGE(AU$2:AU$220))/AVERAGE(AU$2:AU$220)*100+100 -> 117.38837 | Z7: =(AR7-AVERAGE(AR$2:AR$220))/AVERAGE(AR$2:AR$220)*100+100 -> 227.76195 | AA7: =(AZ7-AVERAGE(AZ$2:AZ$220))/AVERAGE(AZ$2:AZ$220)*100+100 -> 134.10746 | AC7: ='2026_Fantasy_Hitters'!F8 -> 150.43351 | AD7: ='2026_Fantasy_Hitters'!G8 -> 93.634355 | AE7: ='2026_Fantasy_Hitters'!H8 -> 24.765241 | AF7: ='2026_Fantasy_Hitters'!I8 -> 1.9731801 | AG7: ='2026_Fantasy_Hitters'!J8 -> 29.151364 | AH7: ='2026_Fantasy_Hitters'!K8 -> 101.97271 | AI7: ='2026_Fantasy_Hitters'!L8 -> 78 | AJ7: ='2026_Fantasy_Hitters'!M8 -> 83.3425 | ... AY7: ='2026_Fantasy_Hitters'!AB8 -> 0.1325 | AZ7: =AG7/$E7 -> 0.04634557
A8: 3 Yordan Alvarez | B8: HOU | C8: OF | D8: 469 | E8: 553 | F8: =G8+H8+I8+J8+K8+L8+M8+N8+O8+P8 -> 13.328847 | G8: =(R8-R$221)/R$222 -> 1.0108785 | H8: =(S8-S$221)/S$222 -> 0.6519946 | I8: =(T8-T$221)/T$222 -> 1.6985426 | J8: =(U8-U$221)/U$222 -> 1.0854738 | K8: =(V8-V$221)/V$222 -> 1.3133539 | L8: =(W8-W$221)/W$222 -> 0.79964952 | M8: =(X8-X$221)/X$222 -> 2.4531286 | N8: =(Y8-Y$221)/Y$222 -> 3.0660537 | ... P8: =(AA8-AA$221)/AA$222 -> 1.9982644 | R8: =(AH8-AVERAGE(AH$2:AH$220))/AVERAGE(AH$2:AH$220)*100+100 -> 123.89808 | S8: =(AC8-AVERAGE(AC$2:AC$220))/AVERAGE(AC$2:AC$220)*100+100 -> 113.2761 | T8: =(AG8-AVERAGE(AG$2:AG$220))/AVERAGE(AG$2:AG$220)*100+100 -> 175.13645 | U8: =(AI8-AVERAGE(AI$2:AI$220))/AVERAGE(AI$2:AI$220)*100+100 -> 127.92824 | V8: =(AJ8-AVERAGE(AJ$2:AJ$220))/AVERAGE(AJ$2:AJ$220)*100+100 -> 147.53175 | W8: =(AM8-AVERAGE(AM$2:AM$220))/AVERAGE(AM$2:AM$220)*100+100 -> 138.87932 | X8: =(AS8-AVERAGE(AS$2:AS$220))/AVERAGE(AS$2:AS$220)*100+100 -> 116.19027 | Y8: =(AU8-AVERAGE(AU$2:AU$220))/AVERAGE(AU$2:AU$220)*100+100 -> 133.71071 | Z8: =(AR8-AVERAGE(AR$2:AR$220))/AVERAGE(AR$2:AR$220)*100+100 -> 31.176596 | AA8: =(AZ8-AVERAGE(AZ$2:AZ$220))/AVERAGE(AZ$2:AZ$220)*100+100 -> 172.57599 | AC8: ='2026_Fantasy_Hitters'!F27 -> 136.92857 | AD8: ='2026_Fantasy_Hitters'!G27 -> 76.517134 | AE8: ='2026_Fantasy_Hitters'!H27 -> 27.133434 | AF8: ='2026_Fantasy_Hitters'!I27 -> 1.1956991 | AG8: ='2026_Fantasy_Hitters'!J27 -> 32.980769 | AH8: ='2026_Fantasy_Hitters'!K27 -> 83.051282 | AI8: ='2026_Fantasy_Hitters'!L27 -> 84 | AJ8: ='2026_Fantasy_Hitters'!M27 -> 69.2909 | ... AY8: ='2026_Fantasy_Hitters'!AB27 -> 0.1253 | AZ8: =AG8/$E8 -> 0.059639727
A9: Pete Alonso | B9: BAL | C9: 1B | D9: 575 | E9: 655 | F9: =G9+H9+I9+J9+K9+L9+M9+N9+O9+P9 -> 12.719293 | G9: =(R9-R$221)/R$222 -> 1.3022877 | H9: =(S9-S$221)/S$222 -> 0.99273608 | I9: =(T9-T$221)/T$222 -> 2.1997735 | J9: =(U9-U$221)/U$222 -> 2.2101215 | K9: =(V9-V$221)/V$222 -> 0.86297803 | L9: =(W9-W$221)/W$222 -> 2.6215294 | M9: =(X9-X$221)/X$222 -> 0.087222391 | N9: =(Y9-Y$221)/Y$222 -> 1.5976532 | ... P9: =(AA9-AA$221)/AA$222 -> 1.7661981 | R9: =(AH9-AVERAGE(AH$2:AH$220))/AVERAGE(AH$2:AH$220)*100+100 -> 130.78726 | S9: =(AC9-AVERAGE(AC$2:AC$220))/AVERAGE(AC$2:AC$220)*100+100 -> 120.21438 | T9: =(AG9-AVERAGE(AG$2:AG$220))/AVERAGE(AG$2:AG$220)*100+100 -> 197.30881 | U9: =(AI9-AVERAGE(AI$2:AI$220))/AVERAGE(AI$2:AI$220)*100+100 -> 156.86439 | V9: =(AJ9-AVERAGE(AJ$2:AJ$220))/AVERAGE(AJ$2:AJ$220)*100+100 -> 131.23214 | W9: =(AM9-AVERAGE(AM$2:AM$220))/AVERAGE(AM$2:AM$220)*100+100 -> 227.45993 | X9: =(AS9-AVERAGE(AS$2:AS$220))/AVERAGE(AS$2:AS$220)*100+100 -> 100.57565 | Y9: =(AU9-AVERAGE(AU$2:AU$220))/AVERAGE(AU$2:AU$220)*100+100 -> 117.56591 | Z9: =(AR9-AVERAGE(AR$2:AR$220))/AVERAGE(AR$2:AR$220)*100+100 -> 15.29568 | AA9: =(AZ9-AVERAGE(AZ$2:AZ$220))/AVERAGE(AZ$2:AZ$220)*100+100 -> 164.14745 | AC9: ='2026_Fantasy_Hitters'!F19 -> 145.31559 | AD9: ='2026_Fantasy_Hitters'!G19 -> 81.292759 | AE9: ='2026_Fantasy_Hitters'!H19 -> 26.843273 | AF9: ='2026_Fantasy_Hitters'!I19 -> 1.1518537 | AG9: ='2026_Fantasy_Hitters'!J19 -> 37.156152 | AH9: ='2026_Fantasy_Hitters'!K19 -> 87.669231 | AI9: ='2026_Fantasy_Hitters'!L19 -> 103 | AJ9: ='2026_Fantasy_Hitters'!M19 -> 61.6355 | ... AY9: ='2026_Fantasy_Hitters'!AB19 -> 0.0941 | AZ9: =AG9/$E9 -> 0.05672695
A10: 1 Julio Rodriguez | B10: SEA | C10: OF | D10: 599 | E10: 659 | F10: =G10+H10+I10+J10+K10+L10+M10+N10+O10+P10 -> 12.10065 | G10: =(R10-R$221)/R$222 -> 1.8107178 | H10: =(S10-S$221)/S$222 -> 1.740477 | I10: =(T10-T$221)/T$222 -> 1.1357621 | J10: =(U10-U$221)/U$222 -> 1.4998177 | K10: =(V10-V$221)/V$222 -> 0.028311263 | L10: =(W10-W$221)/W$222 -> 1.1819241 | M10: =(X10-X$221)/X$222 -> 1.3294106 | N10: =(Y10-Y$221)/Y$222 -> 0.91179054 | ... P10: =(AA10-AA$221)/AA$222 -> 0.66718678 | R10: =(AH10-AVERAGE(AH$2:AH$220))/AVERAGE(AH$2:AH$220)*100+100 -> 142.807 | S10: =(AC10-AVERAGE(AC$2:AC$220))/AVERAGE(AC$2:AC$220)*100+100 -> 135.44009 | T10: =(AG10-AVERAGE(AG$2:AG$220))/AVERAGE(AG$2:AG$220)*100+100 -> 150.24138 | U10: =(AI10-AVERAGE(AI$2:AI$220))/AVERAGE(AI$2:AI$220)*100+100 -> 138.58893 | V10: =(AJ10-AVERAGE(AJ$2:AJ$220))/AVERAGE(AJ$2:AJ$220)*100+100 -> 101.02462 | W10: =(AM10-AVERAGE(AM$2:AM$220))/AVERAGE(AM$2:AM$220)*100+100 -> 157.46567 | X10: =(AS10-AVERAGE(AS$2:AS$220))/AVERAGE(AS$2:AS$220)*100+100 -> 108.7739 | Y10: =(AU10-AVERAGE(AU$2:AU$220))/AVERAGE(AU$2:AU$220)*100+100 -> 110.02497 | Z10: =(AR10-AVERAGE(AR$2:AR$220))/AVERAGE(AR$2:AR$220)*100+100 -> 265.07215 | AA10: =(AZ10-AVERAGE(AZ$2:AZ$220))/AVERAGE(AZ$2:AZ$220)*100+100 -> 124.2319 | AC10: ='2026_Fantasy_Hitters'!F9 -> 163.72049 | AD10: ='2026_Fantasy_Hitters'!G9 -> 104.06217 | AE10: ='2026_Fantasy_Hitters'!H9 -> 26.835561 | AF10: ='2026_Fantasy_Hitters'!I9 -> 2.9853303 | AG10: ='2026_Fantasy_Hitters'!J9 -> 28.292662 | AH10: ='2026_Fantasy_Hitters'!K9 -> 95.7263 | AI10: ='2026_Fantasy_Hitters'!L9 -> 91 | AJ10: ='2026_Fantasy_Hitters'!M9 -> 47.448 | ... AY10: ='2026_Fantasy_Hitters'!AB9 -> 0.072 | AZ10: =AG10/$E10 -> 0.04293272
A11: Kyle Schwarber | B11: PHI | C11: OF | D11: 549 | E11: 657 | F11: =G11+H11+I11+J11+K11+L11+M11+N11+O11+P11 -> 11.944103 | G11: =(R11-R$221)/R$222 -> 1.7472709 | H11: =(S11-S$221)/S$222 -> 0.18891883 | I11: =(T11-T$221)/T$222 -> 2.5983113 | J11: =(U11-U$221)/U$222 -> 2.3285055 | K11: =(V11-V$221)/V$222 -> 2.9844524 | L11: =(W11-W$221)/W$222 -> 0.46227138 | M11: =(X11-X$221)/X$222 -> -1.3641838 | N11: =(Y11-Y$221)/Y$222 -> 1.3970053 | ... P11: =(AA11-AA$221)/AA$222 -> 2.1550341 | R11: =(AH11-AVERAGE(AH$2:AH$220))/AVERAGE(AH$2:AH$220)*100+100 -> 141.30706 | S11: =(AC11-AVERAGE(AC$2:AC$220))/AVERAGE(AC$2:AC$220)*100+100 -> 103.84682 | T11: =(AG11-AVERAGE(AG$2:AG$220))/AVERAGE(AG$2:AG$220)*100+100 -> 214.93846 | U11: =(AI11-AVERAGE(AI$2:AI$220))/AVERAGE(AI$2:AI$220)*100+100 -> 159.9103 | V11: =(AJ11-AVERAGE(AJ$2:AJ$220))/AVERAGE(AJ$2:AJ$220)*100+100 -> 208.01068 | W11: =(AM11-AVERAGE(AM$2:AM$220))/AVERAGE(AM$2:AM$220)*100+100 -> 122.47584 | X11: =(AS11-AVERAGE(AS$2:AS$220))/AVERAGE(AS$2:AS$220)*100+100 -> 90.996599 | Y11: =(AU11-AVERAGE(AU$2:AU$220))/AVERAGE(AU$2:AU$220)*100+100 -> 115.35982 | Z11: =(AR11-AVERAGE(AR$2:AR$220))/AVERAGE(AR$2:AR$220)*100+100 -> 49.107688 | AA11: =(AZ11-AVERAGE(AZ$2:AZ$220))/AVERAGE(AZ$2:AZ$220)*100+100 -> 178.26978 | AC11: ='2026_Fantasy_Hitters'!F15 -> 125.53042 | AD11: ='2026_Fantasy_Hitters'!G15 -> 62.681665 | AE11: ='2026_Fantasy_Hitters'!H15 -> 20.639573 | AF11: ='2026_Fantasy_Hitters'!I15 -> 1.0237572 | AG11: ='2026_Fantasy_Hitters'!J15 -> 40.476075 | AH11: ='2026_Fantasy_Hitters'!K15 -> 94.720859 | AI11: ='2026_Fantasy_Hitters'!L15 -> 105 | AJ11: ='2026_Fantasy_Hitters'!M15 -> 97.6959 | ... AY11: ='2026_Fantasy_Hitters'!AB15 -> 0.1487 | AZ11: =AG11/$E11 -> 0.06160742
A12: 1 Fernando Tatis Jr. | B12: SD | C12: OF | D12: 565 | E12: 646 | F12: =G12+H12+I12+J12+K12+L12+M12+N12+O12+P12 -> 11.799253 | G12: =(R12-R$221)/R$222 -> 1.973402 | H12: =(S12-S$221)/S$222 -> 1.348878 | I12: =(T12-T$221)/T$222 -> 1.2184001 | J12: =(U12-U$221)/U$222 -> 0.90789785 | K12: =(V12-V$221)/V$222 -> 1.3262203 | L12: =(W12-W$221)/W$222 -> 0.093605987 | M12: =(X12-X$221)/X$222 -> 1.2925011 | N12: =(Y12-Y$221)/Y$222 -> 1.1943728 | ... P12: =(AA12-AA$221)/AA$222 -> 0.82092151 | R12: =(AH12-AVERAGE(AH$2:AH$220))/AVERAGE(AH$2:AH$220)*100+100 -> 146.653 | S12: =(AC12-AVERAGE(AC$2:AC$220))/AVERAGE(AC$2:AC$220)*100+100 -> 127.46624 | T12: =(AG12-AVERAGE(AG$2:AG$220))/AVERAGE(AG$2:AG$220)*100+100 -> 153.89694 | U12: =(AI12-AVERAGE(AI$2:AI$220))/AVERAGE(AI$2:AI$220)*100+100 -> 123.35938 | V12: =(AJ12-AVERAGE(AJ$2:AJ$220))/AVERAGE(AJ$2:AJ$220)*100+100 -> 147.9974 | W12: =(AM12-AVERAGE(AM$2:AM$220))/AVERAGE(AM$2:AM$220)*100+100 -> 104.55116 | X12: =(AS12-AVERAGE(AS$2:AS$220))/AVERAGE(AS$2:AS$220)*100+100 -> 108.53031 | Y12: =(AU12-AVERAGE(AU$2:AU$220))/AVERAGE(AU$2:AU$220)*100+100 -> 113.13191 | Z12: =(AR12-AVERAGE(AR$2:AR$220))/AVERAGE(AR$2:AR$220)*100+100 -> 249.23857 | AA12: =(AZ12-AVERAGE(AZ$2:AZ$220))/AVERAGE(AZ$2:AZ$220)*100+100 -> 129.81547 | AC12: ='2026_Fantasy_Hitters'!F17 -> 154.08167 | AD12: ='2026_Fantasy_Hitters'!G17 -> 93.825456 | AE12: ='2026_Fantasy_Hitters'!H17 -> 27.491867 | AF12: ='2026_Fantasy_Hitters'!I17 -> 2.2318524 | AG12: ='2026_Fantasy_Hitters'!J17 -> 28.981059 | AH12: ='2026_Fantasy_Hitters'!K17 -> 98.304348 | AI12: ='2026_Fantasy_Hitters'!L17 -> 81 | AJ12: ='2026_Fantasy_Hitters'!M17 -> 69.5096 | ... AY12: ='2026_Fantasy_Hitters'!AB17 -> 0.1076 | AZ12: =AG12/$E12 -> 0.04486232
A13: Brent Rooker | B13: ATH | C13: OF | D13: 569 | E13: 640 | F13: =G13+H13+I13+J13+K13+L13+M13+N13+O13+P13 -> 11.46869 | G13: =(R13-R$221)/R$222 -> 1.4304863 | H13: =(S13-S$221)/S$222 -> 1.2312912 | I13: =(T13-T$221)/T$222 -> 1.8378153 | J13: =(U13-U$221)/U$222 -> 1.7957776 | K13: =(V13-V$221)/V$222 -> 0.74981634 | L13: =(W13-W$221)/W$222 -> 0.75118092 | M13: =(X13-X$221)/X$222 -> 0.87017827 | N13: =(Y13-Y$221)/Y$222 -> 1.8252611 | ... P13: =(AA13-AA$221)/AA$222 -> 1.4967704 | R13: =(AH13-AVERAGE(AH$2:AH$220))/AVERAGE(AH$2:AH$220)*100+100 -> 133.81798 | S13: =(AC13-AVERAGE(AC$2:AC$220))/AVERAGE(AC$2:AC$220)*100+100 -> 125.0719 | T13: =(AG13-AVERAGE(AG$2:AG$220))/AVERAGE(AG$2:AG$220)*100+100 -> 181.29729 | U13: =(AI13-AVERAGE(AI$2:AI$220))/AVERAGE(AI$2:AI$220)*100+100 -> 146.2037 | V13: =(AJ13-AVERAGE(AJ$2:AJ$220))/AVERAGE(AJ$2:AJ$220)*100+100 -> 127.13669 | W13: =(AM13-AVERAGE(AM$2:AM$220))/AVERAGE(AM$2:AM$220)*100+100 -> 136.52275 | X13: =(AS13-AVERAGE(AS$2:AS$220))/AVERAGE(AS$2:AS$220)*100+100 -> 105.74304 | Y13: =(AU13-AVERAGE(AU$2:AU$220))/AVERAGE(AU$2:AU$220)*100+100 -> 120.06842 | Z13: =(AR13-AVERAGE(AR$2:AR$220))/AVERAGE(AR$2:AR$220)*100+100 -> 52.196771 | AA13: =(AZ13-AVERAGE(AZ$2:AZ$220))/AVERAGE(AZ$2:AZ$220)*100+100 -> 154.36197 | AC13: ='2026_Fantasy_Hitters'!F30 -> 151.18738 | AD13: ='2026_Fantasy_Hitters'!G30 -> 83.941493 | AE13: ='2026_Fantasy_Hitters'!H30 -> 31.96958 | AF13: ='2026_Fantasy_Hitters'!I30 -> 1.8887397 | AG13: ='2026_Fantasy_Hitters'!J30 -> 34.140947 | AH13: ='2026_Fantasy_Hitters'!K30 -> 89.700787 | AI13: ='2026_Fantasy_Hitters'!L30 -> 96 | AJ13: ='2026_Fantasy_Hitters'!M30 -> 59.712 | ... AY13: ='2026_Fantasy_Hitters'!AB30 -> 0.0933 | AZ13: =AG13/$E13 -> 0.05334523
A14: Kyle Tucker | B14: LAD | C14: OF | D14: 528 | E14: 620 | F14: =G14+H14+I14+J14+K14+L14+M14+N14+O14+P14 -> 11.219926 | G14: =(R14-R$221)/R$222 -> 1.8234672 | H14: =(S14-S$221)/S$222 -> 0.83974995 | I14: =(T14-T$221)/T$222 -> 1.1541995 | J14: =(U14-U$221)/U$222 -> 1.3222417 | K14: =(V14-V$221)/V$222 -> 2.0443367 | L14: =(W14-W$221)/W$222 -> -0.65034223 | M14: =(X14-X$221)/X$222 -> 1.0136863 | N14: =(Y14-Y$221)/Y$222 -> 1.385387 | ... P14: =(AA14-AA$221)/AA$222 -> 0.90208558 | R14: =(AH14-AVERAGE(AH$2:AH$220))/AVERAGE(AH$2:AH$220)*100+100 -> 143.10841 | S14: =(AC14-AVERAGE(AC$2:AC$220))/AVERAGE(AC$2:AC$220)*100+100 -> 117.09923 | T14: =(AG14-AVERAGE(AG$2:AG$220))/AVERAGE(AG$2:AG$220)*100+100 -> 151.05698 | U14: =(AI14-AVERAGE(AI$2:AI$220))/AVERAGE(AI$2:AI$220)*100+100 -> 134.02006 | V14: =(AJ14-AVERAGE(AJ$2:AJ$220))/AVERAGE(AJ$2:AJ$220)*100+100 -> 173.98684 | W14: =(AM14-AVERAGE(AM$2:AM$220))/AVERAGE(AM$2:AM$220)*100+100 -> 68.380071 | X14: =(AS14-AVERAGE(AS$2:AS$220))/AVERAGE(AS$2:AS$220)*100+100 -> 106.69017 | Y14: =(AU14-AVERAGE(AU$2:AU$220))/AVERAGE(AU$2:AU$220)*100+100 -> 115.23208 | Z14: =(AR14-AVERAGE(AR$2:AR$220))/AVERAGE(AR$2:AR$220)*100+100 -> 227.36025 | AA14: =(AZ14-AVERAGE(AZ$2:AZ$220))/AVERAGE(AZ$2:AZ$220)*100+100 -> 132.76331 | AC14: ='2026_Fantasy_Hitters'!F10 -> 141.54999 | AD14: ='2026_Fantasy_Hitters'!G10 -> 82.185199 | AE14: ='2026_Fantasy_Hitters'!H10 -> 28.088262 | AF14: ='2026_Fantasy_Hitters'!I10 -> 2.0720206 | AG14: ='2026_Fantasy_Hitters'!J10 -> 28.446251 | AH14: ='2026_Fantasy_Hitters'!K10 -> 95.928339 | AI14: ='2026_Fantasy_Hitters'!L10 -> 88 | AJ14: ='2026_Fantasy_Hitters'!M10 -> 81.716 | ... AY14: ='2026_Fantasy_Hitters'!AB10 -> 0.1318 | AZ14: =AG14/$E14 -> 0.04588105
A15: Corbin Carroll | B15: AZ | C15: OF | D15: 525 | E15: 604 | F15: =G15+H15+I15+J15+K15+L15+M15+N15+O15+P15 -> 10.800167 | G15: =(R15-R$221)/R$222 -> 1.8308859 | H15: =(S15-S$221)/S$222 -> 0.62373436 | I15: =(T15-T$221)/T$222 -> 0.83291115 | J15: =(U15-U$221)/U$222 -> 0.67112991 | K15: =(V15-V$221)/V$222 -> 0.94308839 | L15: =(W15-W$221)/W$222 -> 0.777087 | M15: =(X15-X$221)/X$222 -> 0.49536802 | N15: =(Y15-Y$221)/Y$222 -> 1.646712 | ... P15: =(AA15-AA$221)/AA$222 -> 0.64588026 | R15: =(AH15-AVERAGE(AH$2:AH$220))/AVERAGE(AH$2:AH$220)*100+100 -> 143.28379 | S15: =(AC15-AVERAGE(AC$2:AC$220))/AVERAGE(AC$2:AC$220)*100+100 -> 112.70066 | T15: =(AG15-AVERAGE(AG$2:AG$220))/AVERAGE(AG$2:AG$220)*100+100 -> 136.84452 | U15: =(AI15-AVERAGE(AI$2:AI$220))/AVERAGE(AI$2:AI$220)*100+100 -> 117.26755 | V15: =(AJ15-AVERAGE(AJ$2:AJ$220))/AVERAGE(AJ$2:AJ$220)*100+100 -> 134.13143 | W15: =(AM15-AVERAGE(AM$2:AM$220))/AVERAGE(AM$2:AM$220)*100+100 -> 137.78232 | X15: =(AS15-AVERAGE(AS$2:AS$220))/AVERAGE(AS$2:AS$220)*100+100 -> 103.26935 | Y15: =(AU15-AVERAGE(AU$2:AU$220))/AVERAGE(AU$2:AU$220)*100+100 -> 118.1053 | Z15: =(AR15-AVERAGE(AR$2:AR$220))/AVERAGE(AR$2:AR$220)*100+100 -> 314.55172 | AA15: =(AZ15-AVERAGE(AZ$2:AZ$220))/AVERAGE(AZ$2:AZ$220)*100+100 -> 123.45806 | AC15: ='2026_Fantasy_Hitters'!F12 -> 136.23298 | AD15: ='2026_Fantasy_Hitters'!G12 -> 73.97221 | AE15: ='2026_Fantasy_Hitters'!H12 -> 28.292155 | AF15: ='2026_Fantasy_Hitters'!I12 -> 9.8881412 | AG15: ='2026_Fantasy_Hitters'!J12 -> 25.769836 | AH15: ='2026_Fantasy_Hitters'!K12 -> 96.045902 | AI15: ='2026_Fantasy_Hitters'!L12 -> 77 | AJ15: ='2026_Fantasy_Hitters'!M12 -> 62.9972 | ... AY15: ='2026_Fantasy_Hitters'!AB12 -> 0.1043 | AZ15: =AG15/$E15 -> 0.042665291
A16: Jose Ramirez | B16: CLE | C16: 3B | D16: 575 | E16: 649 | F16: =G16+H16+I16+J16+K16+L16+M16+N16+O16+P16 -> 10.604638 | G16: =(R16-R$221)/R$222 -> 1.5023629 | H16: =(S16-S$221)/S$222 -> 1.3976296 | I16: =(T16-T$221)/T$222 -> 0.91076152 | J16: =(U16-U$221)/U$222 -> 1.3814337 | K16: =(V16-V$221)/V$222 -> 0.92521549 | L16: =(W16-W$221)/W$222 -> -0.61516894 | M16: =(X16-X$221)/X$222 -> 1.1323519 | N16: =(Y16-Y$221)/Y$222 -> 1.0249214 | ... P16: =(AA16-AA$221)/AA$222 -> 0.48979907 | R16: =(AH16-AVERAGE(AH$2:AH$220))/AVERAGE(AH$2:AH$220)*100+100 -> 135.51721 | S16: =(AC16-AVERAGE(AC$2:AC$220))/AVERAGE(AC$2:AC$220)*100+100 -> 128.45893 | T16: =(AG16-AVERAGE(AG$2:AG$220))/AVERAGE(AG$2:AG$220)*100+100 -> 140.28829 | U16: =(AI16-AVERAGE(AI$2:AI$220))/AVERAGE(AI$2:AI$220)*100+100 -> 135.54302 | V16: =(AJ16-AVERAGE(AJ$2:AJ$220))/AVERAGE(AJ$2:AJ$220)*100+100 -> 133.48459 | W16: =(AM16-AVERAGE(AM$2:AM$220))/AVERAGE(AM$2:AM$220)*100+100 -> 70.090212 | X16: =(AS16-AVERAGE(AS$2:AS$220))/AVERAGE(AS$2:AS$220)*100+100 -> 107.47335 | Y16: =(AU16-AVERAGE(AU$2:AU$220))/AVERAGE(AU$2:AU$220)*100+100 -> 111.26883 | Z16: =(AR16-AVERAGE(AR$2:AR$220))/AVERAGE(AR$2:AR$220)*100+100 -> 325.76591 | AA16: =(AZ16-AVERAGE(AZ$2:AZ$220))/AVERAGE(AZ$2:AZ$220)*100+100 -> 117.78926 | AC16: ='2026_Fantasy_Hitters'!F6 -> 155.28164 | AD16: ='2026_Fantasy_Hitters'!G6 -> 94.374098 | AE16: ='2026_Fantasy_Hitters'!H6 -> 31.648065 | AF16: ='2026_Fantasy_Hitters'!I6 -> 2.7801085 | AG16: ='2026_Fantasy_Hitters'!J6 -> 26.41835 | AH16: ='2026_Fantasy_Hitters'!K6 -> 90.839813 | AI16: ='2026_Fantasy_Hitters'!L6 -> 89 | AJ16: ='2026_Fantasy_Hitters'!M6 -> 62.6934 | ... AY16: ='2026_Fantasy_Hitters'!AB6 -> 0.0966 | AZ16: =AG16/$E16 -> 0.04070624
A17: Junior Caminero | B17: TB | C17: 3B | D17: 579 | E17: 631 | F17: =G17+H17+I17+J17+K17+L17+M17+N17+O17+P17 -> 10.255538 | G17: =(R17-R$221)/R$222 -> 0.922261 | H17: =(S17-S$221)/S$222 -> 1.4432552 | I17: =(T17-T$221)/T$222 -> 2.0920499 | J17: =(U17-U$221)/U$222 -> 2.2101215 | K17: =(V17-V$221)/V$222 -> -0.31673924 | L17: =(W17-W$221)/W$222 -> -0.29267613 | M17: =(X17-X$221)/X$222 -> 1.1368101 | N17: =(Y17-Y$221)/Y$222 -> 1.834216 | ... P17: =(AA17-AA$221)/AA$222 -> 1.8247944 | R17: =(AH17-AVERAGE(AH$2:AH$220))/AVERAGE(AH$2:AH$220)*100+100 -> 121.80308 | S17: =(AC17-AVERAGE(AC$2:AC$220))/AVERAGE(AC$2:AC$220)*100+100 -> 129.38797 | T17: =(AG17-AVERAGE(AG$2:AG$220))/AVERAGE(AG$2:AG$220)*100+100 -> 192.54357 | U17: =(AI17-AVERAGE(AI$2:AI$220))/AVERAGE(AI$2:AI$220)*100+100 -> 156.86439 | V17: =(AJ17-AVERAGE(AJ$2:AJ$220))/AVERAGE(AJ$2:AJ$220)*100+100 -> 88.536851 | W17: =(AM17-AVERAGE(AM$2:AM$220))/AVERAGE(AM$2:AM$220)*100+100 -> 85.769956 | X17: =(AS17-AVERAGE(AS$2:AS$220))/AVERAGE(AS$2:AS$220)*100+100 -> 107.50277 | Y17: =(AU17-AVERAGE(AU$2:AU$220))/AVERAGE(AU$2:AU$220)*100+100 -> 120.16688 | Z17: =(AR17-AVERAGE(AR$2:AR$220))/AVERAGE(AR$2:AR$220)*100+100 -> 44.963281 | AA17: =(AZ17-AVERAGE(AZ$2:AZ$220))/AVERAGE(AZ$2:AZ$220)*100+100 -> 166.27564 | AC17: ='2026_Fantasy_Hitters'!F13 -> 156.40467 | AD17: ='2026_Fantasy_Hitters'!G13 -> 92.608172 | AE17: ='2026_Fantasy_Hitters'!H13 -> 27.320608 | AF17: ='2026_Fantasy_Hitters'!I13 -> 1.0556017 | AG17: ='2026_Fantasy_Hitters'!J13 -> 36.258787 | AH17: ='2026_Fantasy_Hitters'!K13 -> 81.646965 | AI17: ='2026_Fantasy_Hitters'!L13 -> 103 | AJ17: ='2026_Fantasy_Hitters'!M13 -> 41.5829 | ... AY17: ='2026_Fantasy_Hitters'!AB13 -> 0.0659 | AZ17: =AG17/$E17 -> 0.05746242
A18: Gunnar Henderson | B18: BAL | C18: SS | D18: 579 | E18: 657 | F18: =G18+H18+I18+J18+K18+L18+M18+N18+O18+P18 -> 9.9496266 | G18: =(R18-R$221)/R$222 -> 1.656598 | H18: =(S18-S$221)/S$222 -> 1.4251767 | I18: =(T18-T$221)/T$222 -> 0.76074847 | J18: =(U18-U$221)/U$222 -> 1.0262818 | K18: =(V18-V$221)/V$222 -> 1.098232 | L18: =(W18-W$221)/W$222 -> 0.093505095 | M18: =(X18-X$221)/X$222 -> 1.0904674 | N18: =(Y18-Y$221)/Y$222 -> 1.0549049 | ... P18: =(AA18-AA$221)/AA$222 -> 0.29876892 | R18: =(AH18-AVERAGE(AH$2:AH$220))/AVERAGE(AH$2:AH$220)*100+100 -> 139.16347 | S18: =(AC18-AVERAGE(AC$2:AC$220))/AVERAGE(AC$2:AC$220)*100+100 -> 129.01985 | T18: =(AG18-AVERAGE(AG$2:AG$220))/AVERAGE(AG$2:AG$220)*100+100 -> 133.65234 | U18: =(AI18-AVERAGE(AI$2:AI$220))/AVERAGE(AI$2:AI$220)*100+100 -> 126.40529 | V18: =(AJ18-AVERAGE(AJ$2:AJ$220))/AVERAGE(AJ$2:AJ$220)*100+100 -> 139.74625 | W18: =(AM18-AVERAGE(AM$2:AM$220))/AVERAGE(AM$2:AM$220)*100+100 -> 104.54626 | X18: =(AS18-AVERAGE(AS$2:AS$220))/AVERAGE(AS$2:AS$220)*100+100 -> 107.19692 | Y18: =(AU18-AVERAGE(AU$2:AU$220))/AVERAGE(AU$2:AU$220)*100+100 -> 111.59849 | Z18: =(AR18-AVERAGE(AR$2:AR$220))/AVERAGE(AR$2:AR$220)*100+100 -> 232.86149 | AA18: =(AZ18-AVERAGE(AZ$2:AZ$220))/AVERAGE(AZ$2:AZ$220)*100+100 -> 110.85114 | AC18: ='2026_Fantasy_Hitters'!F14 -> 155.95968 | AD18: ='2026_Fantasy_Hitters'!G14 -> 93.565855 | AE18: ='2026_Fantasy_Hitters'!H14 -> 33.955351 | AF18: ='2026_Fantasy_Hitters'!I14 -> 4.0776992 | AG18: ='2026_Fantasy_Hitters'!J14 -> 25.168702 | AH18: ='2026_Fantasy_Hitters'!K14 -> 93.283969 | AI18: ='2026_Fantasy_Hitters'!L14 -> 83 | AJ18: ='2026_Fantasy_Hitters'!M14 -> 65.6343 | ... AY18: ='2026_Fantasy_Hitters'!AB14 -> 0.0999 | AZ18: =AG18/$E18 -> 0.038308527
A19: Ketel Marte | B19: AZ | C19: 2B | D19: 536 | E19: 616 | F19: =G19+H19+I19+J19+K19+L19+M19+N19+O19+P19 -> 9.6688269 | G19: =(R19-R$221)/R$222 -> 1.2413633 | H19: =(S19-S$221)/S$222 -> 1.0853252 | I19: =(T19-T$221)/T$222 -> 1.2343089 | J19: =(U19-U$221)/U$222 -> 1.2630498 | K19: =(V19-V$221)/V$222 -> 1.1979213 | L19: =(W19-W$221)/W$222 -> 0.13914301 | M19: =(X19-X$221)/X$222 -> 1.452422 | N19: =(Y19-Y$221)/Y$222 -> 1.6954553 | ... P19: =(AA19-AA$221)/AA$222 -> 1.0121331 | R19: =(AH19-AVERAGE(AH$2:AH$220))/AVERAGE(AH$2:AH$220)*100+100 -> 129.34695 | S19: =(AC19-AVERAGE(AC$2:AC$220))/AVERAGE(AC$2:AC$220)*100+100 -> 122.0997 | T19: =(AG19-AVERAGE(AG$2:AG$220))/AVERAGE(AG$2:AG$220)*100+100 -> 154.60068 | U19: =(AI19-AVERAGE(AI$2:AI$220))/AVERAGE(AI$2:AI$220)*100+100 -> 132.49711 | V19: =(AJ19-AVERAGE(AJ$2:AJ$220))/AVERAGE(AJ$2:AJ$220)*100+100 -> 143.35412 | W19: =(AM19-AVERAGE(AM$2:AM$220))/AVERAGE(AM$2:AM$220)*100+100 -> 106.7652 | X19: =(AS19-AVERAGE(AS$2:AS$220))/AVERAGE(AS$2:AS$220)*100+100 -> 109.58576 | Y19: =(AU19-AVERAGE(AU$2:AU$220))/AVERAGE(AU$2:AU$220)*100+100 -> 118.64123 | Z19: =(AR19-AVERAGE(AR$2:AR$220))/AVERAGE(AR$2:AR$220)*100+100 -> 40.021943 | AA19: =(AZ19-AVERAGE(AZ$2:AZ$220))/AVERAGE(AZ$2:AZ$220)*100+100 -> 136.76018 | AC19: ='2026_Fantasy_Hitters'!F23 -> 147.59458 | AD19: ='2026_Fantasy_Hitters'!G23 -> 85.537591 | AE19: ='2026_Fantasy_Hitters'!H23 -> 30.812062 | AF19: ='2026_Fantasy_Hitters'!I23 -> 2.1402714 | AG19: ='2026_Fantasy_Hitters'!J23 -> 29.113583 | AH19: ='2026_Fantasy_Hitters'!K23 -> 86.703764 | AI19: ='2026_Fantasy_Hitters'!L23 -> 87 | AJ19: ='2026_Fantasy_Hitters'!M23 -> 67.3288 | ... AY19: ='2026_Fantasy_Hitters'!AB23 -> 0.1093 | AZ19: =AG19/$E19 -> 0.04726231
A20: Zach Neto | B20: LAA | C20: SS | D20: 567 | E20: 634 | F20: =G20+H20+I20+J20+K20+L20+M20+N20+O20+P20 -> 9.584782 | G20: =(R20-R$221)/R$222 -> 1.1299245 | H20: =(S20-S$221)/S$222 -> 0.88365838 | I20: =(T20-T$221)/T$222 -> 0.90390636 | J20: =(U20-U$221)/U$222 -> 0.55274594 | K20: =(V20-V$221)/V$222 -> -0.17829193 | L20: =(W20-W$221)/W$222 -> 3.719001 | M20: =(X20-X$221)/X$222 -> 0.016707178 | N20: =(Y20-Y$221)/Y$222 -> 0.4525926 | ... P20: =(AA20-AA$221)/AA$222 -> 0.55935336 | R20: =(AH20-AVERAGE(AH$2:AH$220))/AVERAGE(AH$2:AH$220)*100+100 -> 126.71243 | S20: =(AC20-AVERAGE(AC$2:AC$220))/AVERAGE(AC$2:AC$220)*100+100 -> 117.9933 | T20: =(AG20-AVERAGE(AG$2:AG$220))/AVERAGE(AG$2:AG$220)*100+100 -> 139.98505 | U20: =(AI20-AVERAGE(AI$2:AI$220))/AVERAGE(AI$2:AI$220)*100+100 -> 114.22164 | V20: =(AJ20-AVERAGE(AJ$2:AJ$220))/AVERAGE(AJ$2:AJ$220)*100+100 -> 93.547415 | W20: =(AM20-AVERAGE(AM$2:AM$220))/AVERAGE(AM$2:AM$220)*100+100 -> 280.81949 | X20: =(AS20-AVERAGE(AS$2:AS$220))/AVERAGE(AS$2:AS$220)*100+100 -> 100.11026 | Y20: =(AU20-AVERAGE(AU$2:AU$220))/AVERAGE(AU$2:AU$220)*100+100 -> 104.97617 | Z20: =(AR20-AVERAGE(AR$2:AR$220))/AVERAGE(AR$2:AR$220)*100+100 -> 242.0786 | AA20: =(AZ20-AVERAGE(AZ$2:AZ$220))/AVERAGE(AZ$2:AZ$220)*100+100 -> 120.31544 | AC20: ='2026_Fantasy_Hitters'!F29 -> 142.63075 | AD20: ='2026_Fantasy_Hitters'!G29 -> 84.693598 | AE20: ='2026_Fantasy_Hitters'!H29 -> 29.765791 | AF20: ='2026_Fantasy_Hitters'!I29 -> 1.0276364 | AG20: ='2026_Fantasy_Hitters'!J29 -> 26.361244 | AH20: ='2026_Fantasy_Hitters'!K29 -> 84.937799 | AI20: ='2026_Fantasy_Hitters'!L29 -> 75 | AJ20: ='2026_Fantasy_Hitters'!M29 -> 43.9362 | ... AY20: ='2026_Fantasy_Hitters'!AB29 -> 0.0693 | AZ20: =AG20/$E20 -> 0.04157925
A21: Nick Kurtz | B21: ATH | C21: 1B | D21: 514 | E21: 576 | F21: =G21+H21+I21+J21+K21+L21+M21+N21+O21+P21 -> 9.3861861 | G21: =(R21-R$221)/R$222 -> 1.062775 | H21: =(S21-S$221)/S$222 -> 0.56142097 | I21: =(T21-T$221)/T$222 -> 1.7984032 | J21: =(U21-U$221)/U$222 -> 1.7365856 | K21: =(V21-V$221)/V$222 -> 1.1101453 | L21: =(W21-W$221)/W$222 -> -0.61363249 | M21: =(X21-X$221)/X$222 -> 0.65029624 | N21: =(Y21-Y$221)/Y$222 -> 1.9834946 | ... P21: =(AA21-AA$221)/AA$222 -> 1.923593 | R21: =(AH21-AVERAGE(AH$2:AH$220))/AVERAGE(AH$2:AH$220)*100+100 -> 125.12496 | S21: =(AC21-AVERAGE(AC$2:AC$220))/AVERAGE(AC$2:AC$220)*100+100 -> 111.43181 | T21: =(AG21-AVERAGE(AG$2:AG$220))/AVERAGE(AG$2:AG$220)*100+100 -> 179.55386 | U21: =(AI21-AVERAGE(AI$2:AI$220))/AVERAGE(AI$2:AI$220)*100+100 -> 144.68075 | V21: =(AJ21-AVERAGE(AJ$2:AJ$220))/AVERAGE(AJ$2:AJ$220)*100+100 -> 140.1774 | W21: =(AM21-AVERAGE(AM$2:AM$220))/AVERAGE(AM$2:AM$220)*100+100 -> 70.164915 | X21: =(AS21-AVERAGE(AS$2:AS$220))/AVERAGE(AS$2:AS$220)*100+100 -> 104.29185 | Y21: =(AU21-AVERAGE(AU$2:AU$220))/AVERAGE(AU$2:AU$220)*100+100 -> 121.80817 | Z21: =(AR21-AVERAGE(AR$2:AR$220))/AVERAGE(AR$2:AR$220)*100+100 -> 23.967558 | AA21: =(AZ21-AVERAGE(AZ$2:AZ$220))/AVERAGE(AZ$2:AZ$220)*100+100 -> 169.86396 | AC21: ='2026_Fantasy_Hitters'!F18 -> 134.69919 | AD21: ='2026_Fantasy_Hitters'!G18 -> 72.697838 | AE21: ='2026_Fantasy_Hitters'!H18 -> 26.09703 | AF21: ='2026_Fantasy_Hitters'!I18 -> 1.9077241 | AG21: ='2026_Fantasy_Hitters'!J18 -> 33.812634 | AH21: ='2026_Fantasy_Hitters'!K18 -> 83.873684 | AI21: ='2026_Fantasy_Hitters'!L18 -> 95 | AJ21: ='2026_Fantasy_Hitters'!M18 -> 65.8368 | ... AY21: ='2026_Fantasy_Hitters'!AB18 -> 0.1143 | AZ21: =AG21/$E21 -> 0.05870249
A22: Cal Raleigh | B22: SEA | C22: C | D22: 540 | E22: 626 | F22: =G22+H22+I22+J22+K22+L22+M22+N22+O22+P22 -> 9.1627612 | G22: =(R22-R$221)/R$222 -> 0.96112372 | H22: =(S22-S$221)/S$222 -> 0.071005663 | I22: =(T22-T$221)/T$222 -> 2.4466266 | J22: =(U22-U$221)/U$222 -> 2.1509295 | K22: =(V22-V$221)/V$222 -> 1.6415552 | L22: =(W22-W$221)/W$222 -> 0.093796521 | M22: =(X22-X$221)/X$222 -> -1.458479 | N22: =(Y22-Y$221)/Y$222 -> 1.2944431 | ... P22: =(AA22-AA$221)/AA$222 -> 2.2372841 | R22: =(AH22-AVERAGE(AH$2:AH$220))/AVERAGE(AH$2:AH$220)*100+100 -> 122.72183 | S22: =(AC22-AVERAGE(AC$2:AC$220))/AVERAGE(AC$2:AC$220)*100+100 -> 101.44584 | T22: =(AG22-AVERAGE(AG$2:AG$220))/AVERAGE(AG$2:AG$220)*100+100 -> 208.22857 | U22: =(AI22-AVERAGE(AI$2:AI$220))/AVERAGE(AI$2:AI$220)*100+100 -> 155.34144 | V22: =(AJ22-AVERAGE(AJ$2:AJ$220))/AVERAGE(AJ$2:AJ$220)*100+100 -> 159.40972 | W22: =(AM22-AVERAGE(AM$2:AM$220))/AVERAGE(AM$2:AM$220)*100+100 -> 104.56043 | X22: =(AS22-AVERAGE(AS$2:AS$220))/AVERAGE(AS$2:AS$220)*100+100 -> 90.374265 | Y22: =(AU22-AVERAGE(AU$2:AU$220))/AVERAGE(AU$2:AU$220)*100+100 -> 114.23217 | Z22: =(AR22-AVERAGE(AR$2:AR$220))/AVERAGE(AR$2:AR$220)*100+100 -> 74.665753 | AA22: =(AZ22-AVERAGE(AZ$2:AZ$220))/AVERAGE(AZ$2:AZ$220)*100+100 -> 181.25706 | AC22: ='2026_Fantasy_Hitters'!F11 -> 122.62811 | AD22: ='2026_Fantasy_Hitters'!G11 -> 60.102107 | AE22: ='2026_Fantasy_Hitters'!H11 -> 22.494845 | AF22: ='2026_Fantasy_Hitters'!I11 -> 0 | AG22: ='2026_Fantasy_Hitters'!J11 -> 39.212502 | AH22: ='2026_Fantasy_Hitters'!K11 -> 82.262821 | AI22: ='2026_Fantasy_Hitters'!L11 -> 102 | AJ22: ='2026_Fantasy_Hitters'!M11 -> 74.8696 | ... AY22: ='2026_Fantasy_Hitters'!AB11 -> 0.1196 | AZ22: =AG22/$E22 -> 0.06263978
A23: Rafael Devers | B23: SF | C23: 1B | D23: 562 | E23: 656 | F23: =G23+H23+I23+J23+K23+L23+M23+N23+O23+P23 -> 8.7863895 | G23: =(R23-R$221)/R$222 -> 1.1833617 | H23: =(S23-S$221)/S$222 -> 0.8450582 | I23: =(T23-T$221)/T$222 -> 1.6007155 | J23: =(U23-U$221)/U$222 -> 1.5590097 | K23: =(V23-V$221)/V$222 -> 2.0842007 | L23: =(W23-W$221)/W$222 -> 0.10542696 | M23: =(X23-X$221)/X$222 -> 0.049717658 | N23: =(Y23-Y$221)/Y$222 -> 1.1287347 | ... P23: =(AA23-AA$221)/AA$222 -> 1.1532311 | R23: =(AH23-AVERAGE(AH$2:AH$220))/AVERAGE(AH$2:AH$220)*100+100 -> 127.97574 | S23: =(AC23-AVERAGE(AC$2:AC$220))/AVERAGE(AC$2:AC$220)*100+100 -> 117.20732 | T23: =(AG23-AVERAGE(AG$2:AG$220))/AVERAGE(AG$2:AG$220)*100+100 -> 170.80899 | U23: =(AI23-AVERAGE(AI$2:AI$220))/AVERAGE(AI$2:AI$220)*100+100 -> 140.11188 | V23: =(AJ23-AVERAGE(AJ$2:AJ$220))/AVERAGE(AJ$2:AJ$220)*100+100 -> 175.42956 | W23: =(AM23-AVERAGE(AM$2:AM$220))/AVERAGE(AM$2:AM$220)*100+100 -> 105.12591 | X23: =(AS23-AVERAGE(AS$2:AS$220))/AVERAGE(AS$2:AS$220)*100+100 -> 100.32813 | Y23: =(AU23-AVERAGE(AU$2:AU$220))/AVERAGE(AU$2:AU$220)*100+100 -> 112.41024 | Z23: =(AR23-AVERAGE(AR$2:AR$220))/AVERAGE(AR$2:AR$220)*100+100 -> 15.124681 | AA23: =(AZ23-AVERAGE(AZ$2:AZ$220))/AVERAGE(AZ$2:AZ$220)*100+100 -> 141.88479 | AC23: ='2026_Fantasy_Hitters'!F33 -> 141.68064 | AD23: ='2026_Fantasy_Hitters'!G33 -> 81.842755 | AE23: ='2026_Fantasy_Hitters'!H33 -> 27.3787 | AF23: ='2026_Fantasy_Hitters'!I33 -> 1.000652 | AG23: ='2026_Fantasy_Hitters'!J33 -> 32.165845 | AH23: ='2026_Fantasy_Hitters'!K33 -> 85.784615 | AI23: ='2026_Fantasy_Hitters'!L33 -> 92 | AJ23: ='2026_Fantasy_Hitters'!M33 -> 82.3936 | ... AY23: ='2026_Fantasy_Hitters'!AB33 -> 0.1256 | AZ23: =AG23/$E23 -> 0.0490333
A24: Bryce Harper | B24: PHI | C24: 1B | D24: 523 | E24: 606 | F24: =G24+H24+I24+J24+K24+L24+M24+N24+O24+P24 -> 8.2977114 | G24: =(R24-R$221)/R$222 -> 1.0777106 | H24: =(S24-S$221)/S$222 -> 0.86940225 | I24: =(T24-T$221)/T$222 -> 0.89812011 | J24: =(U24-U$221)/U$222 -> 1.0854738 | K24: =(V24-V$221)/V$222 -> 1.6220468 | L24: =(W24-W$221)/W$222 -> -0.24826562 | M24: =(X24-X$221)/X$222 -> 1.2523827 | N24: =(Y24-Y$221)/Y$222 -> 1.2695672 | ... P24: =(AA24-AA$221)/AA$222 -> 0.70607808 | R24: =(AH24-AVERAGE(AH$2:AH$220))/AVERAGE(AH$2:AH$220)*100+100 -> 125.47805 | S24: =(AC24-AVERAGE(AC$2:AC$220))/AVERAGE(AC$2:AC$220)*100+100 -> 117.70302 | T24: =(AG24-AVERAGE(AG$2:AG$220))/AVERAGE(AG$2:AG$220)*100+100 -> 139.72909 | U24: =(AI24-AVERAGE(AI$2:AI$220))/AVERAGE(AI$2:AI$220)*100+100 -> 127.92824 | V24: =(AJ24-AVERAGE(AJ$2:AJ$220))/AVERAGE(AJ$2:AJ$220)*100+100 -> 158.70369 | W24: =(AM24-AVERAGE(AM$2:AM$220))/AVERAGE(AM$2:AM$220)*100+100 -> 87.929215 | X24: =(AS24-AVERAGE(AS$2:AS$220))/AVERAGE(AS$2:AS$220)*100+100 -> 108.26553 | Y24: =(AU24-AVERAGE(AU$2:AU$220))/AVERAGE(AU$2:AU$220)*100+100 -> 113.95866 | Z24: =(AR24-AVERAGE(AR$2:AR$220))/AVERAGE(AR$2:AR$220)*100+100 -> 78.409894 | AA24: =(AZ24-AVERAGE(AZ$2:AZ$220))/AVERAGE(AZ$2:AZ$220)*100+100 -> 125.64441 | AC24: ='2026_Fantasy_Hitters'!F26 -> 142.27985 | AD24: ='2026_Fantasy_Hitters'!G26 -> 86.0929 | AE24: ='2026_Fantasy_Hitters'!H26 -> 29.360017 | AF24: ='2026_Fantasy_Hitters'!I26 -> 1.007653 | AG24: ='2026_Fantasy_Hitters'!J26 -> 26.313043 | AH24: ='2026_Fantasy_Hitters'!K26 -> 84.110368 | AI24: ='2026_Fantasy_Hitters'!L26 -> 84 | AJ24: ='2026_Fantasy_Hitters'!M26 -> 74.538 | ... AY24: ='2026_Fantasy_Hitters'!AB26 -> 0.123 | AZ24: =AG24/$E24 -> 0.043420864
A25: Randy Arozarena | B25: SEA | C25: OF | D25: 565 | E25: 654 | F25: =G25+H25+I25+J25+K25+L25+M25+N25+O25+P25 -> 7.9725424 | G25: =(R25-R$221)/R$222 -> 1.3023528 | H25: =(S25-S$221)/S$222 -> 0.4165686 | I25: =(T25-T$221)/T$222 -> 0.6284244 | J25: =(U25-U$221)/U$222 -> 0.43436197 | K25: =(V25-V$221)/V$222 -> 1.0882954 | L25: =(W25-W$221)/W$222 -> 4.132543 | M25: =(X25-X$221)/X$222 -> -1.1566114 | N25: =(Y25-Y$221)/Y$222 -> -0.27930404 | ... P25: =(AA25-AA$221)/AA$222 -> 0.17848543 | R25: =(AH25-AVERAGE(AH$2:AH$220))/AVERAGE(AH$2:AH$220)*100+100 -> 130.78879 | S25: =(AC25-AVERAGE(AC$2:AC$220))/AVERAGE(AC$2:AC$220)*100+100 -> 108.48229 | T25: =(AG25-AVERAGE(AG$2:AG$220))/AVERAGE(AG$2:AG$220)*100+100 -> 127.79888 | U25: =(AI25-AVERAGE(AI$2:AI$220))/AVERAGE(AI$2:AI$220)*100+100 -> 111.17573 | V25: =(AJ25-AVERAGE(AJ$2:AJ$220))/AVERAGE(AJ$2:AJ$220)*100+100 -> 139.38663 | W25: =(AM25-AVERAGE(AM$2:AM$220))/AVERAGE(AM$2:AM$220)*100+100 -> 300.92608 | X25: =(AS25-AVERAGE(AS$2:AS$220))/AVERAGE(AS$2:AS$220)*100+100 -> 92.366545 | Y25: =(AU25-AVERAGE(AU$2:AU$220))/AVERAGE(AU$2:AU$220)*100+100 -> 96.929102 | Z25: =(AR25-AVERAGE(AR$2:AR$220))/AVERAGE(AR$2:AR$220)*100+100 -> 212.86094 | AA25: =(AZ25-AVERAGE(AZ$2:AZ$220))/AVERAGE(AZ$2:AZ$220)*100+100 -> 106.4825 | AC25: ='2026_Fantasy_Hitters'!F51 -> 131.1338 | AD25: ='2026_Fantasy_Hitters'!G51 -> 79.871262 | AE25: ='2026_Fantasy_Hitters'!H51 -> 25.382678 | AF25: ='2026_Fantasy_Hitters'!I51 -> 1.8841764 | AG25: ='2026_Fantasy_Hitters'!J51 -> 24.066409 | AH25: ='2026_Fantasy_Hitters'!K51 -> 87.670262 | AI25: ='2026_Fantasy_Hitters'!L51 -> 73 | AJ25: ='2026_Fantasy_Hitters'!M51 -> 65.4654 | ... AY25: ='2026_Fantasy_Hitters'!AB51 -> 0.1001 | AZ25: =AG25/$E25 -> 0.03679879
A26: Francisco Lindor | B26: NYM | C26: SS | D26: 547 | E26: 618 | F26: =G26+H26+I26+J26+K26+L26+M26+N26+O26+P26 -> 7.6621276 | G26: =(R26-R$221)/R$222 -> 1.1251843 | H26: =(S26-S$221)/S$222 -> 0.82906829 | I26: =(T26-T$221)/T$222 -> 0.73613324 | J26: =(U26-U$221)/U$222 -> 0.61193792 | K26: =(V26-V$221)/V$222 -> 0.39637063 | L26: =(W26-W$221)/W$222 -> 1.1908526 | M26: =(X26-X$221)/X$222 -> 0.42319364 | N26: =(Y26-Y$221)/Y$222 -> 0.49877343 | ... P26: =(AA26-AA$221)/AA$222 -> 0.46494285 | R26: =(AH26-AVERAGE(AH$2:AH$220))/AVERAGE(AH$2:AH$220)*100+100 -> 126.60037 | S26: =(AC26-AVERAGE(AC$2:AC$220))/AVERAGE(AC$2:AC$220)*100+100 -> 116.88172 | T26: =(AG26-AVERAGE(AG$2:AG$220))/AVERAGE(AG$2:AG$220)*100+100 -> 132.56347 | U26: =(AI26-AVERAGE(AI$2:AI$220))/AVERAGE(AI$2:AI$220)*100+100 -> 115.7446 | V26: =(AJ26-AVERAGE(AJ$2:AJ$220))/AVERAGE(AJ$2:AJ$220)*100+100 -> 114.3451 | W26: =(AM26-AVERAGE(AM$2:AM$220))/AVERAGE(AM$2:AM$220)*100+100 -> 157.89979 | X26: =(AS26-AVERAGE(AS$2:AS$220))/AVERAGE(AS$2:AS$220)*100+100 -> 102.79301 | Y26: =(AU26-AVERAGE(AU$2:AU$220))/AVERAGE(AU$2:AU$220)*100+100 -> 105.48392 | Z26: =(AR26-AVERAGE(AR$2:AR$220))/AVERAGE(AR$2:AR$220)*100+100 -> 227.41141 | AA26: =(AZ26-AVERAGE(AZ$2:AZ$220))/AVERAGE(AZ$2:AZ$220)*100+100 -> 116.8865 | AC26: ='2026_Fantasy_Hitters'!F20 -> 141.28707 | AD26: ='2026_Fantasy_Hitters'!G20 -> 87.178035 | AE26: ='2026_Fantasy_Hitters'!H20 -> 27.251856 | AF26: ='2026_Fantasy_Hitters'!I20 -> 1.1602202 | AG26: ='2026_Fantasy_Hitters'!J20 -> 24.963651 | AH26: ='2026_Fantasy_Hitters'!K20 -> 84.862682 | AI26: ='2026_Fantasy_Hitters'!L20 -> 76 | AJ26: ='2026_Fantasy_Hitters'!M20 -> 53.7042 | ... AY26: ='2026_Fantasy_Hitters'!AB20 -> 0.0869 | AZ26: =AG26/$E26 -> 0.040394257
A27: Elly De La Cruz | B27: CIN | C27: SS | D27: 568 | E27: 636 | F27: =G27+H27+I27+J27+K27+L27+M27+N27+O27+P27 -> 7.1688843 | G27: =(R27-R$221)/R$222 -> 1.5125716 | H27: =(S27-S$221)/S$222 -> 1.1015585 | I27: =(T27-T$221)/T$222 -> 0.29757301 | J27: =(U27-U$221)/U$222 -> 0.67112991 | K27: =(V27-V$221)/V$222 -> 0.66051067 | L27: =(W27-W$221)/W$222 -> -0.97382846 | M27: =(X27-X$221)/X$222 -> 0.55938725 | N27: =(Y27-Y$221)/Y$222 -> 0.5020193 | ... P27: =(AA27-AA$221)/AA$222 -> -0.083792599 | R27: =(AH27-AVERAGE(AH$2:AH$220))/AVERAGE(AH$2:AH$220)*100+100 -> 135.75856 | S27: =(AC27-AVERAGE(AC$2:AC$220))/AVERAGE(AC$2:AC$220)*100+100 -> 122.43025 | T27: =(AG27-AVERAGE(AG$2:AG$220))/AVERAGE(AG$2:AG$220)*100+100 -> 113.16339 | U27: =(AI27-AVERAGE(AI$2:AI$220))/AVERAGE(AI$2:AI$220)*100+100 -> 117.26755 | V27: =(AJ27-AVERAGE(AJ$2:AJ$220))/AVERAGE(AJ$2:AJ$220)*100+100 -> 123.90462 | W27: =(AM27-AVERAGE(AM$2:AM$220))/AVERAGE(AM$2:AM$220)*100+100 -> 52.652026 | X27: =(AS27-AVERAGE(AS$2:AS$220))/AVERAGE(AS$2:AS$220)*100+100 -> 103.69187 | Y27: =(AU27-AVERAGE(AU$2:AU$220))/AVERAGE(AU$2:AU$220)*100+100 -> 105.51961 | Z27: =(AR27-AVERAGE(AR$2:AR$220))/AVERAGE(AR$2:AR$220)*100+100 -> 368.65327 | AA27: =(AZ27-AVERAGE(AZ$2:AZ$220))/AVERAGE(AZ$2:AZ$220)*100+100 -> 96.956694 | AC27: ='2026_Fantasy_Hitters'!F7 -> 147.99414 | AD27: ='2026_Fantasy_Hitters'!G7 -> 92.320983 | AE27: ='2026_Fantasy_Hitters'!H7 -> 30.774897 | AF27: ='2026_Fantasy_Hitters'!I7 -> 5.1324971 | AG27: ='2026_Fantasy_Hitters'!J7 -> 21.310331 | AH27: ='2026_Fantasy_Hitters'!K7 -> 91.00159 | AI27: ='2026_Fantasy_Hitters'!L7 -> 77 | AJ27: ='2026_Fantasy_Hitters'!M7 -> 58.194 | ... AY27: ='2026_Fantasy_Hitters'!AB7 -> 0.0915 | AZ27: =AG27/$E27 -> 0.03350681
A28: 4 Wyatt Langford | B28: TEX | C28: OF | D28: 531 | E28: 613 | F28: =G28+H28+I28+J28+K28+L28+M28+N28+O28+P28 -> 6.931925 | G28: =(R28-R$221)/R$222 -> 1.2236431 | H28: =(S28-S$221)/S$222 -> 0.54891121 | I28: =(T28-T$221)/T$222 -> 0.74177609 | J28: =(U28-U$221)/U$222 -> 0.49355395 | K28: =(V28-V$221)/V$222 -> 1.3805861 | L28: =(W28-W$221)/W$222 -> 0.061363621 | M28: =(X28-X$221)/X$222 -> 0.10942231 | N28: =(Y28-Y$221)/Y$222 -> 0.59712125 | ... P28: =(AA28-AA$221)/AA$222 -> 0.49730256 | R28: =(AH28-AVERAGE(AH$2:AH$220))/AVERAGE(AH$2:AH$220)*100+100 -> 128.92803 | S28: =(AC28-AVERAGE(AC$2:AC$220))/AVERAGE(AC$2:AC$220)*100+100 -> 111.17709 | T28: =(AG28-AVERAGE(AG$2:AG$220))/AVERAGE(AG$2:AG$220)*100+100 -> 132.81308 | U28: =(AI28-AVERAGE(AI$2:AI$220))/AVERAGE(AI$2:AI$220)*100+100 -> 112.69869 | V28: =(AJ28-AVERAGE(AJ$2:AJ$220))/AVERAGE(AJ$2:AJ$220)*100+100 -> 149.96496 | W28: =(AM28-AVERAGE(AM$2:AM$220))/AVERAGE(AM$2:AM$220)*100+100 -> 102.98353 | X28: =(AS28-AVERAGE(AS$2:AS$220))/AVERAGE(AS$2:AS$220)*100+100 -> 100.72217 | Y28: =(AU28-AVERAGE(AU$2:AU$220))/AVERAGE(AU$2:AU$220)*100+100 -> 106.56524 | Z28: =(AR28-AVERAGE(AR$2:AR$220))/AVERAGE(AR$2:AR$220)*100+100 -> 217.53368 | AA28: =(AZ28-AVERAGE(AZ$2:AZ$220))/AVERAGE(AZ$2:AZ$220)*100+100 -> 118.06179 | AC28: ='2026_Fantasy_Hitters'!F47 -> 134.39128 | AD28: ='2026_Fantasy_Hitters'!G47 -> 79.038928 | AE28: ='2026_Fantasy_Hitters'!H47 -> 27.53331 | AF28: ='2026_Fantasy_Hitters'!I47 -> 2.0467258 | AG28: ='2026_Fantasy_Hitters'!J47 -> 25.010657 | AH28: ='2026_Fantasy_Hitters'!K47 -> 86.422953 | AI28: ='2026_Fantasy_Hitters'!L47 -> 74 | AJ28: ='2026_Fantasy_Hitters'!M47 -> 70.4337 | ... AY28: ='2026_Fantasy_Hitters'!AB47 -> 0.1149 | AZ28: =AG28/$E28 -> 0.04080042
A29: Freddie Freeman | B29: LAD | C29: 1B | D29: 540 | E29: 617 | F29: =G29+H29+I29+J29+K29+L29+M29+N29+O29+P29 -> 6.9265999 | G29: =(R29-R$221)/R$222 -> 0.99535217 | H29: =(S29-S$221)/S$222 -> 1.0553069 | I29: =(T29-T$221)/T$222 -> 0.40370452 | J29: =(U29-U$221)/U$222 -> 1.0854738 | K29: =(V29-V$221)/V$222 -> 0.96114955 | L29: =(W29-W$221)/W$222 -> 0.50285442 | M29: =(X29-X$221)/X$222 -> 1.2469204 | N29: =(Y29-Y$221)/Y$222 -> 0.80930829 | ... P29: =(AA29-AA$221)/AA$222 -> 0.11257612 | R29: =(AH29-AVERAGE(AH$2:AH$220))/AVERAGE(AH$2:AH$220)*100+100 -> 123.53102 | S29: =(AC29-AVERAGE(AC$2:AC$220))/AVERAGE(AC$2:AC$220)*100+100 -> 121.48846 | T29: =(AG29-AVERAGE(AG$2:AG$220))/AVERAGE(AG$2:AG$220)*100+100 -> 117.85821 | U29: =(AI29-AVERAGE(AI$2:AI$220))/AVERAGE(AI$2:AI$220)*100+100 -> 127.92824 | V29: =(AJ29-AVERAGE(AJ$2:AJ$220))/AVERAGE(AJ$2:AJ$220)*100+100 -> 134.78508 | W29: =(AM29-AVERAGE(AM$2:AM$220))/AVERAGE(AM$2:AM$220)*100+100 -> 124.44901 | X29: =(AS29-AVERAGE(AS$2:AS$220))/AVERAGE(AS$2:AS$220)*100+100 -> 108.22948 | Y29: =(AU29-AVERAGE(AU$2:AU$220))/AVERAGE(AU$2:AU$220)*100+100 -> 108.8982 | Z29: =(AR29-AVERAGE(AR$2:AR$220))/AVERAGE(AR$2:AR$220)*100+100 -> 77.376227 | AA29: =(AZ29-AVERAGE(AZ$2:AZ$220))/AVERAGE(AZ$2:AZ$220)*100+100 -> 104.08871 | AC29: ='2026_Fantasy_Hitters'!F37 -> 146.85571 | AD29: ='2026_Fantasy_Hitters'!G37 -> 91.980841 | AE29: ='2026_Fantasy_Hitters'!H37 -> 31.598829 | AF29: ='2026_Fantasy_Hitters'!I37 -> 1.918143 | AG29: ='2026_Fantasy_Hitters'!J37 -> 22.194434 | AH29: ='2026_Fantasy_Hitters'!K37 -> 82.805237 | AI29: ='2026_Fantasy_Hitters'!L37 -> 84 | AJ29: ='2026_Fantasy_Hitters'!M37 -> 63.3042 | ... AY29: ='2026_Fantasy_Hitters'!AB37 -> 0.1026 | AZ29: =AG29/$E29 -> 0.03597153
A30: Austin Riley | B30: ATL | C30: 3B | D30: 566 | E30: 625 | F30: =G30+H30+I30+J30+K30+L30+M30+N30+O30+P30 -> 6.6988653 | G30: =(R30-R$221)/R$222 -> 0.94770931 | H30: =(S30-S$221)/S$222 -> 1.0450991 | I30: =(T30-T$221)/T$222 -> 1.249294 | J30: =(U30-U$221)/U$222 -> 1.1446658 | K30: =(V30-V$221)/V$222 -> 0.035047428 | L30: =(W30-W$221)/W$222 -> 0.80002347 | M30: =(X30-X$221)/X$222 -> 0.46685119 | N30: =(Y30-Y$221)/Y$222 -> 0.96177266 | ... P30: =(AA30-AA$221)/AA$222 -> 0.97382288 | R30: =(AH30-AVERAGE(AH$2:AH$220))/AVERAGE(AH$2:AH$220)*100+100 -> 122.4047 | S30: =(AC30-AVERAGE(AC$2:AC$220))/AVERAGE(AC$2:AC$220)*100+100 -> 121.28061 | T30: =(AG30-AVERAGE(AG$2:AG$220))/AVERAGE(AG$2:AG$220)*100+100 -> 155.26356 | U30: =(AI30-AVERAGE(AI$2:AI$220))/AVERAGE(AI$2:AI$220)*100+100 -> 129.4512 | V30: =(AJ30-AVERAGE(AJ$2:AJ$220))/AVERAGE(AJ$2:AJ$220)*100+100 -> 101.26841 | W30: =(AM30-AVERAGE(AM$2:AM$220))/AVERAGE(AM$2:AM$220)*100+100 -> 138.8975 | X30: =(AS30-AVERAGE(AS$2:AS$220))/AVERAGE(AS$2:AS$220)*100+100 -> 103.08115 | Y30: =(AU30-AVERAGE(AU$2:AU$220))/AVERAGE(AU$2:AU$220)*100+100 -> 110.57452 | Z30: =(AR30-AVERAGE(AR$2:AR$220))/AVERAGE(AR$2:AR$220)*100+100 -> 14.90825 | AA30: =(AZ30-AVERAGE(AZ$2:AZ$220))/AVERAGE(AZ$2:AZ$220)*100+100 -> 135.36877 | AC30: ='2026_Fantasy_Hitters'!F46 -> 146.60445 | AD30: ='2026_Fantasy_Hitters'!G46 -> 85.998084 | AE30: ='2026_Fantasy_Hitters'!H46 -> 28.394451 | AF30: ='2026_Fantasy_Hitters'!I46 -> 2.0073729 | AG30: ='2026_Fantasy_Hitters'!J46 -> 29.238412 | AH30: ='2026_Fantasy_Hitters'!K46 -> 82.050243 | AI30: ='2026_Fantasy_Hitters'!L46 -> 85 | AJ30: ='2026_Fantasy_Hitters'!M46 -> 47.5625 | ... AY30: ='2026_Fantasy_Hitters'!AB46 -> 0.0761 | AZ30: =AG30/$E30 -> 0.04678146
A31: Corey Seager | B31: TEX | C31: SS | D31: 459 | E31: 526 | F31: =G31+H31+I31+J31+K31+L31+M31+N31+O31+P31 -> 6.6806199 | G31: =(R31-R$221)/R$222 -> 0.21263345 | H31: =(S31-S$221)/S$222 -> 0.26220545 | I31: =(T31-T$221)/T$222 -> 1.0939731 | J31: =(U31-U$221)/U$222 -> 0.61193792 | K31: =(V31-V$221)/V$222 -> 0.73369661 | L31: =(W31-W$221)/W$222 -> -0.29629636 | M31: =(X31-X$221)/X$222 -> 1.5762631 | N31: =(Y31-Y$221)/Y$222 -> 1.9311834 | ... P31: =(AA31-AA$221)/AA$222 -> 1.4793453 | R31: =(AH31-AVERAGE(AH$2:AH$220))/AVERAGE(AH$2:AH$220)*100+100 -> 105.02685 | S31: =(AC31-AVERAGE(AC$2:AC$220))/AVERAGE(AC$2:AC$220)*100+100 -> 105.3391 | T31: =(AG31-AVERAGE(AG$2:AG$220))/AVERAGE(AG$2:AG$220)*100+100 -> 148.39281 | U31: =(AI31-AVERAGE(AI$2:AI$220))/AVERAGE(AI$2:AI$220)*100+100 -> 115.7446 | V31: =(AJ31-AVERAGE(AJ$2:AJ$220))/AVERAGE(AJ$2:AJ$220)*100+100 -> 126.5533 | W31: =(AM31-AVERAGE(AM$2:AM$220))/AVERAGE(AM$2:AM$220)*100+100 -> 85.593939 | X31: =(AS31-AVERAGE(AS$2:AS$220))/AVERAGE(AS$2:AS$220)*100+100 -> 110.40309 | Y31: =(AU31-AVERAGE(AU$2:AU$220))/AVERAGE(AU$2:AU$220)*100+100 -> 121.23301 | Z31: =(AR31-AVERAGE(AR$2:AR$220))/AVERAGE(AR$2:AR$220)*100+100 -> 15.009257 | AA31: =(AZ31-AVERAGE(AZ$2:AZ$220))/AVERAGE(AZ$2:AZ$220)*100+100 -> 153.7291 | AC31: ='2026_Fantasy_Hitters'!F48 -> 127.3343 | AD31: ='2026_Fantasy_Hitters'!G48 -> 75.53527 | AE31: ='2026_Fantasy_Hitters'!H48 -> 23.882717 | AF31: ='2026_Fantasy_Hitters'!I48 -> 0.40567219 | AG31: ='2026_Fantasy_Hitters'!J48 -> 27.94455 | AH31: ='2026_Fantasy_Hitters'!K48 -> 70.40153 | AI31: ='2026_Fantasy_Hitters'!L48 -> 76 | AJ31: ='2026_Fantasy_Hitters'!M48 -> 59.438 | ... AY31: ='2026_Fantasy_Hitters'!AB48 -> 0.113 | AZ31: =AG31/$E31 -> 0.05312652
A32: 5 Eugenio Suarez | B32: CIN | C32: 3B | D32: 532 | E32: 598 | F32: =G32+H32+I32+J32+K32+L32+M32+N32+O32+P32 -> 6.545075 | G32: =(R32-R$221)/R$222 -> 0.39983268 | H32: =(S32-S$221)/S$222 -> 0.075194666 | I32: =(T32-T$221)/T$222 -> 1.8394165 | J32: =(U32-U$221)/U$222 -> 1.7365856 | K32: =(V32-V$221)/V$222 -> 0.17098854 | L32: =(W32-W$221)/W$222 -> 1.5691425 | M32: =(X32-X$221)/X$222 -> -1.2408765 | N32: =(Y32-Y$221)/Y$222 -> 1.0170357 | ... P32: =(AA32-AA$221)/AA$222 -> 1.7970503 | R32: =(AH32-AVERAGE(AH$2:AH$220))/AVERAGE(AH$2:AH$220)*100+100 -> 109.4524 | S32: =(AC32-AVERAGE(AC$2:AC$220))/AVERAGE(AC$2:AC$220)*100+100 -> 101.53114 | T32: =(AG32-AVERAGE(AG$2:AG$220))/AVERAGE(AG$2:AG$220)*100+100 -> 181.36812 | U32: =(AI32-AVERAGE(AI$2:AI$220))/AVERAGE(AI$2:AI$220)*100+100 -> 144.68075 | V32: =(AJ32-AVERAGE(AJ$2:AJ$220))/AVERAGE(AJ$2:AJ$220)*100+100 -> 106.18827 | W32: =(AM32-AVERAGE(AM$2:AM$220))/AVERAGE(AM$2:AM$220)*100+100 -> 176.29241 | X32: =(AS32-AVERAGE(AS$2:AS$220))/AVERAGE(AS$2:AS$220)*100+100 -> 91.810408 | Y32: =(AU32-AVERAGE(AU$2:AU$220))/AVERAGE(AU$2:AU$220)*100+100 -> 111.18213 | Z32: =(AR32-AVERAGE(AR$2:AR$220))/AVERAGE(AR$2:AR$220)*100+100 -> 24.666406 | AA32: =(AZ32-AVERAGE(AZ$2:AZ$220))/AVERAGE(AZ$2:AZ$220)*100+100 -> 165.26799 | AC32: ='2026_Fantasy_Hitters'!F61 -> 122.73122 | AD32: ='2026_Fantasy_Hitters'!G61 -> 65.503312 | AE32: ='2026_Fantasy_Hitters'!H61 -> 23.022173 | AF32: ='2026_Fantasy_Hitters'!I61 -> 1.0020167 | AG32: ='2026_Fantasy_Hitters'!J61 -> 34.154286 | AH32: ='2026_Fantasy_Hitters'!K61 -> 73.368067 | AI32: ='2026_Fantasy_Hitters'!L61 -> 95 | AJ32: ='2026_Fantasy_Hitters'!M61 -> 49.8732 | ... AY32: ='2026_Fantasy_Hitters'!AB61 -> 0.0834 | AZ32: =AG32/$E32 -> 0.05711419
A33: George Springer | B33: TOR | C33: OF | D33: 500 | E33: 568 | F33: =G33+H33+I33+J33+K33+L33+M33+N33+O33+P33 -> 6.2078158 | G33: =(R33-R$221)/R$222 -> 0.92682943 | H33: =(S33-S$221)/S$222 -> 0.41341753 | I33: =(T33-T$221)/T$222 -> 0.86147939 | J33: =(U33-U$221)/U$222 -> 0.315978 | K33: =(V33-V$221)/V$222 -> 0.59854972 | L33: =(W33-W$221)/W$222 -> 0.1404907 | M33: =(X33-X$221)/X$222 -> 0.65341878 | N33: =(Y33-Y$221)/Y$222 -> 0.97090153 | ... P33: =(AA33-AA$221)/AA$222 -> 0.89470479 | R33: =(AH33-AVERAGE(AH$2:AH$220))/AVERAGE(AH$2:AH$220)*100+100 -> 121.91108 | S33: =(AC33-AVERAGE(AC$2:AC$220))/AVERAGE(AC$2:AC$220)*100+100 -> 108.41813 | T33: =(AG33-AVERAGE(AG$2:AG$220))/AVERAGE(AG$2:AG$220)*100+100 -> 138.10826 | U33: =(AI33-AVERAGE(AI$2:AI$220))/AVERAGE(AI$2:AI$220)*100+100 -> 108.12982 | V33: =(AJ33-AVERAGE(AJ$2:AJ$220))/AVERAGE(AJ$2:AJ$220)*100+100 -> 121.66219 | W33: =(AM33-AVERAGE(AM$2:AM$220))/AVERAGE(AM$2:AM$220)*100+100 -> 106.83072 | X33: =(AS33-AVERAGE(AS$2:AS$220))/AVERAGE(AS$2:AS$220)*100+100 -> 104.31246 | Y33: =(AU33-AVERAGE(AU$2:AU$220))/AVERAGE(AU$2:AU$220)*100+100 -> 110.67489 | Z33: =(AR33-AVERAGE(AR$2:AR$220))/AVERAGE(AR$2:AR$220)*100+100 -> 139.72631 | AA33: =(AZ33-AVERAGE(AZ$2:AZ$220))/AVERAGE(AZ$2:AZ$220)*100+100 -> 132.49524 | AC33: ='2026_Fantasy_Hitters'!F59 -> 131.05624 | AD33: ='2026_Fantasy_Hitters'!G59 -> 80.016517 | AE33: ='2026_Fantasy_Hitters'!H59 -> 22.874522 | AF33: ='2026_Fantasy_Hitters'!I59 -> 1.7296767 | AG33: ='2026_Fantasy_Hitters'!J59 -> 26.007817 | AH33: ='2026_Fantasy_Hitters'!K59 -> 81.719361 | AI33: ='2026_Fantasy_Hitters'!L59 -> 71 | AJ33: ='2026_Fantasy_Hitters'!M59 -> 57.1408 | ... AY33: ='2026_Fantasy_Hitters'!AB59 -> 0.1006 | AZ33: =AG33/$E33 -> 0.04578841
A34: Jazz Chisholm Jr. | B34: NYY | C34: 2B,3B | D34: 524 | E34: 591 | F34: =G34+H34+I34+J34+K34+L34+M34+N34+O34+P34 -> 5.979766 | G34: =(R34-R$221)/R$222 -> 1.1704003 | H34: =(S34-S$221)/S$222 -> 0.13876984 | I34: =(T34-T$221)/T$222 -> 1.0124679 | J34: =(U34-U$221)/U$222 -> 0.67112991 | K34: =(V34-V$221)/V$222 -> 0.55039643 | L34: =(W34-W$221)/W$222 -> -0.25882305 | M34: =(X34-X$221)/X$222 -> -0.84841992 | N34: =(Y34-Y$221)/Y$222 -> 0.31750177 | ... P34: =(AA34-AA$221)/AA$222 -> 0.92229195 | R34: =(AH34-AVERAGE(AH$2:AH$220))/AVERAGE(AH$2:AH$220)*100+100 -> 127.66932 | S34: =(AC34-AVERAGE(AC$2:AC$220))/AVERAGE(AC$2:AC$220)*100+100 -> 102.82567 | T34: =(AG34-AVERAGE(AG$2:AG$220))/AVERAGE(AG$2:AG$220)*100+100 -> 144.78736 | U34: =(AI34-AVERAGE(AI$2:AI$220))/AVERAGE(AI$2:AI$220)*100+100 -> 117.26755 | V34: =(AJ34-AVERAGE(AJ$2:AJ$220))/AVERAGE(AJ$2:AJ$220)*100+100 -> 119.91946 | W34: =(AM34-AVERAGE(AM$2:AM$220))/AVERAGE(AM$2:AM$220)*100+100 -> 87.415908 | X34: =(AS34-AVERAGE(AS$2:AS$220))/AVERAGE(AS$2:AS$220)*100+100 -> 94.40056 | Y34: =(AU34-AVERAGE(AU$2:AU$220))/AVERAGE(AU$2:AU$220)*100+100 -> 103.49087 | Z34: =(AR34-AVERAGE(AR$2:AR$220))/AVERAGE(AR$2:AR$220)*100+100 -> 311.85581 | AA34: =(AZ34-AVERAGE(AZ$2:AZ$220))/AVERAGE(AZ$2:AZ$220)*100+100 -> 133.49719 | AC34: ='2026_Fantasy_Hitters'!F22 -> 124.29606 | AD34: ='2026_Fantasy_Hitters'!G22 -> 73.761582 | AE34: ='2026_Fantasy_Hitters'!H22 -> 20.838122 | AF34: ='2026_Fantasy_Hitters'!I22 -> 1.9265622 | AG34: ='2026_Fantasy_Hitters'!J22 -> 27.26559 | AH34: ='2026_Fantasy_Hitters'!K22 -> 85.579216 | AI34: ='2026_Fantasy_Hitters'!L22 -> 77 | AJ34: ='2026_Fantasy_Hitters'!M22 -> 56.3223 | ... AY34: ='2026_Fantasy_Hitters'!AB22 -> 0.0953 | AZ34: =AG34/$E34 -> 0.04613467
A35: Trea Turner | B35: PHI | C35: SS | D35: 578 | E35: 628 | F35: =G35+H35+I35+J35+K35+L35+M35+N35+O35+P35 -> 5.961005 | G35: =(R35-R$221)/R$222 -> 1.1768978 | H35: =(S35-S$221)/S$222 -> 1.7266235 | I35: =(T35-T$221)/T$222 -> -0.19311265 | J35: =(U35-U$221)/U$222 -> 0.315978 | K35: =(V35-V$221)/V$222 -> -0.42442964 | L35: =(W35-W$221)/W$222 -> -0.25687483 | M35: =(X35-X$221)/X$222 -> 1.892638 | N35: =(Y35-Y$221)/Y$222 -> 0.23483548 | ... P35: =(AA35-AA$221)/AA$222 -> -0.56835503 | R35: =(AH35-AVERAGE(AH$2:AH$220))/AVERAGE(AH$2:AH$220)*100+100 -> 127.82293 | S35: =(AC35-AVERAGE(AC$2:AC$220))/AVERAGE(AC$2:AC$220)*100+100 -> 135.158 | T35: =(AG35-AVERAGE(AG$2:AG$220))/AVERAGE(AG$2:AG$220)*100+100 -> 91.457501 | U35: =(AI35-AVERAGE(AI$2:AI$220))/AVERAGE(AI$2:AI$220)*100+100 -> 108.12982 | V35: =(AJ35-AVERAGE(AJ$2:AJ$220))/AVERAGE(AJ$2:AJ$220)*100+100 -> 84.639415 | W35: =(AM35-AVERAGE(AM$2:AM$220))/AVERAGE(AM$2:AM$220)*100+100 -> 87.510631 | X35: =(AS35-AVERAGE(AS$2:AS$220))/AVERAGE(AS$2:AS$220)*100+100 -> 112.49112 | Y35: =(AU35-AVERAGE(AU$2:AU$220))/AVERAGE(AU$2:AU$220)*100+100 -> 102.58197 | Z35: =(AR35-AVERAGE(AR$2:AR$220))/AVERAGE(AR$2:AR$220)*100+100 -> 289.12167 | AA35: =(AZ35-AVERAGE(AZ$2:AZ$220))/AVERAGE(AZ$2:AZ$220)*100+100 -> 79.357623 | AC35: ='2026_Fantasy_Hitters'!F24 -> 163.3795 | AD35: ='2026_Fantasy_Hitters'!G24 -> 111.83438 | AE35: ='2026_Fantasy_Hitters'!H24 -> 29.383588 | AF35: ='2026_Fantasy_Hitters'!I24 -> 4.0958151 | AG35: ='2026_Fantasy_Hitters'!J24 -> 17.222793 | AH35: ='2026_Fantasy_Hitters'!K24 -> 85.682183 | AI35: ='2026_Fantasy_Hitters'!L24 -> 71 | AJ35: ='2026_Fantasy_Hitters'!M24 -> 39.7524 | ... AY35: ='2026_Fantasy_Hitters'!AB24 -> 0.0633 | AZ35: =AG35/$E35 -> 0.02742483
A36: 9 Willson Contreras | B36: BOS | C36: 1B | D36: 488 | E36: 562 | F36: =G36+H36+I36+J36+K36+L36+M36+N36+O36+P36 -> 5.8376219 | G36: =(R36-R$221)/R$222 -> 0.33156497 | H36: =(S36-S$221)/S$222 -> 0.11691954 | I36: =(T36-T$221)/T$222 -> 0.42342346 | J36: =(U36-U$221)/U$222 -> 0.49355395 | K36: =(V36-V$221)/V$222 -> 0.28861552 | L36: =(W36-W$221)/W$222 -> 3.7905161 | M36: =(X36-X$221)/X$222 -> 0.1402967 | N36: =(Y36-Y$221)/Y$222 -> 0.36744803 | ... P36: =(AA36-AA$221)/AA$222 -> 0.41633528 | R36: =(AH36-AVERAGE(AH$2:AH$220))/AVERAGE(AH$2:AH$220)*100+100 -> 107.83849 | S36: =(AC36-AVERAGE(AC$2:AC$220))/AVERAGE(AC$2:AC$220)*100+100 -> 102.38075 | T36: =(AG36-AVERAGE(AG$2:AG$220))/AVERAGE(AG$2:AG$220)*100+100 -> 118.73049 | U36: =(AI36-AVERAGE(AI$2:AI$220))/AVERAGE(AI$2:AI$220)*100+100 -> 112.69869 | V36: =(AJ36-AVERAGE(AJ$2:AJ$220))/AVERAGE(AJ$2:AJ$220)*100+100 -> 110.44532 | W36: =(AM36-AVERAGE(AM$2:AM$220))/AVERAGE(AM$2:AM$220)*100+100 -> 284.29658 | X36: =(AS36-AVERAGE(AS$2:AS$220))/AVERAGE(AS$2:AS$220)*100+100 -> 100.92594 | Y36: =(AU36-AVERAGE(AU$2:AU$220))/AVERAGE(AU$2:AU$220)*100+100 -> 104.04003 | Z36: =(AR36-AVERAGE(AR$2:AR$220))/AVERAGE(AR$2:AR$220)*100+100 -> 51.170185 | AA36: =(AZ36-AVERAGE(AZ$2:AZ$220))/AVERAGE(AZ$2:AZ$220)*100+100 -> 115.12109 | AC36: ='2026_Fantasy_Hitters'!F79 -> 123.75823 | AD36: ='2026_Fantasy_Hitters'!G79 -> 76.589658 | AE36: ='2026_Fantasy_Hitters'!H79 -> 23.174646 | AF36: ='2026_Fantasy_Hitters'!I79 -> 1.0744508 | AG36: ='2026_Fantasy_Hitters'!J79 -> 22.358698 | AH36: ='2026_Fantasy_Hitters'!K79 -> 72.286232 | AI36: ='2026_Fantasy_Hitters'!L79 -> 74 | AJ36: ='2026_Fantasy_Hitters'!M79 -> 51.8726 | ... AY36: ='2026_Fantasy_Hitters'!AB79 -> 0.0923 | AZ36: =AG36/$E36 -> 0.03978416
A37: Byron Buxton | B37: MIN | C37: OF | D37: 466 | E37: 519 | F37: =G37+H37+I37+J37+K37+L37+M37+N37+O37+P37 -> 5.7264617 | G37: =(R37-R$221)/R$222 -> 0.41238535 | H37: =(S37-S$221)/S$222 -> -0.1889614 | I37: =(T37-T$221)/T$222 -> 1.0032423 | J37: =(U37-U$221)/U$222 -> 0.37516998 | K37: =(V37-V$221)/V$222 -> -0.36013309 | L37: =(W37-W$221)/W$222 -> 0.82238417 | M37: =(X37-X$221)/X$222 -> -0.11199017 | N37: =(Y37-Y$221)/Y$222 -> 1.6496465 | ... P37: =(AA37-AA$221)/AA$222 -> 1.4204089 | R37: =(AH37-AVERAGE(AH$2:AH$220))/AVERAGE(AH$2:AH$220)*100+100 -> 109.74916 | S37: =(AC37-AVERAGE(AC$2:AC$220))/AVERAGE(AC$2:AC$220)*100+100 -> 96.152314 | T37: =(AG37-AVERAGE(AG$2:AG$220))/AVERAGE(AG$2:AG$220)*100+100 -> 144.37926 | U37: =(AI37-AVERAGE(AI$2:AI$220))/AVERAGE(AI$2:AI$220)*100+100 -> 109.65278 | V37: =(AJ37-AVERAGE(AJ$2:AJ$220))/AVERAGE(AJ$2:AJ$220)*100+100 -> 86.966379 | W37: =(AM37-AVERAGE(AM$2:AM$220))/AVERAGE(AM$2:AM$220)*100+100 -> 139.98468 | X37: =(AS37-AVERAGE(AS$2:AS$220))/AVERAGE(AS$2:AS$220)*100+100 -> 99.260882 | Y37: =(AU37-AVERAGE(AU$2:AU$220))/AVERAGE(AU$2:AU$220)*100+100 -> 118.13757 | Z37: =(AR37-AVERAGE(AR$2:AR$220))/AVERAGE(AR$2:AR$220)*100+100 -> 164.76071 | AA37: =(AZ37-AVERAGE(AZ$2:AZ$220))/AVERAGE(AZ$2:AZ$220)*100+100 -> 151.58856 | AC37: ='2026_Fantasy_Hitters'!F63 -> 116.22928 | AD37: ='2026_Fantasy_Hitters'!G63 -> 59.747088 | AE37: ='2026_Fantasy_Hitters'!H63 -> 26.742289 | AF37: ='2026_Fantasy_Hitters'!I63 -> 3.9291916 | AG37: ='2026_Fantasy_Hitters'!J63 -> 27.188739 | AH37: ='2026_Fantasy_Hitters'!K63 -> 73.566989 | AI37: ='2026_Fantasy_Hitters'!L63 -> 72 | AJ37: ='2026_Fantasy_Hitters'!M63 -> 40.8453 | ... AY37: ='2026_Fantasy_Hitters'!AB63 -> 0.0787 | AZ37: =AG37/$E37 -> 0.05238678
A38: Pete Crow-Armstrong | B38: CHC | C38: OF | D38: 563 | E38: 620 | F38: =G38+H38+I38+J38+K38+L38+M38+N38+O38+P38 -> 5.7070976 | G38: =(R38-R$221)/R$222 -> 1.3137052 | H38: =(S38-S$221)/S$222 -> 0.7059031 | I38: =(T38-T$221)/T$222 -> 0.41559474 | J38: =(U38-U$221)/U$222 -> 0.78951388 | K38: =(V38-V$221)/V$222 -> -0.66942603 | L38: =(W38-W$221)/W$222 -> 0.82754349 | M38: =(X38-X$221)/X$222 -> -0.3441328 | N38: =(Y38-Y$221)/Y$222 -> 0.10498739 | ... P38: =(AA38-AA$221)/AA$222 -> 0.11143681 | R38: =(AH38-AVERAGE(AH$2:AH$220))/AVERAGE(AH$2:AH$220)*100+100 -> 131.05717 | S38: =(AC38-AVERAGE(AC$2:AC$220))/AVERAGE(AC$2:AC$220)*100+100 -> 114.3738 | T38: =(AG38-AVERAGE(AG$2:AG$220))/AVERAGE(AG$2:AG$220)*100+100 -> 118.38418 | U38: =(AI38-AVERAGE(AI$2:AI$220))/AVERAGE(AI$2:AI$220)*100+100 -> 120.31346 | V38: =(AJ38-AVERAGE(AJ$2:AJ$220))/AVERAGE(AJ$2:AJ$220)*100+100 -> 75.772721 | W38: =(AM38-AVERAGE(AM$2:AM$220))/AVERAGE(AM$2:AM$220)*100+100 -> 140.23553 | X38: =(AS38-AVERAGE(AS$2:AS$220))/AVERAGE(AS$2:AS$220)*100+100 -> 97.728777 | Y38: =(AU38-AVERAGE(AU$2:AU$220))/AVERAGE(AU$2:AU$220)*100+100 -> 101.15432 | Z38: =(AR38-AVERAGE(AR$2:AR$220))/AVERAGE(AR$2:AR$220)*100+100 -> 325.45703 | AA38: =(AZ38-AVERAGE(AZ$2:AZ$220))/AVERAGE(AZ$2:AZ$220)*100+100 -> 104.04733 | AC38: ='2026_Fantasy_Hitters'!F31 -> 138.25548 | AD38: ='2026_Fantasy_Hitters'!G31 -> 83.302463 | AE38: ='2026_Fantasy_Hitters'!H31 -> 27.657069 | AF38: ='2026_Fantasy_Hitters'!I31 -> 4.6808025 | AG38: ='2026_Fantasy_Hitters'!J31 -> 22.293483 | AH38: ='2026_Fantasy_Hitters'!K31 -> 87.850163 | AI38: ='2026_Fantasy_Hitters'!L31 -> 79 | AJ38: ='2026_Fantasy_Hitters'!M31 -> 35.588 | ... AY38: ='2026_Fantasy_Hitters'!AB31 -> 0.0574 | AZ38: =AG38/$E38 -> 0.03595723
A39: Yandy Diaz | B39: TB | C39: 1B | D39: 547 | E39: 614 | F39: =G39+H39+I39+J39+K39+L39+M39+N39+O39+P39 -> 5.5809248 | G39: =(R39-R$221)/R$222 -> 0.60529213 | H39: =(S39-S$221)/S$222 -> 1.4748434 | I39: =(T39-T$221)/T$222 -> 0.472792 | J39: =(U39-U$221)/U$222 -> 0.49355395 | K39: =(V39-V$221)/V$222 -> 0.54569582 | L39: =(W39-W$221)/W$222 -> -0.22083855 | M39: =(X39-X$221)/X$222 -> 2.1754235 | N39: =(Y39-Y$221)/Y$222 -> 0.78792484 | ... P39: =(AA39-AA$221)/AA$222 -> 0.20125723 | R39: =(AH39-AVERAGE(AH$2:AH$220))/AVERAGE(AH$2:AH$220)*100+100 -> 114.30965 | S39: =(AC39-AVERAGE(AC$2:AC$220))/AVERAGE(AC$2:AC$220)*100+100 -> 130.03118 | T39: =(AG39-AVERAGE(AG$2:AG$220))/AVERAGE(AG$2:AG$220)*100+100 -> 120.91435 | U39: =(AI39-AVERAGE(AI$2:AI$220))/AVERAGE(AI$2:AI$220)*100+100 -> 112.69869 | V39: =(AJ39-AVERAGE(AJ$2:AJ$220))/AVERAGE(AJ$2:AJ$220)*100+100 -> 119.74934 | W39: =(AM39-AVERAGE(AM$2:AM$220))/AVERAGE(AM$2:AM$220)*100+100 -> 89.262732 | X39: =(AS39-AVERAGE(AS$2:AS$220))/AVERAGE(AS$2:AS$220)*100+100 -> 114.35746 | Y39: =(AU39-AVERAGE(AU$2:AU$220))/AVERAGE(AU$2:AU$220)*100+100 -> 108.66309 | Z39: =(AR39-AVERAGE(AR$2:AR$220))/AVERAGE(AR$2:AR$220)*100+100 -> 12.186645 | AA39: =(AZ39-AVERAGE(AZ$2:AZ$220))/AVERAGE(AZ$2:AZ$220)*100+100 -> 107.30956 | AC39: ='2026_Fantasy_Hitters'!F78 -> 157.18218 | AD39: ='2026_Fantasy_Hitters'!G78 -> 108.84578 | AE39: ='2026_Fantasy_Hitters'!H78 -> 24.76564 | AF39: ='2026_Fantasy_Hitters'!I78 -> 0.98156143 | AG39: ='2026_Fantasy_Hitters'!J78 -> 22.769951 | AH39: ='2026_Fantasy_Hitters'!K78 -> 76.623974 | AI39: ='2026_Fantasy_Hitters'!L78 -> 74 | AJ39: ='2026_Fantasy_Hitters'!M78 -> 56.2424 | ... AY39: ='2026_Fantasy_Hitters'!AB78 -> 0.0916 | AZ39: =AG39/$E39 -> 0.03708461
A40: Seiya Suzuki | B40: CHC | C40: OF | D40: 529 | E40: 603 | F40: =G40+H40+I40+J40+K40+L40+M40+N40+O40+P40 -> 5.5635044 | G40: =(R40-R$221)/R$222 -> 0.97041127 | H40: =(S40-S$221)/S$222 -> 0.56415285 | I40: =(T40-T$221)/T$222 -> 0.98316595 | J40: =(U40-U$221)/U$222 -> 1.0854738 | K40: =(V40-V$221)/V$222 -> 1.0079027 | L40: =(W40-W$221)/W$222 -> -0.65648177 | M40: =(X40-X$221)/X$222 -> 0.20988447 | N40: =(Y40-Y$221)/Y$222 -> 1.000956 | ... P40: =(AA40-AA$221)/AA$222 -> 0.8168941 | R40: =(AH40-AVERAGE(AH$2:AH$220))/AVERAGE(AH$2:AH$220)*100+100 -> 122.9414 | S40: =(AC40-AVERAGE(AC$2:AC$220))/AVERAGE(AC$2:AC$220)*100+100 -> 111.48744 | T40: =(AG40-AVERAGE(AG$2:AG$220))/AVERAGE(AG$2:AG$220)*100+100 -> 143.49116 | U40: =(AI40-AVERAGE(AI$2:AI$220))/AVERAGE(AI$2:AI$220)*100+100 -> 127.92824 | V40: =(AJ40-AVERAGE(AJ$2:AJ$220))/AVERAGE(AJ$2:AJ$220)*100+100 -> 136.47713 | W40: =(AM40-AVERAGE(AM$2:AM$220))/AVERAGE(AM$2:AM$220)*100+100 -> 68.081564 | X40: =(AS40-AVERAGE(AS$2:AS$220))/AVERAGE(AS$2:AS$220)*100+100 -> 101.3852 | Y40: =(AU40-AVERAGE(AU$2:AU$220))/AVERAGE(AU$2:AU$220)*100+100 -> 111.00533 | Z40: =(AR40-AVERAGE(AR$2:AR$220))/AVERAGE(AR$2:AR$220)*100+100 -> 61.486592 | AA40: =(AZ40-AVERAGE(AZ$2:AZ$220))/AVERAGE(AZ$2:AZ$220)*100+100 -> 129.66919 | AC40: ='2026_Fantasy_Hitters'!F64 -> 134.76644 | AD40: ='2026_Fantasy_Hitters'!G64 -> 78.623412 | AE40: ='2026_Fantasy_Hitters'!H64 -> 26.816139 | AF40: ='2026_Fantasy_Hitters'!I64 -> 3.0052183 | AG40: ='2026_Fantasy_Hitters'!J64 -> 27.021497 | AH40: ='2026_Fantasy_Hitters'!K64 -> 82.41 | AI40: ='2026_Fantasy_Hitters'!L64 -> 84 | AJ40: ='2026_Fantasy_Hitters'!M64 -> 64.0989 | ... AY40: ='2026_Fantasy_Hitters'!AB64 -> 0.1063 | AZ40: =AG40/$E40 -> 0.04481177
A41: James Wood | B41: WSH | C41: OF | D41: 549 | E41: 630 | F41: =G41+H41+I41+J41+K41+L41+M41+N41+O41+P41 -> 5.4373217 | G41: =(R41-R$221)/R$222 -> 0.8977135 | H41: =(S41-S$221)/S$222 -> 0.87409275 | I41: =(T41-T$221)/T$222 -> 0.5203263 | J41: =(U41-U$221)/U$222 -> 0.84870587 | K41: =(V41-V$221)/V$222 -> 1.4843819 | L41: =(W41-W$221)/W$222 -> -0.65881785 | M41: =(X41-X$221)/X$222 -> 0.48817705 | N41: =(Y41-Y$221)/Y$222 -> 0.51199391 | ... P41: =(AA41-AA$221)/AA$222 -> 0.17629583 | R41: =(AH41-AVERAGE(AH$2:AH$220))/AVERAGE(AH$2:AH$220)*100+100 -> 121.22276 | S41: =(AC41-AVERAGE(AC$2:AC$220))/AVERAGE(AC$2:AC$220)*100+100 -> 117.79853 | T41: =(AG41-AVERAGE(AG$2:AG$220))/AVERAGE(AG$2:AG$220)*100+100 -> 123.01707 | U41: =(AI41-AVERAGE(AI$2:AI$220))/AVERAGE(AI$2:AI$220)*100+100 -> 121.83642 | V41: =(AJ41-AVERAGE(AJ$2:AJ$220))/AVERAGE(AJ$2:AJ$220)*100+100 -> 153.72145 | W41: =(AM41-AVERAGE(AM$2:AM$220))/AVERAGE(AM$2:AM$220)*100+100 -> 67.967983 | X41: =(AS41-AVERAGE(AS$2:AS$220))/AVERAGE(AS$2:AS$220)*100+100 -> 103.22189 | Y41: =(AU41-AVERAGE(AU$2:AU$220))/AVERAGE(AU$2:AU$220)*100+100 -> 105.62928 | Z41: =(AR41-AVERAGE(AR$2:AR$220))/AVERAGE(AR$2:AR$220)*100+100 -> 127.07468 | AA41: =(AZ41-AVERAGE(AZ$2:AZ$220))/AVERAGE(AZ$2:AZ$220)*100+100 -> 106.40298 | AC41: ='2026_Fantasy_Hitters'!F34 -> 142.3953 | AD41: ='2026_Fantasy_Hitters'!G34 -> 88.462135 | AE41: ='2026_Fantasy_Hitters'!H34 -> 29.807344 | AF41: ='2026_Fantasy_Hitters'!I34 -> 1.8370733 | AG41: ='2026_Fantasy_Hitters'!J34 -> 23.165924 | AH41: ='2026_Fantasy_Hitters'!K34 -> 81.257962 | AI41: ='2026_Fantasy_Hitters'!L34 -> 80 | AJ41: ='2026_Fantasy_Hitters'!M34 -> 72.198 | ... AY41: ='2026_Fantasy_Hitters'!AB34 -> 0.1146 | AZ41: =AG41/$E41 -> 0.036771307
A42: Riley Greene | B42: DET | C42: OF | D42: 565 | E42: 630 | F42: =G42+H42+I42+J42+K42+L42+M42+N42+O42+P42 -> 5.3674261 | G42: =(R42-R$221)/R$222 -> 0.78708218 | H42: =(S42-S$221)/S$222 -> 0.92411523 | I42: =(T42-T$221)/T$222 -> 1.0112292 | J42: =(U42-U$221)/U$222 -> 1.3814337 | K42: =(V42-V$221)/V$222 -> 0.61338693 | L42: =(W42-W$221)/W$222 -> -0.25950511 | M42: =(X42-X$221)/X$222 -> 0.17667863 | N42: =(Y42-Y$221)/Y$222 -> 0.69171745 | ... P42: =(AA42-AA$221)/AA$222 -> 0.69344787 | R42: =(AH42-AVERAGE(AH$2:AH$220))/AVERAGE(AH$2:AH$220)*100+100 -> 118.60733 | S42: =(AC42-AVERAGE(AC$2:AC$220))/AVERAGE(AC$2:AC$220)*100+100 -> 118.8171 | T42: =(AG42-AVERAGE(AG$2:AG$220))/AVERAGE(AG$2:AG$220)*100+100 -> 144.73257 | U42: =(AI42-AVERAGE(AI$2:AI$220))/AVERAGE(AI$2:AI$220)*100+100 -> 135.54302 | V42: =(AJ42-AVERAGE(AJ$2:AJ$220))/AVERAGE(AJ$2:AJ$220)*100+100 -> 122.19916 | W42: =(AM42-AVERAGE(AM$2:AM$220))/AVERAGE(AM$2:AM$220)*100+100 -> 87.382746 | X42: =(AS42-AVERAGE(AS$2:AS$220))/AVERAGE(AS$2:AS$220)*100+100 -> 101.16605 | Y42: =(AU42-AVERAGE(AU$2:AU$220))/AVERAGE(AU$2:AU$220)*100+100 -> 107.60531 | Z42: =(AR42-AVERAGE(AR$2:AR$220))/AVERAGE(AR$2:AR$220)*100+100 -> 40.034358 | AA42: =(AZ42-AVERAGE(AZ$2:AZ$220))/AVERAGE(AZ$2:AZ$220)*100+100 -> 125.18569 | AC42: ='2026_Fantasy_Hitters'!F40 -> 143.62655 | AD42: ='2026_Fantasy_Hitters'!G40 -> 86.052652 | AE42: ='2026_Fantasy_Hitters'!H40 -> 27.157331 | AF42: ='2026_Fantasy_Hitters'!I40 -> 2.9270028 | AG42: ='2026_Fantasy_Hitters'!J40 -> 27.255272 | AH42: ='2026_Fantasy_Hitters'!K40 -> 79.504792 | AI42: ='2026_Fantasy_Hitters'!L40 -> 89 | AJ42: ='2026_Fantasy_Hitters'!M40 -> 57.393 | ... AY42: ='2026_Fantasy_Hitters'!AB40 -> 0.0911 | AZ42: =AG42/$E42 -> 0.043262336
A43: Jackson Chourio | B43: MIL | C43: OF | D43: 580 | E43: 629 | F43: =G43+H43+I43+J43+K43+L43+M43+N43+O43+P43 -> 5.3020037 | G43: =(R43-R$221)/R$222 -> 0.85064062 | H43: =(S43-S$221)/S$222 -> 1.4269792 | I43: =(T43-T$221)/T$222 -> 0.29884911 | J43: =(U43-U$221)/U$222 -> 1.0854738 | K43: =(V43-V$221)/V$222 -> -0.4429085 | L43: =(W43-W$221)/W$222 -> -0.61894067 | M43: =(X43-X$221)/X$222 -> 1.067076 | N43: =(Y43-Y$221)/Y$222 -> 0.4267897 | ... P43: =(AA43-AA$221)/AA$222 -> -0.052737322 | R43: =(AH43-AVERAGE(AH$2:AH$220))/AVERAGE(AH$2:AH$220)*100+100 -> 120.10991 | S43: =(AC43-AVERAGE(AC$2:AC$220))/AVERAGE(AC$2:AC$220)*100+100 -> 129.05656 | T43: =(AG43-AVERAGE(AG$2:AG$220))/AVERAGE(AG$2:AG$220)*100+100 -> 113.21984 | U43: =(AI43-AVERAGE(AI$2:AI$220))/AVERAGE(AI$2:AI$220)*100+100 -> 127.92824 | V43: =(AJ43-AVERAGE(AJ$2:AJ$220))/AVERAGE(AJ$2:AJ$220)*100+100 -> 83.970644 | W43: =(AM43-AVERAGE(AM$2:AM$220))/AVERAGE(AM$2:AM$220)*100+100 -> 69.906829 | X43: =(AS43-AVERAGE(AS$2:AS$220))/AVERAGE(AS$2:AS$220)*100+100 -> 107.04254 | Y43: =(AU43-AVERAGE(AU$2:AU$220))/AVERAGE(AU$2:AU$220)*100+100 -> 104.69248 | Z43: =(AR43-AVERAGE(AR$2:AR$220))/AVERAGE(AR$2:AR$220)*100+100 -> 215.92798 | AA43: =(AZ43-AVERAGE(AZ$2:AZ$220))/AVERAGE(AZ$2:AZ$220)*100+100 -> 98.084606 | AC43: ='2026_Fantasy_Hitters'!F21 -> 156.00405 | AD43: ='2026_Fantasy_Hitters'!G21 -> 99.0093 | AE43: ='2026_Fantasy_Hitters'!H21 -> 31.222263 | AF43: ='2026_Fantasy_Hitters'!I21 -> 3.7039038 | AG43: ='2026_Fantasy_Hitters'!J21 -> 21.320961 | AH43: ='2026_Fantasy_Hitters'!K21 -> 80.512 | AI43: ='2026_Fantasy_Hitters'!L21 -> 84 | AJ43: ='2026_Fantasy_Hitters'!M21 -> 39.4383 | ... AY43: ='2026_Fantasy_Hitters'!AB21 -> 0.0627 | AZ43: =AG43/$E43 -> 0.0338966
A44: Taylor Ward | B44: BAL | C44: OF | D44: 553 | E44: 629 | F44: =G44+H44+I44+J44+K44+L44+M44+N44+O44+P44 -> 5.2725076 | G44: =(R44-R$221)/R$222 -> 0.86695073 | H44: =(S44-S$221)/S$222 -> 0.61458637 | I44: =(T44-T$221)/T$222 -> 1.0086792 | J44: =(U44-U$221)/U$222 -> 0.96708984 | K44: =(V44-V$221)/V$222 -> 1.1112925 | L44: =(W44-W$221)/W$222 -> 0.43094885 | M44: =(X44-X$221)/X$222 -> -0.32144991 | N44: =(Y44-Y$221)/Y$222 -> 0.55374655 | ... P44: =(AA44-AA$221)/AA$222 -> 0.69623697 | R44: =(AH44-AVERAGE(AH$2:AH$220))/AVERAGE(AH$2:AH$220)*100+100 -> 120.4955 | S44: =(AC44-AVERAGE(AC$2:AC$220))/AVERAGE(AC$2:AC$220)*100+100 -> 112.51438 | T44: =(AG44-AVERAGE(AG$2:AG$220))/AVERAGE(AG$2:AG$220)*100+100 -> 144.61976 | U44: =(AI44-AVERAGE(AI$2:AI$220))/AVERAGE(AI$2:AI$220)*100+100 -> 124.88233 | V44: =(AJ44-AVERAGE(AJ$2:AJ$220))/AVERAGE(AJ$2:AJ$220)*100+100 -> 140.21892 | W44: =(AM44-AVERAGE(AM$2:AM$220))/AVERAGE(AM$2:AM$220)*100+100 -> 120.95293 | X44: =(AS44-AVERAGE(AS$2:AS$220))/AVERAGE(AS$2:AS$220)*100+100 -> 97.878481 | Y44: =(AU44-AVERAGE(AU$2:AU$220))/AVERAGE(AU$2:AU$220)*100+100 -> 106.08834 | Z44: =(AR44-AVERAGE(AR$2:AR$220))/AVERAGE(AR$2:AR$220)*100+100 -> 39.7205 | AA44: =(AZ44-AVERAGE(AZ$2:AZ$220))/AVERAGE(AZ$2:AZ$220)*100+100 -> 125.28699 | AC44: ='2026_Fantasy_Hitters'!F80 -> 136.00781 | AD44: ='2026_Fantasy_Hitters'!G80 -> 81.173703 | AE44: ='2026_Fantasy_Hitters'!H80 -> 26.431012 | AF44: ='2026_Fantasy_Hitters'!I80 -> 2.0506936 | AG44: ='2026_Fantasy_Hitters'!J80 -> 27.234029 | AH44: ='2026_Fantasy_Hitters'!K80 -> 80.770465 | AI44: ='2026_Fantasy_Hitters'!L80 -> 82 | AJ44: ='2026_Fantasy_Hitters'!M80 -> 65.8563 | ... AY44: ='2026_Fantasy_Hitters'!AB80 -> 0.1047 | AZ44: =AG44/$E44 -> 0.043297343
A45: Jeremy Pena | B45: HOU | C45: SS | D45: 578 | E45: 633 | F45: =G45+H45+I45+J45+K45+L45+M45+N45+O45+P45 -> 5.2201835 | G45: =(R45-R$221)/R$222 -> 0.92213098 | H45: =(S45-S$221)/S$222 -> 1.4897115 | I45: =(T45-T$221)/T$222 -> -0.19323001 | J45: =(U45-U$221)/U$222 -> 0.19759403 | K45: =(V45-V$221)/V$222 -> -0.59201014 | L45: =(W45-W$221)/W$222 -> 1.9384882 | M45: =(X45-X$221)/X$222 -> 1.284284 | N45: =(Y45-Y$221)/Y$222 -> -0.13996311 | ... P45: =(AA45-AA$221)/AA$222 -> -0.58573706 | R45: =(AH45-AVERAGE(AH$2:AH$220))/AVERAGE(AH$2:AH$220)*100+100 -> 121.80001 | S45: =(AC45-AVERAGE(AC$2:AC$220))/AVERAGE(AC$2:AC$220)*100+100 -> 130.33393 | T45: =(AG45-AVERAGE(AG$2:AG$220))/AVERAGE(AG$2:AG$220)*100+100 -> 91.452309 | U45: =(AI45-AVERAGE(AI$2:AI$220))/AVERAGE(AI$2:AI$220)*100+100 -> 105.08391 | V45: =(AJ45-AVERAGE(AJ$2:AJ$220))/AVERAGE(AJ$2:AJ$220)*100+100 -> 78.574489 | W45: =(AM45-AVERAGE(AM$2:AM$220))/AVERAGE(AM$2:AM$220)*100+100 -> 194.25016 | X45: =(AS45-AVERAGE(AS$2:AS$220))/AVERAGE(AS$2:AS$220)*100+100 -> 108.47607 | Y45: =(AU45-AVERAGE(AU$2:AU$220))/AVERAGE(AU$2:AU$220)*100+100 -> 98.461131 | Z45: =(AR45-AVERAGE(AR$2:AR$220))/AVERAGE(AR$2:AR$220)*100+100 -> 182.65459 | AA45: =(AZ45-AVERAGE(AZ$2:AZ$220))/AVERAGE(AZ$2:AZ$220)*100+100 -> 78.726316 | AC45: ='2026_Fantasy_Hitters'!F55 -> 157.54814 | AD45: ='2026_Fantasy_Hitters'!G55 -> 108.20595 | AE45: ='2026_Fantasy_Hitters'!H55 -> 29.224436 | AF45: ='2026_Fantasy_Hitters'!I55 -> 2.0412569 | AG45: ='2026_Fantasy_Hitters'!J55 -> 17.221815 | AH45: ='2026_Fantasy_Hitters'!K55 -> 81.644904 | AI45: ='2026_Fantasy_Hitters'!L55 -> 69 | AJ45: ='2026_Fantasy_Hitters'!M55 -> 36.9039 | ... AY45: ='2026_Fantasy_Hitters'!AB55 -> 0.0583 | AZ45: =AG45/$E45 -> 0.027206659
A46: 7 Willy Adames | B46: SF | C46: SS | D46: 570 | E46: 649 | F46: =G46+H46+I46+J46+K46+L46+M46+N46+O46+P46 -> 5.141585 | G46: =(R46-R$221)/R$222 -> 1.1036186 | H46: =(S46-S$221)/S$222 -> 0.60381189 | I46: =(T46-T$221)/T$222 -> 1.2160953 | J46: =(U46-U$221)/U$222 -> 1.0854738 | K46: =(V46-V$221)/V$222 -> 1.2955752 | L46: =(W46-W$221)/W$222 -> -0.61919556 | M46: =(X46-X$221)/X$222 -> -0.79181628 | N46: =(Y46-Y$221)/Y$222 -> 0.43316997 | ... P46: =(AA46-AA$221)/AA$222 -> 0.80204248 | R46: =(AH46-AVERAGE(AH$2:AH$220))/AVERAGE(AH$2:AH$220)*100+100 -> 126.09054 | S46: =(AC46-AVERAGE(AC$2:AC$220))/AVERAGE(AC$2:AC$220)*100+100 -> 112.29499 | T46: =(AG46-AVERAGE(AG$2:AG$220))/AVERAGE(AG$2:AG$220)*100+100 -> 153.79499 | U46: =(AI46-AVERAGE(AI$2:AI$220))/AVERAGE(AI$2:AI$220)*100+100 -> 127.92824 | V46: =(AJ46-AVERAGE(AJ$2:AJ$220))/AVERAGE(AJ$2:AJ$220)*100+100 -> 146.88832 | W46: =(AM46-AVERAGE(AM$2:AM$220))/AVERAGE(AM$2:AM$220)*100+100 -> 69.894436 | X46: =(AS46-AVERAGE(AS$2:AS$220))/AVERAGE(AS$2:AS$220)*100+100 -> 94.774136 | Y46: =(AU46-AVERAGE(AU$2:AU$220))/AVERAGE(AU$2:AU$220)*100+100 -> 104.76263 | Z46: =(AR46-AVERAGE(AR$2:AR$220))/AVERAGE(AR$2:AR$220)*100+100 -> 101.17784 | AA46: =(AZ46-AVERAGE(AZ$2:AZ$220))/AVERAGE(AZ$2:AZ$220)*100+100 -> 129.12979 | AC46: ='2026_Fantasy_Hitters'!F71 -> 135.7426 | AD46: ='2026_Fantasy_Hitters'!G71 -> 77.107251 | AE46: ='2026_Fantasy_Hitters'!H71 -> 28.381068 | AF46: ='2026_Fantasy_Hitters'!I71 -> 1.2855593 | AG46: ='2026_Fantasy_Hitters'!J71 -> 28.961859 | AH46: ='2026_Fantasy_Hitters'!K71 -> 84.52093 | AI46: ='2026_Fantasy_Hitters'!L71 -> 84 | AJ46: ='2026_Fantasy_Hitters'!M71 -> 68.9887 | ... AY46: ='2026_Fantasy_Hitters'!AB71 -> 0.1063 | AZ46: =AG46/$E46 -> 0.04462536
A47: Jarren Duran | B47: BOS | C47: OF | D47: 547 | E47: 607 | F47: =G47+H47+I47+J47+K47+L47+M47+N47+O47+P47 -> 5.0684363 | G47: =(R47-R$221)/R$222 -> 0.93602811 | H47: =(S47-S$221)/S$222 -> 0.89776525 | I47: =(T47-T$221)/T$222 -> -0.0071541813 | J47: =(U47-U$221)/U$222 -> 0.19759403 | K47: =(V47-V$221)/V$222 -> 0.14372619 | L47: =(W47-W$221)/W$222 -> 0.44130042 | M47: =(X47-X$221)/X$222 -> 0.60959426 | N47: =(Y47-Y$221)/Y$222 -> 0.73700828 | ... P47: =(AA47-AA$221)/AA$222 -> -0.28943759 | R47: =(AH47-AVERAGE(AH$2:AH$220))/AVERAGE(AH$2:AH$220)*100+100 -> 122.12855 | S47: =(AC47-AVERAGE(AC$2:AC$220))/AVERAGE(AC$2:AC$220)*100+100 -> 118.28055 | T47: =(AG47-AVERAGE(AG$2:AG$220))/AVERAGE(AG$2:AG$220)*100+100 -> 99.683529 | U47: =(AI47-AVERAGE(AI$2:AI$220))/AVERAGE(AI$2:AI$220)*100+100 -> 105.08391 | V47: =(AJ47-AVERAGE(AJ$2:AJ$220))/AVERAGE(AJ$2:AJ$220)*100+100 -> 105.20161 | W47: =(AM47-AVERAGE(AM$2:AM$220))/AVERAGE(AM$2:AM$220)*100+100 -> 121.45622 | X47: =(AS47-AVERAGE(AS$2:AS$220))/AVERAGE(AS$2:AS$220)*100+100 -> 104.02323 | Y47: =(AU47-AVERAGE(AU$2:AU$220))/AVERAGE(AU$2:AU$220)*100+100 -> 108.10327 | Z47: =(AR47-AVERAGE(AR$2:AR$220))/AVERAGE(AR$2:AR$220)*100+100 -> 228.91394 | AA47: =(AZ47-AVERAGE(AZ$2:AZ$220))/AVERAGE(AZ$2:AZ$220)*100+100 -> 89.487768 | AC47: ='2026_Fantasy_Hitters'!F35 -> 142.97797 | AD47: ='2026_Fantasy_Hitters'!G35 -> 86.592887 | AE47: ='2026_Fantasy_Hitters'!H35 -> 33.988398 | AF47: ='2026_Fantasy_Hitters'!I35 -> 7.1480089 | AG47: ='2026_Fantasy_Hitters'!J35 -> 18.771875 | AH47: ='2026_Fantasy_Hitters'!K35 -> 81.865132 | AI47: ='2026_Fantasy_Hitters'!L35 -> 69 | AJ47: ='2026_Fantasy_Hitters'!M35 -> 49.4098 | ... AY47: ='2026_Fantasy_Hitters'!AB35 -> 0.0814 | AZ47: =AG47/$E47 -> 0.030925659
A48: Mookie Betts | B48: LAD | C48: SS | D48: 545 | E48: 621 | F48: =G48+H48+I48+J48+K48+L48+M48+N48+O48+P48 -> 5.064393 | G48: =(R48-R$221)/R$222 -> 1.0501554 | H48: =(S48-S$221)/S$222 -> 0.96141635 | I48: =(T48-T$221)/T$222 -> 0.16981846 | J48: =(U48-U$221)/U$222 -> 0.90789785 | K48: =(V48-V$221)/V$222 -> 0.98164044 | L48: =(W48-W$221)/W$222 -> 0.031798624 | M48: =(X48-X$221)/X$222 -> 0.84077759 | N48: =(Y48-Y$221)/Y$222 -> 0.361098 | ... P48: =(AA48-AA$221)/AA$222 -> -0.15584699 | R48: =(AH48-AVERAGE(AH$2:AH$220))/AVERAGE(AH$2:AH$220)*100+100 -> 124.82662 | S48: =(AC48-AVERAGE(AC$2:AC$220))/AVERAGE(AC$2:AC$220)*100+100 -> 119.57663 | T48: =(AG48-AVERAGE(AG$2:AG$220))/AVERAGE(AG$2:AG$220)*100+100 -> 107.51206 | U48: =(AI48-AVERAGE(AI$2:AI$220))/AVERAGE(AI$2:AI$220)*100+100 -> 123.35938 | V48: =(AJ48-AVERAGE(AJ$2:AJ$220))/AVERAGE(AJ$2:AJ$220)*100+100 -> 135.52667 | W48: =(AM48-AVERAGE(AM$2:AM$220))/AVERAGE(AM$2:AM$220)*100+100 -> 101.54606 | X48: =(AS48-AVERAGE(AS$2:AS$220))/AVERAGE(AS$2:AS$220)*100+100 -> 105.549 | Y48: =(AU48-AVERAGE(AU$2:AU$220))/AVERAGE(AU$2:AU$220)*100+100 -> 103.97021 | Z48: =(AR48-AVERAGE(AR$2:AR$220))/AVERAGE(AR$2:AR$220)*100+100 -> 92.242909 | AA48: =(AZ48-AVERAGE(AZ$2:AZ$220))/AVERAGE(AZ$2:AZ$220)*100+100 -> 94.339713 | AC48: ='2026_Fantasy_Hitters'!F32 -> 144.54468 | AD48: ='2026_Fantasy_Hitters'!G32 -> 91.258815 | AE48: ='2026_Fantasy_Hitters'!H32 -> 30.763899 | AF48: ='2026_Fantasy_Hitters'!I32 -> 2.2823134 | AG48: ='2026_Fantasy_Hitters'!J32 -> 20.246103 | AH48: ='2026_Fantasy_Hitters'!K32 -> 83.673701 | AI48: ='2026_Fantasy_Hitters'!L32 -> 81 | AJ48: ='2026_Fantasy_Hitters'!M32 -> 63.6525 | ... AY48: ='2026_Fantasy_Hitters'!AB32 -> 0.1025 | AZ48: =AG48/$E48 -> 0.03260242
A49: Manny Machado | B49: SD | C49: 3B | D49: 566 | E49: 624 | F49: =G49+H49+I49+J49+K49+L49+M49+N49+O49+P49 -> 5.037091 | G49: =(R49-R$221)/R$222 -> 0.72387972 | H49: =(S49-S$221)/S$222 -> 1.0979174 | I49: =(T49-T$221)/T$222 -> 1.0961378 | J49: =(U49-U$221)/U$222 -> 1.2630498 | K49: =(V49-V$221)/V$222 -> 0.23614991 | L49: =(W49-W$221)/W$222 -> -1.3378108 | M49: =(X49-X$221)/X$222 -> 0.60535601 | N49: =(Y49-Y$221)/Y$222 -> 0.75246811 | ... P49: =(AA49-AA$221)/AA$222 -> 0.81689888 | R49: =(AH49-AVERAGE(AH$2:AH$220))/AVERAGE(AH$2:AH$220)*100+100 -> 117.11317 | S49: =(AC49-AVERAGE(AC$2:AC$220))/AVERAGE(AC$2:AC$220)*100+100 -> 122.35611 | T49: =(AG49-AVERAGE(AG$2:AG$220))/AVERAGE(AG$2:AG$220)*100+100 -> 148.48857 | U49: =(AI49-AVERAGE(AI$2:AI$220))/AVERAGE(AI$2:AI$220)*100+100 -> 132.49711 | V49: =(AJ49-AVERAGE(AJ$2:AJ$220))/AVERAGE(AJ$2:AJ$220)*100+100 -> 108.54653 | W49: =(AM49-AVERAGE(AM$2:AM$220))/AVERAGE(AM$2:AM$220)*100+100 -> 34.955044 | X49: =(AS49-AVERAGE(AS$2:AS$220))/AVERAGE(AS$2:AS$220)*100+100 -> 103.99526 | Y49: =(AU49-AVERAGE(AU$2:AU$220))/AVERAGE(AU$2:AU$220)*100+100 -> 108.27325 | Z49: =(AR49-AVERAGE(AR$2:AR$220))/AVERAGE(AR$2:AR$220)*100+100 -> 80.051074 | AA49: =(AZ49-AVERAGE(AZ$2:AZ$220))/AVERAGE(AZ$2:AZ$220)*100+100 -> 129.66937 | AC49: ='2026_Fantasy_Hitters'!F25 -> 147.90452 | AD49: ='2026_Fantasy_Hitters'!G25 -> 93.496558 | AE49: ='2026_Fantasy_Hitters'!H25 -> 27.219388 | AF49: ='2026_Fantasy_Hitters'!I25 -> 0.14868842 | AG49: ='2026_Fantasy_Hitters'!J25 -> 27.962582 | AH49: ='2026_Fantasy_Hitters'!K25 -> 78.503226 | AI49: ='2026_Fantasy_Hitters'!L25 -> 87 | AJ49: ='2026_Fantasy_Hitters'!M25 -> 50.9808 | ... AY49: ='2026_Fantasy_Hitters'!AB25 -> 0.0817 | AZ49: =AG49/$E49 -> 0.04481183
A50: Will Smith | B50: LAD | C50: C | D50: 429 | E50: 501 | F50: =G50+H50+I50+J50+K50+L50+M50+N50+O50+P50 -> 4.9484941 | G50: =(R50-R$221)/R$222 -> 0.37660631 | H50: =(S50-S$221)/S$222 -> -0.24827246 | I50: =(T50-T$221)/T$222 -> 0.5724348 | J50: =(U50-U$221)/U$222 -> 0.19759403 | K50: =(V50-V$221)/V$222 -> 0.57339352 | L50: =(W50-W$221)/W$222 -> 1.1240516 | M50: =(X50-X$221)/X$222 -> 0.97995668 | N50: =(Y50-Y$221)/Y$222 -> 1.2918555 | ... P50: =(AA50-AA$221)/AA$222 -> 0.99966284 | R50: =(AH50-AVERAGE(AH$2:AH$220))/AVERAGE(AH$2:AH$220)*100+100 -> 108.90331 | S50: =(AC50-AVERAGE(AC$2:AC$220))/AVERAGE(AC$2:AC$220)*100+100 -> 94.944605 | T50: =(AG50-AVERAGE(AG$2:AG$220))/AVERAGE(AG$2:AG$220)*100+100 -> 125.32213 | U50: =(AI50-AVERAGE(AI$2:AI$220))/AVERAGE(AI$2:AI$220)*100+100 -> 105.08391 | V50: =(AJ50-AVERAGE(AJ$2:AJ$220))/AVERAGE(AJ$2:AJ$220)*100+100 -> 120.75176 | W50: =(AM50-AVERAGE(AM$2:AM$220))/AVERAGE(AM$2:AM$220)*100+100 -> 154.65189 | X50: =(AS50-AVERAGE(AS$2:AS$220))/AVERAGE(AS$2:AS$220)*100+100 -> 106.46756 | Y50: =(AU50-AVERAGE(AU$2:AU$220))/AVERAGE(AU$2:AU$220)*100+100 -> 114.20372 | Z50: =(AR50-AVERAGE(AR$2:AR$220))/AVERAGE(AR$2:AR$220)*100+100 -> 15.518041 | AA50: =(AZ50-AVERAGE(AZ$2:AZ$220))/AVERAGE(AZ$2:AZ$220)*100+100 -> 136.30727 | AC50: ='2026_Fantasy_Hitters'!F72 -> 114.76939 | AD50: ='2026_Fantasy_Hitters'!G72 -> 68.525691 | AE50: ='2026_Fantasy_Hitters'!H72 -> 20.810405 | AF50: ='2026_Fantasy_Hitters'!I72 -> 1.1666263 | AG50: ='2026_Fantasy_Hitters'!J72 -> 23.600001 | AH50: ='2026_Fantasy_Hitters'!K72 -> 73 | AI50: ='2026_Fantasy_Hitters'!L72 -> 69 | AJ50: ='2026_Fantasy_Hitters'!M72 -> 56.7132 | ... AY50: ='2026_Fantasy_Hitters'!AB72 -> 0.1132 | AZ50: =AG50/$E50 -> 0.04710579
A51: Matt Olson | B51: ATL | C51: 1B | D51: 576 | E51: 666 | F51: =G51+H51+I51+J51+K51+L51+M51+N51+O51+P51 -> 4.8536366 | G51: =(R51-R$221)/R$222 -> 0.86422511 | H51: =(S51-S$221)/S$222 -> 0.67762847 | I51: =(T51-T$221)/T$222 -> 0.92209102 | J51: =(U51-U$221)/U$222 -> 1.5590097 | K51: =(V51-V$221)/V$222 -> 1.9817757 | L51: =(W51-W$221)/W$222 -> 0.069417142 | M51: =(X51-X$221)/X$222 -> -0.7511923 | N51: =(Y51-Y$221)/Y$222 -> 0.064398423 | ... P51: =(AA51-AA$221)/AA$222 -> 0.41830636 | R51: =(AH51-AVERAGE(AH$2:AH$220))/AVERAGE(AH$2:AH$220)*100+100 -> 120.43106 | S51: =(AC51-AVERAGE(AC$2:AC$220))/AVERAGE(AC$2:AC$220)*100+100 -> 113.79806 | T51: =(AG51-AVERAGE(AG$2:AG$220))/AVERAGE(AG$2:AG$220)*100+100 -> 140.78946 | U51: =(AI51-AVERAGE(AI$2:AI$220))/AVERAGE(AI$2:AI$220)*100+100 -> 140.11188 | V51: =(AJ51-AVERAGE(AJ$2:AJ$220))/AVERAGE(AJ$2:AJ$220)*100+100 -> 171.72269 | W51: =(AM51-AVERAGE(AM$2:AM$220))/AVERAGE(AM$2:AM$220)*100+100 -> 103.37509 | X51: =(AS51-AVERAGE(AS$2:AS$220))/AVERAGE(AS$2:AS$220)*100+100 -> 95.042248 | Y51: =(AU51-AVERAGE(AU$2:AU$220))/AVERAGE(AU$2:AU$220)*100+100 -> 100.70805 | Z51: =(AR51-AVERAGE(AR$2:AR$220))/AVERAGE(AR$2:AR$220)*100+100 -> 12.462176 | AA51: =(AZ51-AVERAGE(AZ$2:AZ$220))/AVERAGE(AZ$2:AZ$220)*100+100 -> 115.19268 | AC51: ='2026_Fantasy_Hitters'!F28 -> 137.55953 | AD51: ='2026_Fantasy_Hitters'!G28 -> 82.99019 | AE51: ='2026_Fantasy_Hitters'!H28 -> 27.171881 | AF51: ='2026_Fantasy_Hitters'!I28 -> 0.98019899 | AG51: ='2026_Fantasy_Hitters'!J28 -> 26.512727 | AH51: ='2026_Fantasy_Hitters'!K28 -> 80.727273 | AI51: ='2026_Fantasy_Hitters'!L28 -> 92 | AJ51: ='2026_Fantasy_Hitters'!M28 -> 80.6526 | ... AY51: ='2026_Fantasy_Hitters'!AB28 -> 0.1211 | AZ51: =AG51/$E51 -> 0.0398089
A52: Matt Chapman | B52: SF | C52: 3B | D52: 531 | E52: 612 | F52: =G52+H52+I52+J52+K52+L52+M52+N52+O52+P52 -> 4.479114 | G52: =(R52-R$221)/R$222 -> 0.95772462 | H52: =(S52-S$221)/S$222 -> 0.24992859 | I52: =(T52-T$221)/T$222 -> 0.86645365 | J52: =(U52-U$221)/U$222 -> 0.49355395 | K52: =(V52-V$221)/V$222 -> 1.2910157 | L52: =(W52-W$221)/W$222 -> 0.47861031 | M52: =(X52-X$221)/X$222 -> -0.72627408 | N52: =(Y52-Y$221)/Y$222 -> 0.46720735 | ... P52: =(AA52-AA$221)/AA$222 -> 0.63782134 | R52: =(AH52-AVERAGE(AH$2:AH$220))/AVERAGE(AH$2:AH$220)*100+100 -> 122.64147 | S52: =(AC52-AVERAGE(AC$2:AC$220))/AVERAGE(AC$2:AC$220)*100+100 -> 105.08912 | T52: =(AG52-AVERAGE(AG$2:AG$220))/AVERAGE(AG$2:AG$220)*100+100 -> 138.3283 | U52: =(AI52-AVERAGE(AI$2:AI$220))/AVERAGE(AI$2:AI$220)*100+100 -> 112.69869 | V52: =(AJ52-AVERAGE(AJ$2:AJ$220))/AVERAGE(AJ$2:AJ$220)*100+100 -> 146.72331 | W52: =(AM52-AVERAGE(AM$2:AM$220))/AVERAGE(AM$2:AM$220)*100+100 -> 123.27025 | X52: =(AS52-AVERAGE(AS$2:AS$220))/AVERAGE(AS$2:AS$220)*100+100 -> 95.206704 | Y52: =(AU52-AVERAGE(AU$2:AU$220))/AVERAGE(AU$2:AU$220)*100+100 -> 105.13686 | Z52: =(AR52-AVERAGE(AR$2:AR$220))/AVERAGE(AR$2:AR$220)*100+100 -> 78.214686 | AA52: =(AZ52-AVERAGE(AZ$2:AZ$220))/AVERAGE(AZ$2:AZ$220)*100+100 -> 123.16536 | AC52: ='2026_Fantasy_Hitters'!F84 -> 127.03212 | AD52: ='2026_Fantasy_Hitters'!G84 -> 71.427279 | AE52: ='2026_Fantasy_Hitters'!H84 -> 27.518499 | AF52: ='2026_Fantasy_Hitters'!I84 -> 2.1354281 | AG52: ='2026_Fantasy_Hitters'!J84 -> 26.049254 | AH52: ='2026_Fantasy_Hitters'!K84 -> 82.208955 | AI52: ='2026_Fantasy_Hitters'!L84 -> 74 | AJ52: ='2026_Fantasy_Hitters'!M84 -> 68.9112 | ... AY52: ='2026_Fantasy_Hitters'!AB84 -> 0.1126 | AZ52: =AG52/$E52 -> 0.04256414
A53: Hunter Goodman | B53: COL | C53: C | D53: 514 | E53: 558 | F53: =G53+H53+I53+J53+K53+L53+M53+N53+O53+P53 -> 4.4755553 | G53: =(R53-R$221)/R$222 -> 0.17950774 | H53: =(S53-S$221)/S$222 -> 0.4485846 | I53: =(T53-T$221)/T$222 -> 1.1390613 | J53: =(U53-U$221)/U$222 -> 1.2038578 | K53: =(V53-V$221)/V$222 -> -0.77046263 | L53: =(W53-W$221)/W$222 -> 0.11212918 | M53: =(X53-X$221)/X$222 -> 0.32447221 | N53: =(Y53-Y$221)/Y$222 -> 1.5085996 | ... P53: =(AA53-AA$221)/AA$222 -> 1.2902387 | R53: =(AH53-AVERAGE(AH$2:AH$220))/AVERAGE(AH$2:AH$220)*100+100 -> 104.24372 | S53: =(AC53-AVERAGE(AC$2:AC$220))/AVERAGE(AC$2:AC$220)*100+100 -> 109.13421 | T53: =(AG53-AVERAGE(AG$2:AG$220))/AVERAGE(AG$2:AG$220)*100+100 -> 150.38733 | U53: =(AI53-AVERAGE(AI$2:AI$220))/AVERAGE(AI$2:AI$220)*100+100 -> 130.97415 | V53: =(AJ53-AVERAGE(AJ$2:AJ$220))/AVERAGE(AJ$2:AJ$220)*100+100 -> 72.116093 | W53: =(AM53-AVERAGE(AM$2:AM$220))/AVERAGE(AM$2:AM$220)*100+100 -> 105.45177 | X53: =(AS53-AVERAGE(AS$2:AS$220))/AVERAGE(AS$2:AS$220)*100+100 -> 102.14147 | Y53: =(AU53-AVERAGE(AU$2:AU$220))/AVERAGE(AU$2:AU$220)*100+100 -> 116.58678 | Z53: =(AR53-AVERAGE(AR$2:AR$220))/AVERAGE(AR$2:AR$220)*100+100 -> 11.688862 | AA53: =(AZ53-AVERAGE(AZ$2:AZ$220))/AVERAGE(AZ$2:AZ$220)*100+100 -> 146.86084 | AC53: ='2026_Fantasy_Hitters'!F54 -> 131.92184 | AD53: ='2026_Fantasy_Hitters'!G54 -> 72.721812 | AE53: ='2026_Fantasy_Hitters'!H54 -> 29.674111 | AF53: ='2026_Fantasy_Hitters'!I54 -> 3.0394961 | AG53: ='2026_Fantasy_Hitters'!J54 -> 28.320146 | AH53: ='2026_Fantasy_Hitters'!K54 -> 69.876588 | AI53: ='2026_Fantasy_Hitters'!L54 -> 86 | AJ53: ='2026_Fantasy_Hitters'!M54 -> 33.8706 | ... AY53: ='2026_Fantasy_Hitters'!AB54 -> 0.0607 | AZ53: =AG53/$E53 -> 0.05075295
A54: Jo Adell | B54: LAA | C54: OF | D54: 515 | E54: 566 | F54: =G54+H54+I54+J54+K54+L54+M54+N54+O54+P54 -> 4.3747102 | G54: =(R54-R$221)/R$222 -> 0.31463359 | H54: =(S54-S$221)/S$222 -> 0.03819096 | I54: =(T54-T$221)/T$222 -> 1.387187 | J54: =(U54-U$221)/U$222 -> 1.0262818 | K54: =(V54-V$221)/V$222 -> -0.45219794 | L54: =(W54-W$221)/W$222 -> 0.83928943 | M54: =(X54-X$221)/X$222 -> -0.88832227 | N54: =(Y54-Y$221)/Y$222 -> 0.83178373 | ... P54: =(AA54-AA$221)/AA$222 -> 1.5240357 | R54: =(AH54-AVERAGE(AH$2:AH$220))/AVERAGE(AH$2:AH$220)*100+100 -> 107.43822 | S54: =(AC54-AVERAGE(AC$2:AC$220))/AVERAGE(AC$2:AC$220)*100+100 -> 100.77766 | T54: =(AG54-AVERAGE(AG$2:AG$220))/AVERAGE(AG$2:AG$220)*100+100 -> 161.36337 | U54: =(AI54-AVERAGE(AI$2:AI$220))/AVERAGE(AI$2:AI$220)*100+100 -> 126.40529 | V54: =(AJ54-AVERAGE(AJ$2:AJ$220))/AVERAGE(AJ$2:AJ$220)*100+100 -> 83.634449 | W54: =(AM54-AVERAGE(AM$2:AM$220))/AVERAGE(AM$2:AM$220)*100+100 -> 140.80663 | X54: =(AS54-AVERAGE(AS$2:AS$220))/AVERAGE(AS$2:AS$220)*100+100 -> 94.137211 | Y54: =(AU54-AVERAGE(AU$2:AU$220))/AVERAGE(AU$2:AU$220)*100+100 -> 109.14531 | Z54: =(AR54-AVERAGE(AR$2:AR$220))/AVERAGE(AR$2:AR$220)*100+100 -> 77.364684 | AA54: =(AZ54-AVERAGE(AZ$2:AZ$220))/AVERAGE(AZ$2:AZ$220)*100+100 -> 155.35223 | AC54: ='2026_Fantasy_Hitters'!F81 -> 121.82041 | AD54: ='2026_Fantasy_Hitters'!G81 -> 67.203483 | AE54: ='2026_Fantasy_Hitters'!H81 -> 23.112309 | AF54: ='2026_Fantasy_Hitters'!I81 -> 1.2379705 | AG54: ='2026_Fantasy_Hitters'!J81 -> 30.387097 | AH54: ='2026_Fantasy_Hitters'!K81 -> 72.017921 | AI54: ='2026_Fantasy_Hitters'!L81 -> 83 | AJ54: ='2026_Fantasy_Hitters'!M81 -> 39.2804 | ... AY54: ='2026_Fantasy_Hitters'!AB81 -> 0.0694 | AZ54: =AG54/$E54 -> 0.05368745
A55: Vinnie Pasquantino | B55: KC | C55: 1B | D55: 566 | E55: 630 | F55: =G55+H55+I55+J55+K55+L55+M55+N55+O55+P55 -> 4.2502009 | G55: =(R55-R$221)/R$222 -> 0.39864728 | H55: =(S55-S$221)/S$222 -> 1.0090773 | I55: =(T55-T$221)/T$222 -> 0.6568674 | J55: =(U55-U$221)/U$222 -> 1.6182017 | K55: =(V55-V$221)/V$222 -> 0.30205255 | L55: =(W55-W$221)/W$222 -> 0.096845278 | M55: =(X55-X$221)/X$222 -> 0.37239149 | N55: =(Y55-Y$221)/Y$222 -> 0.39436039 | ... P55: =(AA55-AA$221)/AA$222 -> 0.32013793 | R55: =(AH55-AVERAGE(AH$2:AH$220))/AVERAGE(AH$2:AH$220)*100+100 -> 109.42438 | S55: =(AC55-AVERAGE(AC$2:AC$220))/AVERAGE(AC$2:AC$220)*100+100 -> 120.54712 | T55: =(AG55-AVERAGE(AG$2:AG$220))/AVERAGE(AG$2:AG$220)*100+100 -> 129.05708 | U55: =(AI55-AVERAGE(AI$2:AI$220))/AVERAGE(AI$2:AI$220)*100+100 -> 141.63484 | V55: =(AJ55-AVERAGE(AJ$2:AJ$220))/AVERAGE(AJ$2:AJ$220)*100+100 -> 110.93162 | W55: =(AM55-AVERAGE(AM$2:AM$220))/AVERAGE(AM$2:AM$220)*100+100 -> 104.70866 | X55: =(AS55-AVERAGE(AS$2:AS$220))/AVERAGE(AS$2:AS$220)*100+100 -> 102.45773 | Y55: =(AU55-AVERAGE(AU$2:AU$220))/AVERAGE(AU$2:AU$220)*100+100 -> 104.33592 | Z55: =(AR55-AVERAGE(AR$2:AR$220))/AVERAGE(AR$2:AR$220)*100+100 -> 15.555586 | AA55: =(AZ55-AVERAGE(AZ$2:AZ$220))/AVERAGE(AZ$2:AZ$220)*100+100 -> 111.62725 | AC55: ='2026_Fantasy_Hitters'!F57 -> 145.71781 | AD55: ='2026_Fantasy_Hitters'!G57 -> 88.926897 | AE55: ='2026_Fantasy_Hitters'!H57 -> 30.541758 | AF55: ='2026_Fantasy_Hitters'!I57 -> 1.1815558 | AG55: ='2026_Fantasy_Hitters'!J57 -> 24.303346 | AH55: ='2026_Fantasy_Hitters'!K57 -> 73.349282 | AI55: ='2026_Fantasy_Hitters'!L57 -> 93 | AJ55: ='2026_Fantasy_Hitters'!M57 -> 52.101 | ... AY55: ='2026_Fantasy_Hitters'!AB57 -> 0.0827 | AZ55: =AG55/$E55 -> 0.03857674
A56: Teoscar Hernandez | B56: LAD | C56: OF | D56: 509 | E56: 553 | F56: =G56+H56+I56+J56+K56+L56+M56+N56+O56+P56 -> 4.2076498 | G56: =(R56-R$221)/R$222 -> 0.63631529 | H56: =(S56-S$221)/S$222 -> 0.48692906 | I56: =(T56-T$221)/T$222 -> 0.90177476 | J56: =(U56-U$221)/U$222 -> 1.0262818 | K56: =(V56-V$221)/V$222 -> -0.67770357 | L56: =(W56-W$221)/W$222 -> -0.24617412 | M56: =(X56-X$221)/X$222 -> 0.58830951 | N56: =(Y56-Y$221)/Y$222 -> 0.94297669 | ... P56: =(AA56-AA$221)/AA$222 -> 1.042018 | R56: =(AH56-AVERAGE(AH$2:AH$220))/AVERAGE(AH$2:AH$220)*100+100 -> 115.04307 | S56: =(AC56-AVERAGE(AC$2:AC$220))/AVERAGE(AC$2:AC$220)*100+100 -> 109.91499 | T56: =(AG56-AVERAGE(AG$2:AG$220))/AVERAGE(AG$2:AG$220)*100+100 -> 139.89076 | U56: =(AI56-AVERAGE(AI$2:AI$220))/AVERAGE(AI$2:AI$220)*100+100 -> 126.40529 | V56: =(AJ56-AVERAGE(AJ$2:AJ$220))/AVERAGE(AJ$2:AJ$220)*100+100 -> 75.473147 | W56: =(AM56-AVERAGE(AM$2:AM$220))/AVERAGE(AM$2:AM$220)*100+100 -> 88.030904 | X56: =(AS56-AVERAGE(AS$2:AS$220))/AVERAGE(AS$2:AS$220)*100+100 -> 103.88275 | Y56: =(AU56-AVERAGE(AU$2:AU$220))/AVERAGE(AU$2:AU$220)*100+100 -> 110.36786 | Z56: =(AR56-AVERAGE(AR$2:AR$220))/AVERAGE(AR$2:AR$220)*100+100 -> 54.661869 | AA56: =(AZ56-AVERAGE(AZ$2:AZ$220))/AVERAGE(AZ$2:AZ$220)*100+100 -> 137.84558 | AC56: ='2026_Fantasy_Hitters'!F69 -> 132.86565 | AD56: ='2026_Fantasy_Hitters'!G69 -> 79.389159 | AE56: ='2026_Fantasy_Hitters'!H69 -> 25.374383 | AF56: ='2026_Fantasy_Hitters'!I69 -> 1.0133698 | AG56: ='2026_Fantasy_Hitters'!J69 -> 26.343488 | AH56: ='2026_Fantasy_Hitters'!K69 -> 77.115596 | AI56: ='2026_Fantasy_Hitters'!L69 -> 83 | AJ56: ='2026_Fantasy_Hitters'!M69 -> 35.4473 | ... AY56: ='2026_Fantasy_Hitters'!AB69 -> 0.0641 | AZ56: =AG56/$E56 -> 0.04763741
A57: Shea Langeliers | B57: ATH | C57: C | D57: 478 | E57: 526 | F57: =G57+H57+I57+J57+K57+L57+M57+N57+O57+P57 -> 4.1002294 | G57: =(R57-R$221)/R$222 -> 0.25039909 | H57: =(S57-S$221)/S$222 -> 0.068862886 | I57: =(T57-T$221)/T$222 -> 1.2206739 | J57: =(U57-U$221)/U$222 -> 0.61193792 | K57: =(V57-V$221)/V$222 -> -0.47316536 | L57: =(W57-W$221)/W$222 -> -0.62717552 | M57: =(X57-X$221)/X$222 -> 0.31099802 | N57: =(Y57-Y$221)/Y$222 -> 1.5414708 | ... P57: =(AA57-AA$221)/AA$222 -> 1.6392116 | R57: =(AH57-AVERAGE(AH$2:AH$220))/AVERAGE(AH$2:AH$220)*100+100 -> 105.91966 | S57: =(AC57-AVERAGE(AC$2:AC$220))/AVERAGE(AC$2:AC$220)*100+100 -> 101.40221 | T57: =(AG57-AVERAGE(AG$2:AG$220))/AVERAGE(AG$2:AG$220)*100+100 -> 153.99753 | U57: =(AI57-AVERAGE(AI$2:AI$220))/AVERAGE(AI$2:AI$220)*100+100 -> 115.7446 | V57: =(AJ57-AVERAGE(AJ$2:AJ$220))/AVERAGE(AJ$2:AJ$220)*100+100 -> 82.875615 | W57: =(AM57-AVERAGE(AM$2:AM$220))/AVERAGE(AM$2:AM$220)*100+100 -> 69.506447 | X57: =(AS57-AVERAGE(AS$2:AS$220))/AVERAGE(AS$2:AS$220)*100+100 -> 102.05254 | Y57: =(AU57-AVERAGE(AU$2:AU$220))/AVERAGE(AU$2:AU$220)*100+100 -> 116.94819 | Z57: =(AR57-AVERAGE(AR$2:AR$220))/AVERAGE(AR$2:AR$220)*100+100 -> 59.267939 | AA57: =(AZ57-AVERAGE(AZ$2:AZ$220))/AVERAGE(AZ$2:AZ$220)*100+100 -> 159.53536 | AC57: ='2026_Fantasy_Hitters'!F45 -> 122.57537 | AD57: ='2026_Fantasy_Hitters'!G45 -> 67.371858 | AE57: ='2026_Fantasy_Hitters'!H45 -> 25.223023 | AF57: ='2026_Fantasy_Hitters'!I45 -> 1.1873518 | AG57: ='2026_Fantasy_Hitters'!J45 -> 29 | AH57: ='2026_Fantasy_Hitters'!K45 -> 71 | AI57: ='2026_Fantasy_Hitters'!L45 -> 76 | AJ57: ='2026_Fantasy_Hitters'!M45 -> 38.924 | ... AY57: ='2026_Fantasy_Hitters'!AB45 -> 0.074 | AZ57: =AG57/$E57 -> 0.05513308
A58: Ben Rice | B58: NYY | C58: C,1B | D58: 475 | E58: 541 | F58: =G58+H58+I58+J58+K58+L58+M58+N58+O58+P58 -> 4.0932439 | G58: =(R58-R$221)/R$222 -> 0.34734598 | H58: =(S58-S$221)/S$222 -> -0.11983698 | I58: =(T58-T$221)/T$222 -> 0.89346958 | J58: =(U58-U$221)/U$222 -> 0.55274594 | K58: =(V58-V$221)/V$222 -> 0.38782835 | L58: =(W58-W$221)/W$222 -> 0.82156536 | M58: =(X58-X$221)/X$222 -> -0.18096568 | N58: =(Y58-Y$221)/Y$222 -> 1.0284544 | ... P58: =(AA58-AA$221)/AA$222 -> 1.1160148 | R58: =(AH58-AVERAGE(AH$2:AH$220))/AVERAGE(AH$2:AH$220)*100+100 -> 108.21157 | S58: =(AC58-AVERAGE(AC$2:AC$220))/AVERAGE(AC$2:AC$220)*100+100 -> 97.559845 | T58: =(AG58-AVERAGE(AG$2:AG$220))/AVERAGE(AG$2:AG$220)*100+100 -> 139.52337 | U58: =(AI58-AVERAGE(AI$2:AI$220))/AVERAGE(AI$2:AI$220)*100+100 -> 114.22164 | V58: =(AJ58-AVERAGE(AJ$2:AJ$220))/AVERAGE(AJ$2:AJ$220)*100+100 -> 114.03594 | W58: =(AM58-AVERAGE(AM$2:AM$220))/AVERAGE(AM$2:AM$220)*100+100 -> 139.94487 | X58: =(AS58-AVERAGE(AS$2:AS$220))/AVERAGE(AS$2:AS$220)*100+100 -> 98.805655 | Y58: =(AU58-AVERAGE(AU$2:AU$220))/AVERAGE(AU$2:AU$220)*100+100 -> 111.30767 | Z58: =(AR58-AVERAGE(AR$2:AR$220))/AVERAGE(AR$2:AR$220)*100+100 -> 30.72745 | AA58: =(AZ58-AVERAGE(AZ$2:AZ$220))/AVERAGE(AZ$2:AZ$220)*100+100 -> 140.53311 | AC58: ='2026_Fantasy_Hitters'!F52 -> 117.93071 | AD58: ='2026_Fantasy_Hitters'!G52 -> 66.586866 | AE58: ='2026_Fantasy_Hitters'!H52 -> 23.230254 | AF58: ='2026_Fantasy_Hitters'!I52 -> 2.1227782 | AG58: ='2026_Fantasy_Hitters'!J52 -> 26.274303 | AH58: ='2026_Fantasy_Hitters'!K52 -> 72.536313 | AI58: ='2026_Fantasy_Hitters'!L52 -> 75 | AJ58: ='2026_Fantasy_Hitters'!M52 -> 53.559 | ... AY58: ='2026_Fantasy_Hitters'!AB52 -> 0.099 | AZ58: =AG58/$E58 -> 0.04856618
A59: Brandon Nimmo | B59: TEX | C59: OF | D59: 550 | E59: 622 | F59: =G59+H59+I59+J59+K59+L59+M59+N59+O59+P59 -> 4.0782157 | G59: =(R59-R$221)/R$222 -> 0.76325564 | H59: =(S59-S$221)/S$222 -> 0.68851413 | I59: =(T59-T$221)/T$222 -> 0.37218689 | J59: =(U59-U$221)/U$222 -> 0.37516998 | K59: =(V59-V$221)/V$222 -> 0.75347563 | L59: =(W59-W$221)/W$222 -> 1.1644528 | M59: =(X59-X$221)/X$222 -> -0.041057144 | N59: =(Y59-Y$221)/Y$222 -> 0.079313716 | ... P59: =(AA59-AA$221)/AA$222 -> 0.055908247 | R59: =(AH59-AVERAGE(AH$2:AH$220))/AVERAGE(AH$2:AH$220)*100+100 -> 118.04405 | S59: =(AC59-AVERAGE(AC$2:AC$220))/AVERAGE(AC$2:AC$220)*100+100 -> 114.01972 | T59: =(AG59-AVERAGE(AG$2:AG$220))/AVERAGE(AG$2:AG$220)*100+100 -> 116.464 | U59: =(AI59-AVERAGE(AI$2:AI$220))/AVERAGE(AI$2:AI$220)*100+100 -> 109.65278 | V59: =(AJ59-AVERAGE(AJ$2:AJ$220))/AVERAGE(AJ$2:AJ$220)*100+100 -> 127.26913 | W59: =(AM59-AVERAGE(AM$2:AM$220))/AVERAGE(AM$2:AM$220)*100+100 -> 156.61621 | X59: =(AS59-AVERAGE(AS$2:AS$220))/AVERAGE(AS$2:AS$220)*100+100 -> 99.729029 | Y59: =(AU59-AVERAGE(AU$2:AU$220))/AVERAGE(AU$2:AU$220)*100+100 -> 100.87204 | Z59: =(AR59-AVERAGE(AR$2:AR$220))/AVERAGE(AR$2:AR$220)*100+100 -> 87.770363 | AA59: =(AZ59-AVERAGE(AZ$2:AZ$220))/AVERAGE(AZ$2:AZ$220)*100+100 -> 102.03056 | AC59: ='2026_Fantasy_Hitters'!F93 -> 137.82747 | AD59: ='2026_Fantasy_Hitters'!G93 -> 87.714016 | AE59: ='2026_Fantasy_Hitters'!H93 -> 25.896234 | AF59: ='2026_Fantasy_Hitters'!I93 -> 2.7851957 | AG59: ='2026_Fantasy_Hitters'!J93 -> 21.931884 | AH59: ='2026_Fantasy_Hitters'!K93 -> 79.127214 | AI59: ='2026_Fantasy_Hitters'!L93 -> 72 | AJ59: ='2026_Fantasy_Hitters'!M93 -> 59.7742 | ... AY59: ='2026_Fantasy_Hitters'!AB93 -> 0.0961 | AZ59: =AG59/$E59 -> 0.035260264
A60: Salvador Perez | B60: KC | C60: C,1B | D60: 532 | E60: 575 | F60: =G60+H60+I60+J60+K60+L60+M60+N60+O60+P60 -> 4.03738 | G60: =(R60-R$221)/R$222 -> -0.12710766 | H60: =(S60-S$221)/S$222 -> 0.52723414 | I60: =(T60-T$221)/T$222 -> 1.1367277 | J60: =(U60-U$221)/U$222 -> 1.3222417 | K60: =(V60-V$221)/V$222 -> -1.0142059 | L60: =(W60-W$221)/W$222 -> 1.2415622 | M60: =(X60-X$221)/X$222 -> 0.020259274 | N60: =(Y60-Y$221)/Y$222 -> 0.81887759 | ... P60: =(AA60-AA$221)/AA$222 -> 1.1679958 | R60: =(AH60-AVERAGE(AH$2:AH$220))/AVERAGE(AH$2:AH$220)*100+100 -> 96.99506 | S60: =(AC60-AVERAGE(AC$2:AC$220))/AVERAGE(AC$2:AC$220)*100+100 -> 110.73569 | T60: =(AG60-AVERAGE(AG$2:AG$220))/AVERAGE(AG$2:AG$220)*100+100 -> 150.2841 | U60: =(AI60-AVERAGE(AI$2:AI$220))/AVERAGE(AI$2:AI$220)*100+100 -> 134.02006 | V60: =(AJ60-AVERAGE(AJ$2:AJ$220))/AVERAGE(AJ$2:AJ$220)*100+100 -> 63.29475 | W60: =(AM60-AVERAGE(AM$2:AM$220))/AVERAGE(AM$2:AM$220)*100+100 -> 160.36531 | X60: =(AS60-AVERAGE(AS$2:AS$220))/AVERAGE(AS$2:AS$220)*100+100 -> 100.13371 | Y60: =(AU60-AVERAGE(AU$2:AU$220))/AVERAGE(AU$2:AU$220)*100+100 -> 109.00341 | Z60: =(AR60-AVERAGE(AR$2:AR$220))/AVERAGE(AR$2:AR$220)*100+100 -> 2.8827208 | AA60: =(AZ60-AVERAGE(AZ$2:AZ$220))/AVERAGE(AZ$2:AZ$220)*100+100 -> 142.42104 | AC60: ='2026_Fantasy_Hitters'!F65 -> 133.85772 | AD60: ='2026_Fantasy_Hitters'!G65 -> 79.613907 | AE60: ='2026_Fantasy_Hitters'!H65 -> 25.819861 | AF60: ='2026_Fantasy_Hitters'!I65 -> 0.59749281 | AG60: ='2026_Fantasy_Hitters'!J65 -> 28.300706 | AH60: ='2026_Fantasy_Hitters'!K65 -> 65.017668 | AI60: ='2026_Fantasy_Hitters'!L65 -> 88 | AJ60: ='2026_Fantasy_Hitters'!M65 -> 29.7275 | ... AY60: ='2026_Fantasy_Hitters'!AB65 -> 0.0517 | AZ60: =AG60/$E60 -> 0.04921862
A61: 13 Heliot Ramos | B61: SF | C61: OF | D61: 554 | E61: 613 | F61: =G61+H61+I61+J61+K61+L61+M61+N61+O61+P61 -> 3.8586556 | G61: =(R61-R$221)/R$222 -> 0.67705018 | H61: =(S61-S$221)/S$222 -> 0.88598932 | I61: =(T61-T$221)/T$222 -> 0.62207411 | J61: =(U61-U$221)/U$222 -> 0.315978 | K61: =(V61-V$221)/V$222 -> -0.06916605 | L61: =(W61-W$221)/W$222 -> 0.86357279 | M61: =(X61-X$221)/X$222 -> 0.37889337 | N61: =(Y61-Y$221)/Y$222 -> 0.34576749 | ... P61: =(AA61-AA$221)/AA$222 -> 0.36770285 | R61: =(AH61-AVERAGE(AH$2:AH$220))/AVERAGE(AH$2:AH$220)*100+100 -> 116.00608 | S61: =(AC61-AVERAGE(AC$2:AC$220))/AVERAGE(AC$2:AC$220)*100+100 -> 118.04077 | T61: =(AG61-AVERAGE(AG$2:AG$220))/AVERAGE(AG$2:AG$220)*100+100 -> 127.51797 | U61: =(AI61-AVERAGE(AI$2:AI$220))/AVERAGE(AI$2:AI$220)*100+100 -> 108.12982 | V61: =(AJ61-AVERAGE(AJ$2:AJ$220))/AVERAGE(AJ$2:AJ$220)*100+100 -> 97.496803 | W61: =(AM61-AVERAGE(AM$2:AM$220))/AVERAGE(AM$2:AM$220)*100+100 -> 141.98729 | X61: =(AS61-AVERAGE(AS$2:AS$220))/AVERAGE(AS$2:AS$220)*100+100 -> 102.50064 | Y61: =(AU61-AVERAGE(AU$2:AU$220))/AVERAGE(AU$2:AU$220)*100+100 -> 103.80165 | Z61: =(AR61-AVERAGE(AR$2:AR$220))/AVERAGE(AR$2:AR$220)*100+100 -> 51.339854 | AA61: =(AZ61-AVERAGE(AZ$2:AZ$220))/AVERAGE(AZ$2:AZ$220)*100+100 -> 113.35479 | AC61: ='2026_Fantasy_Hitters'!F188 -> 142.68812 | AD61: ='2026_Fantasy_Hitters'!G188 -> 89.749503 | AE61: ='2026_Fantasy_Hitters'!H188 -> 26.064834 | AF61: ='2026_Fantasy_Hitters'!I188 -> 2.0872447 | AG61: ='2026_Fantasy_Hitters'!J188 -> 24.013509 | AH61: ='2026_Fantasy_Hitters'!K188 -> 77.76112 | AI61: ='2026_Fantasy_Hitters'!L188 -> 71 | AJ61: ='2026_Fantasy_Hitters'!M188 -> 45.7911 | ... AY61: ='2026_Fantasy_Hitters'!AB188 -> 0.0747 | AZ61: =AG61/$E61 -> 0.039173751
A62: Roman Anthony | B62: BOS | C62: OF | D62: 525 | E62: 609 | F62: =G62+H62+I62+J62+K62+L62+M62+N62+O62+P62 -> 3.847372 | G62: =(R62-R$221)/R$222 -> 0.81641934 | H62: =(S62-S$221)/S$222 -> 0.72209275 | I62: =(T62-T$221)/T$222 -> 0.072068236 | J62: =(U62-U$221)/U$222 -> 0.13840204 | K62: =(V62-V$221)/V$222 -> 1.4932772 | L62: =(W62-W$221)/W$222 -> -0.22916796 | M62: =(X62-X$221)/X$222 -> 0.77343487 | N62: =(Y62-Y$221)/Y$222 -> 0.35782748 | ... P62: =(AA62-AA$221)/AA$222 -> -0.21119282 | R62: =(AH62-AVERAGE(AH$2:AH$220))/AVERAGE(AH$2:AH$220)*100+100 -> 119.30089 | S62: =(AC62-AVERAGE(AC$2:AC$220))/AVERAGE(AC$2:AC$220)*100+100 -> 114.70346 | T62: =(AG62-AVERAGE(AG$2:AG$220))/AVERAGE(AG$2:AG$220)*100+100 -> 103.188 | U62: =(AI62-AVERAGE(AI$2:AI$220))/AVERAGE(AI$2:AI$220)*100+100 -> 103.56096 | V62: =(AJ62-AVERAGE(AJ$2:AJ$220))/AVERAGE(AJ$2:AJ$220)*100+100 -> 154.04338 | W62: =(AM62-AVERAGE(AM$2:AM$220))/AVERAGE(AM$2:AM$220)*100+100 -> 88.857752 | X62: =(AS62-AVERAGE(AS$2:AS$220))/AVERAGE(AS$2:AS$220)*100+100 -> 105.10455 | Y62: =(AU62-AVERAGE(AU$2:AU$220))/AVERAGE(AU$2:AU$220)*100+100 -> 103.93425 | Z62: =(AR62-AVERAGE(AR$2:AR$220))/AVERAGE(AR$2:AR$220)*100+100 -> 92.111753 | AA62: =(AZ62-AVERAGE(AZ$2:AZ$220))/AVERAGE(AZ$2:AZ$220)*100+100 -> 92.32958 | AC62: ='2026_Fantasy_Hitters'!F36 -> 138.65397 | AD62: ='2026_Fantasy_Hitters'!G36 -> 86.822522 | AE62: ='2026_Fantasy_Hitters'!H36 -> 30.432802 | AF62: ='2026_Fantasy_Hitters'!I36 -> 2.097461 | AG62: ='2026_Fantasy_Hitters'!J36 -> 19.431818 | AH62: ='2026_Fantasy_Hitters'!K36 -> 79.969697 | AI62: ='2026_Fantasy_Hitters'!L36 -> 68 | AJ62: ='2026_Fantasy_Hitters'!M36 -> 72.3492 | ... AY62: ='2026_Fantasy_Hitters'!AB36 -> 0.1188 | AZ62: =AG62/$E62 -> 0.031907747
A63: Munetaka Murakami | B63: CWS | C63: 1B,3B | D63: 460 | E63: 541 | F63: =G63+H63+I63+J63+K63+L63+M63+N63+O63+P63 -> 3.8176316 | G63: =(R63-R$221)/R$222 -> 0.59194292 | H63: =(S63-S$221)/S$222 -> -0.76065698 | I63: =(T63-T$221)/T$222 -> 1.3657447 | J63: =(U63-U$221)/U$222 -> 0.43436197 | K63: =(V63-V$221)/V$222 -> 1.785062 | L63: =(W63-W$221)/W$222 -> 0.088217203 | M63: =(X63-X$221)/X$222 -> -1.7604259 | N63: =(Y63-Y$221)/Y$222 -> 0.67617935 | ... P63: =(AA63-AA$221)/AA$222 -> 1.6953914 | R63: =(AH63-AVERAGE(AH$2:AH$220))/AVERAGE(AH$2:AH$220)*100+100 -> 113.99406 | S63: =(AC63-AVERAGE(AC$2:AC$220))/AVERAGE(AC$2:AC$220)*100+100 -> 84.511286 | T63: =(AG63-AVERAGE(AG$2:AG$220))/AVERAGE(AG$2:AG$220)*100+100 -> 160.41485 | U63: =(AI63-AVERAGE(AI$2:AI$220))/AVERAGE(AI$2:AI$220)*100+100 -> 111.17573 | V63: =(AJ63-AVERAGE(AJ$2:AJ$220))/AVERAGE(AJ$2:AJ$220)*100+100 -> 164.6034 | W63: =(AM63-AVERAGE(AM$2:AM$220))/AVERAGE(AM$2:AM$220)*100+100 -> 104.28916 | X63: =(AS63-AVERAGE(AS$2:AS$220))/AVERAGE(AS$2:AS$220)*100+100 -> 88.381463 | Y63: =(AU63-AVERAGE(AU$2:AU$220))/AVERAGE(AU$2:AU$220)*100+100 -> 107.43447 | Z63: =(AR63-AVERAGE(AR$2:AR$220))/AVERAGE(AR$2:AR$220)*100+100 -> 72.582096 | AA63: =(AZ63-AVERAGE(AZ$2:AZ$220))/AVERAGE(AZ$2:AZ$220)*100+100 -> 161.57579 | AC63: ='2026_Fantasy_Hitters'!F92 -> 102.15756 | AD63: ='2026_Fantasy_Hitters'!G92 -> 53.394685 | AE63: ='2026_Fantasy_Hitters'!H92 -> 17.211713 | AF63: ='2026_Fantasy_Hitters'!I92 -> 0.40176511 | AG63: ='2026_Fantasy_Hitters'!J92 -> 30.208477 | AH63: ='2026_Fantasy_Hitters'!K92 -> 76.412429 | AI63: ='2026_Fantasy_Hitters'!L92 -> 73 | AJ63: ='2026_Fantasy_Hitters'!M92 -> 77.3089 | ... AY63: ='2026_Fantasy_Hitters'!AB92 -> 0.1429 | AZ63: =AG63/$E63 -> 0.05583822
A64: Jackson Merrill | B64: SD | C64: OF | D64: 555 | E64: 606 | F64: =G64+H64+I64+J64+K64+L64+M64+N64+O64+P64 -> 3.7737149 | G64: =(R64-R$221)/R$222 -> 0.63705212 | H64: =(S64-S$221)/S$222 -> 1.207348 | I64: =(T64-T$221)/T$222 -> 0.38429285 | J64: =(U64-U$221)/U$222 -> 0.90789785 | K64: =(V64-V$221)/V$222 -> -0.37088154 | L64: =(W64-W$221)/W$222 -> -0.94723304 | M64: =(X64-X$221)/X$222 -> 1.2103076 | N64: =(Y64-Y$221)/Y$222 -> 0.91554448 | ... P64: =(AA64-AA$221)/AA$222 -> 0.14333821 | R64: =(AH64-AVERAGE(AH$2:AH$220))/AVERAGE(AH$2:AH$220)*100+100 -> 115.06049 | S64: =(AC64-AVERAGE(AC$2:AC$220))/AVERAGE(AC$2:AC$220)*100+100 -> 124.58436 | T64: =(AG64-AVERAGE(AG$2:AG$220))/AVERAGE(AG$2:AG$220)*100+100 -> 116.99951 | U64: =(AI64-AVERAGE(AI$2:AI$220))/AVERAGE(AI$2:AI$220)*100+100 -> 123.35938 | V64: =(AJ64-AVERAGE(AJ$2:AJ$220))/AVERAGE(AJ$2:AJ$220)*100+100 -> 86.577381 | W64: =(AM64-AVERAGE(AM$2:AM$220))/AVERAGE(AM$2:AM$220)*100+100 -> 53.945107 | X64: =(AS64-AVERAGE(AS$2:AS$220))/AVERAGE(AS$2:AS$220)*100+100 -> 107.98784 | Y64: =(AU64-AVERAGE(AU$2:AU$220))/AVERAGE(AU$2:AU$220)*100+100 -> 110.06625 | Z64: =(AR64-AVERAGE(AR$2:AR$220))/AVERAGE(AR$2:AR$220)*100+100 -> 71.132377 | AA64: =(AZ64-AVERAGE(AZ$2:AZ$220))/AVERAGE(AZ$2:AZ$220)*100+100 -> 105.20597 | AC64: ='2026_Fantasy_Hitters'!F38 -> 150.59805 | AD64: ='2026_Fantasy_Hitters'!G38 -> 92.667311 | AE64: ='2026_Fantasy_Hitters'!H38 -> 33.205062 | AF64: ='2026_Fantasy_Hitters'!I38 -> 4.0638429 | AG64: ='2026_Fantasy_Hitters'!J38 -> 22.03273 | AH64: ='2026_Fantasy_Hitters'!K38 -> 77.127273 | AI64: ='2026_Fantasy_Hitters'!L38 -> 81 | AJ64: ='2026_Fantasy_Hitters'!M38 -> 40.6626 | ... AY64: ='2026_Fantasy_Hitters'!AB38 -> 0.0671 | AZ64: =AG64/$E64 -> 0.03635764
A65: William Contreras | B65: MIL | C65: C | D65: 526 | E65: 603 | F65: =G65+H65+I65+J65+K65+L65+M65+N65+O65+P65 -> 3.6879524 | G65: =(R65-R$221)/R$222 -> 0.32862237 | H65: =(S65-S$221)/S$222 -> 0.7772563 | I65: =(T65-T$221)/T$222 -> 0.24386091 | J65: =(U65-U$221)/U$222 -> 0.67112991 | K65: =(V65-V$221)/V$222 -> 1.2065636 | L65: =(W65-W$221)/W$222 -> -0.30016927 | M65: =(X65-X$221)/X$222 -> 0.89881377 | N65: =(Y65-Y$221)/Y$222 -> 0.37072411 | ... P65: =(AA65-AA$221)/AA$222 -> 0.0031843263 | R65: =(AH65-AVERAGE(AH$2:AH$220))/AVERAGE(AH$2:AH$220)*100+100 -> 107.76893 | S65: =(AC65-AVERAGE(AC$2:AC$220))/AVERAGE(AC$2:AC$220)*100+100 -> 115.82671 | T65: =(AG65-AVERAGE(AG$2:AG$220))/AVERAGE(AG$2:AG$220)*100+100 -> 110.78739 | U65: =(AI65-AVERAGE(AI$2:AI$220))/AVERAGE(AI$2:AI$220)*100+100 -> 117.26755 | V65: =(AJ65-AVERAGE(AJ$2:AJ$220))/AVERAGE(AJ$2:AJ$220)*100+100 -> 143.66689 | W65: =(AM65-AVERAGE(AM$2:AM$220))/AVERAGE(AM$2:AM$220)*100+100 -> 85.405636 | X65: =(AS65-AVERAGE(AS$2:AS$220))/AVERAGE(AS$2:AS$220)*100+100 -> 105.93203 | Y65: =(AU65-AVERAGE(AU$2:AU$220))/AVERAGE(AU$2:AU$220)*100+100 -> 104.07604 | Z65: =(AR65-AVERAGE(AR$2:AR$220))/AVERAGE(AR$2:AR$220)*100+100 -> 52.91888 | AA65: =(AZ65-AVERAGE(AZ$2:AZ$220))/AVERAGE(AZ$2:AZ$220)*100+100 -> 100.11565 | AC65: ='2026_Fantasy_Hitters'!F44 -> 140.01177 | AD65: ='2026_Fantasy_Hitters'!G44 -> 91.493911 | AE65: ='2026_Fantasy_Hitters'!H44 -> 27.268655 | AF65: ='2026_Fantasy_Hitters'!I44 -> 0.99434856 | AG65: ='2026_Fantasy_Hitters'!J44 -> 20.862895 | AH65: ='2026_Fantasy_Hitters'!K44 -> 72.239601 | AI65: ='2026_Fantasy_Hitters'!L44 -> 77 | AJ65: ='2026_Fantasy_Hitters'!M44 -> 67.4757 | ... AY65: ='2026_Fantasy_Hitters'!AB44 -> 0.1119 | AZ65: =AG65/$E65 -> 0.0345985
A66: Michael Busch | B66: CHC | C66: 1B | D66: 513 | E66: 584 | F66: =G66+H66+I66+J66+K66+L66+M66+N66+O66+P66 -> 3.4985054 | G66: =(R66-R$221)/R$222 -> 0.39243643 | H66: =(S66-S$221)/S$222 -> 0.19197014 | I66: =(T66-T$221)/T$222 -> 0.68938539 | J66: =(U66-U$221)/U$222 -> 0.78951388 | K66: =(V66-V$221)/V$222 -> 0.63483676 | L66: =(W66-W$221)/W$222 -> 0.81124062 | M66: =(X66-X$221)/X$222 -> -0.38779866 | N66: =(Y66-Y$221)/Y$222 -> 0.59939382 | ... P66: =(AA66-AA$221)/AA$222 -> 0.5991821 | R66: =(AH66-AVERAGE(AH$2:AH$220))/AVERAGE(AH$2:AH$220)*100+100 -> 109.27755 | S66: =(AC66-AVERAGE(AC$2:AC$220))/AVERAGE(AC$2:AC$220)*100+100 -> 103.90895 | T66: =(AG66-AVERAGE(AG$2:AG$220))/AVERAGE(AG$2:AG$220)*100+100 -> 130.49554 | U66: =(AI66-AVERAGE(AI$2:AI$220))/AVERAGE(AI$2:AI$220)*100+100 -> 120.31346 | V66: =(AJ66-AVERAGE(AJ$2:AJ$220))/AVERAGE(AJ$2:AJ$220)*100+100 -> 122.97545 | W66: =(AM66-AVERAGE(AM$2:AM$220))/AVERAGE(AM$2:AM$220)*100+100 -> 139.44288 | X66: =(AS66-AVERAGE(AS$2:AS$220))/AVERAGE(AS$2:AS$220)*100+100 -> 97.440589 | Y66: =(AU66-AVERAGE(AU$2:AU$220))/AVERAGE(AU$2:AU$220)*100+100 -> 106.59023 | Z66: =(AR66-AVERAGE(AR$2:AR$220))/AVERAGE(AR$2:AR$220)*100+100 -> 24.449414 | AA66: =(AZ66-AVERAGE(AZ$2:AZ$220))/AVERAGE(AZ$2:AZ$220)*100+100 -> 121.762 | AC66: ='2026_Fantasy_Hitters'!F73 -> 125.60553 | AD66: ='2026_Fantasy_Hitters'!G73 -> 72.699674 | AE66: ='2026_Fantasy_Hitters'!H73 -> 26.079342 | AF66: ='2026_Fantasy_Hitters'!I73 -> 3.0140476 | AG66: ='2026_Fantasy_Hitters'!J73 -> 24.574229 | AH66: ='2026_Fantasy_Hitters'!K73 -> 73.250859 | AI66: ='2026_Fantasy_Hitters'!L73 -> 79 | AJ66: ='2026_Fantasy_Hitters'!M73 -> 57.7576 | ... AY66: ='2026_Fantasy_Hitters'!AB73 -> 0.0989 | AZ66: =AG66/$E66 -> 0.04207916
A67: Alex Bregman | B67: CHC | C67: 3B | D67: 562 | E67: 640 | F67: =G67+H67+I67+J67+K67+L67+M67+N67+O67+P67 -> 3.440705 | G67: =(R67-R$221)/R$222 -> 0.54007944 | H67: =(S67-S$221)/S$222 -> 0.83354124 | I67: =(T67-T$221)/T$222 -> 0.41108364 | J67: =(U67-U$221)/U$222 -> 0.78951388 | K67: =(V67-V$221)/V$222 -> 0.99831906 | L67: =(W67-W$221)/W$222 -> 0.82265896 | M67: =(X67-X$221)/X$222 -> 0.019301906 | N67: =(Y67-Y$221)/Y$222 -> -0.069148747 | ... P67: =(AA67-AA$221)/AA$222 -> 0.017234451 | R67: =(AH67-AVERAGE(AH$2:AH$220))/AVERAGE(AH$2:AH$220)*100+100 -> 112.76796 | S67: =(AC67-AVERAGE(AC$2:AC$220))/AVERAGE(AC$2:AC$220)*100+100 -> 116.9728 | T67: =(AG67-AVERAGE(AG$2:AG$220))/AVERAGE(AG$2:AG$220)*100+100 -> 118.18463 | U67: =(AI67-AVERAGE(AI$2:AI$220))/AVERAGE(AI$2:AI$220)*100+100 -> 120.31346 | V67: =(AJ67-AVERAGE(AJ$2:AJ$220))/AVERAGE(AJ$2:AJ$220)*100+100 -> 136.13029 | W67: =(AM67-AVERAGE(AM$2:AM$220))/AVERAGE(AM$2:AM$220)*100+100 -> 139.99805 | X67: =(AS67-AVERAGE(AS$2:AS$220))/AVERAGE(AS$2:AS$220)*100+100 -> 100.12739 | Y67: =(AU67-AVERAGE(AU$2:AU$220))/AVERAGE(AU$2:AU$220)*100+100 -> 99.239722 | Z67: =(AR67-AVERAGE(AR$2:AR$220))/AVERAGE(AR$2:AR$220)*100+100 -> 15.23391 | AA67: =(AZ67-AVERAGE(AZ$2:AZ$220))/AVERAGE(AZ$2:AZ$220)*100+100 -> 100.62595 | AC67: ='2026_Fantasy_Hitters'!F53 -> 141.39716 | AD67: ='2026_Fantasy_Hitters'!G53 -> 90.257014 | AE67: ='2026_Fantasy_Hitters'!H53 -> 27.282347 | AF67: ='2026_Fantasy_Hitters'!I53 -> 0.99630449 | AG67: ='2026_Fantasy_Hitters'!J53 -> 22.255904 | AH67: ='2026_Fantasy_Hitters'!K53 -> 75.590551 | AI67: ='2026_Fantasy_Hitters'!L53 -> 79 | AJ67: ='2026_Fantasy_Hitters'!M53 -> 63.936 | ... AY67: ='2026_Fantasy_Hitters'!AB53 -> 0.0999 | AZ67: =AG67/$E67 -> 0.03477485
A68: Oneil Cruz | B68: PIT | C68: OF | D68: 466 | E68: 529 | F68: =G68+H68+I68+J68+K68+L68+M68+N68+O68+P68 -> 3.4388883 | G68: =(R68-R$221)/R$222 -> 0.65673355 | H68: =(S68-S$221)/S$222 -> -0.3430405 | I68: =(T68-T$221)/T$222 -> 0.59922786 | J68: =(U68-U$221)/U$222 -> -0.098365897 | K68: =(V68-V$221)/V$222 -> 0.37706813 | L68: =(W68-W$221)/W$222 -> -0.61983691 | M68: =(X68-X$221)/X$222 -> -0.60273408 | N68: =(Y68-Y$221)/Y$222 -> 0.722417 | ... P68: =(AA68-AA$221)/AA$222 -> 0.83463088 | R68: =(AH68-AVERAGE(AH$2:AH$220))/AVERAGE(AH$2:AH$220)*100+100 -> 115.52577 | S68: =(AC68-AVERAGE(AC$2:AC$220))/AVERAGE(AC$2:AC$220)*100+100 -> 93.014912 | T68: =(AG68-AVERAGE(AG$2:AG$220))/AVERAGE(AG$2:AG$220)*100+100 -> 126.50734 | U68: =(AI68-AVERAGE(AI$2:AI$220))/AVERAGE(AI$2:AI$220)*100+100 -> 97.469136 | V68: =(AJ68-AVERAGE(AJ$2:AJ$220))/AVERAGE(AJ$2:AJ$220)*100+100 -> 113.64652 | W68: =(AM68-AVERAGE(AM$2:AM$220))/AVERAGE(AM$2:AM$220)*100+100 -> 69.863253 | X68: =(AS68-AVERAGE(AS$2:AS$220))/AVERAGE(AS$2:AS$220)*100+100 -> 96.022049 | Y68: =(AU68-AVERAGE(AU$2:AU$220))/AVERAGE(AU$2:AU$220)*100+100 -> 107.94285 | Z68: =(AR68-AVERAGE(AR$2:AR$220))/AVERAGE(AR$2:AR$220)*100+100 -> 275.8795 | AA68: =(AZ68-AVERAGE(AZ$2:AZ$220))/AVERAGE(AZ$2:AZ$220)*100+100 -> 130.31339 | AC68: ='2026_Fantasy_Hitters'!F58 -> 112.43677 | AD68: ='2026_Fantasy_Hitters'!G58 -> 63.120305 | AE68: ='2026_Fantasy_Hitters'!H58 -> 23.198836 | AF68: ='2026_Fantasy_Hitters'!I58 -> 2.9299398 | AG68: ='2026_Fantasy_Hitters'!J58 -> 23.823194 | AH68: ='2026_Fantasy_Hitters'!K58 -> 77.439163 | AI68: ='2026_Fantasy_Hitters'!L58 -> 64 | AJ68: ='2026_Fantasy_Hitters'!M58 -> 53.3761 | ... AY68: ='2026_Fantasy_Hitters'!AB58 -> 0.1009 | AZ68: =AG68/$E68 -> 0.045034393
A69: Tyler Soderstrom | B69: ATH | C69: 1B,OF | D69: 525 | E69: 585 | F69: =G69+H69+I69+J69+K69+L69+M69+N69+O69+P69 -> 3.1634001 | G69: =(R69-R$221)/R$222 -> 0.51091759 | H69: =(S69-S$221)/S$222 -> 0.59402042 | I69: =(T69-T$221)/T$222 -> 0.51666758 | J69: =(U69-U$221)/U$222 -> 0.7303219 | K69: =(V69-V$221)/V$222 -> 0.19668598 | L69: =(W69-W$221)/W$222 -> 0.090916115 | M69: =(X69-X$221)/X$222 -> 0.41136437 | N69: =(Y69-Y$221)/Y$222 -> 0.44579261 | ... P69: =(AA69-AA$221)/AA$222 -> 0.39750166 | R69: =(AH69-AVERAGE(AH$2:AH$220))/AVERAGE(AH$2:AH$220)*100+100 -> 112.07855 | S69: =(AC69-AVERAGE(AC$2:AC$220))/AVERAGE(AC$2:AC$220)*100+100 -> 112.09561 | T69: =(AG69-AVERAGE(AG$2:AG$220))/AVERAGE(AG$2:AG$220)*100+100 -> 122.85522 | U69: =(AI69-AVERAGE(AI$2:AI$220))/AVERAGE(AI$2:AI$220)*100+100 -> 118.79051 | V69: =(AJ69-AVERAGE(AJ$2:AJ$220))/AVERAGE(AJ$2:AJ$220)*100+100 -> 107.11829 | W69: =(AM69-AVERAGE(AM$2:AM$220))/AVERAGE(AM$2:AM$220)*100+100 -> 104.42038 | X69: =(AS69-AVERAGE(AS$2:AS$220))/AVERAGE(AS$2:AS$220)*100+100 -> 102.71494 | Y69: =(AU69-AVERAGE(AU$2:AU$220))/AVERAGE(AU$2:AU$220)*100+100 -> 104.90141 | Z69: =(AR69-AVERAGE(AR$2:AR$220))/AVERAGE(AR$2:AR$220)*100+100 -> 32.80456 | AA69: =(AZ69-AVERAGE(AZ$2:AZ$220))/AVERAGE(AZ$2:AZ$220)*100+100 -> 114.43707 | AC69: ='2026_Fantasy_Hitters'!F56 -> 135.5016 | AD69: ='2026_Fantasy_Hitters'!G56 -> 81.248274 | AE69: ='2026_Fantasy_Hitters'!H56 -> 28.153657 | AF69: ='2026_Fantasy_Hitters'!I56 -> 1.2555232 | AG69: ='2026_Fantasy_Hitters'!J56 -> 23.135445 | AH69: ='2026_Fantasy_Hitters'!K56 -> 75.128425 | AI69: ='2026_Fantasy_Hitters'!L56 -> 78 | AJ69: ='2026_Fantasy_Hitters'!M56 -> 50.31 | ... AY69: ='2026_Fantasy_Hitters'!AB56 -> 0.086 | AZ69: =AG69/$E69 -> 0.03954777
A70: Andy Pages | B70: LAD | C70: OF | D70: 530 | E70: 579 | F70: =G70+H70+I70+J70+K70+L70+M70+N70+O70+P70 -> 3.0412503 | G70: =(R70-R$221)/R$222 -> 0.59089565 | H70: =(S70-S$221)/S$222 -> 0.6108932 | I70: =(T70-T$221)/T$222 -> 0.40474809 | J70: =(U70-U$221)/U$222 -> 0.67112991 | K70: =(V70-V$221)/V$222 -> -0.68525161 | L70: =(W70-W$221)/W$222 -> 0.81579962 | M70: =(X70-X$221)/X$222 -> 0.31179206 | N70: =(Y70-Y$221)/Y$222 -> 0.35192639 | ... P70: =(AA70-AA$221)/AA$222 -> 0.30186361 | R70: =(AH70-AVERAGE(AH$2:AH$220))/AVERAGE(AH$2:AH$220)*100+100 -> 113.96931 | S70: =(AC70-AVERAGE(AC$2:AC$220))/AVERAGE(AC$2:AC$220)*100+100 -> 112.43918 | T70: =(AG70-AVERAGE(AG$2:AG$220))/AVERAGE(AG$2:AG$220)*100+100 -> 117.90437 | U70: =(AI70-AVERAGE(AI$2:AI$220))/AVERAGE(AI$2:AI$220)*100+100 -> 117.26755 | V70: =(AJ70-AVERAGE(AJ$2:AJ$220))/AVERAGE(AJ$2:AJ$220)*100+100 -> 75.199975 | W70: =(AM70-AVERAGE(AM$2:AM$220))/AVERAGE(AM$2:AM$220)*100+100 -> 139.66454 | X70: =(AS70-AVERAGE(AS$2:AS$220))/AVERAGE(AS$2:AS$220)*100+100 -> 102.05778 | Y70: =(AU70-AVERAGE(AU$2:AU$220))/AVERAGE(AU$2:AU$220)*100+100 -> 103.86937 | Z70: =(AR70-AVERAGE(AR$2:AR$220))/AVERAGE(AR$2:AR$220)*100+100 -> 69.422584 | AA70: =(AZ70-AVERAGE(AZ$2:AZ$220))/AVERAGE(AZ$2:AZ$220)*100+100 -> 110.96354 | AC70: ='2026_Fantasy_Hitters'!F88 -> 135.9169 | AD70: ='2026_Fantasy_Hitters'!G88 -> 81.925403 | AE70: ='2026_Fantasy_Hitters'!H88 -> 28.994497 | AF70: ='2026_Fantasy_Hitters'!I88 -> 1.6805309 | AG70: ='2026_Fantasy_Hitters'!J88 -> 22.203127 | AH70: ='2026_Fantasy_Hitters'!K88 -> 76.395833 | AI70: ='2026_Fantasy_Hitters'!L88 -> 77 | AJ70: ='2026_Fantasy_Hitters'!M88 -> 35.319 | ... AY70: ='2026_Fantasy_Hitters'!AB88 -> 0.061 | AZ70: =AG70/$E70 -> 0.03834737
A71: Josh Naylor | B71: SEA | C71: 1B | D71: 546 | E71: 607 | F71: =G71+H71+I71+J71+K71+L71+M71+N71+O71+P71 -> 3.0066294 | G71: =(R71-R$221)/R$222 -> 0.21659732 | H71: =(S71-S$221)/S$222 -> 0.68154979 | I71: =(T71-T$221)/T$222 -> 0.17861784 | J71: =(U71-U$221)/U$222 -> 1.2038578 | K71: =(V71-V$221)/V$222 -> 0.25085769 | L71: =(W71-W$221)/W$222 -> 0.064674902 | M71: =(X71-X$221)/X$222 -> 0.050713344 | N71: =(Y71-Y$221)/Y$222 -> -0.25072181 | ... P71: =(AA71-AA$221)/AA$222 -> -0.086316603 | R71: =(AH71-AVERAGE(AH$2:AH$220))/AVERAGE(AH$2:AH$220)*100+100 -> 105.12056 | S71: =(AC71-AVERAGE(AC$2:AC$220))/AVERAGE(AC$2:AC$220)*100+100 -> 113.87791 | T71: =(AG71-AVERAGE(AG$2:AG$220))/AVERAGE(AG$2:AG$220)*100+100 -> 107.90131 | U71: =(AI71-AVERAGE(AI$2:AI$220))/AVERAGE(AI$2:AI$220)*100+100 -> 130.97415 | V71: =(AJ71-AVERAGE(AJ$2:AJ$220))/AVERAGE(AJ$2:AJ$220)*100+100 -> 109.07882 | W71: =(AM71-AVERAGE(AM$2:AM$220))/AVERAGE(AM$2:AM$220)*100+100 -> 103.14452 | X71: =(AS71-AVERAGE(AS$2:AS$220))/AVERAGE(AS$2:AS$220)*100+100 -> 100.3347 | Y71: =(AU71-AVERAGE(AU$2:AU$220))/AVERAGE(AU$2:AU$220)*100+100 -> 97.243359 | Z71: =(AR71-AVERAGE(AR$2:AR$220))/AVERAGE(AR$2:AR$220)*100+100 -> 164.07018 | AA71: =(AZ71-AVERAGE(AZ$2:AZ$220))/AVERAGE(AZ$2:AZ$220)*100+100 -> 96.865023 | AC71: ='2026_Fantasy_Hitters'!F43 -> 137.65605 | AD71: ='2026_Fantasy_Hitters'!G43 -> 91.582029 | AE71: ='2026_Fantasy_Hitters'!H43 -> 25.919044 | AF71: ='2026_Fantasy_Hitters'!I43 -> 0.2550793 | AG71: ='2026_Fantasy_Hitters'!J43 -> 20.319404 | AH71: ='2026_Fantasy_Hitters'!K43 -> 70.464345 | AI71: ='2026_Fantasy_Hitters'!L43 -> 86 | AJ71: ='2026_Fantasy_Hitters'!M43 -> 51.2308 | ... AY71: ='2026_Fantasy_Hitters'!AB43 -> 0.0844 | AZ71: =AG71/$E71 -> 0.03347513
A72: CJ Abrams | B72: WSH | C72: SS | D72: 550 | E72: 607 | F72: =G72+H72+I72+J72+K72+L72+M72+N72+O72+P72 -> 2.8614301 | G72: =(R72-R$221)/R$222 -> 0.37660631 | H72: =(S72-S$221)/S$222 -> 0.58891789 | I72: =(T72-T$221)/T$222 -> -0.32789754 | J72: =(U72-U$221)/U$222 -> -0.098365897 | K72: =(V72-V$221)/V$222 -> -0.56334172 | L72: =(W72-W$221)/W$222 -> 2.2677097 | M72: =(X72-X$221)/X$222 -> -0.30982501 | N72: =(Y72-Y$221)/Y$222 -> -0.50674858 | ... P72: =(AA72-AA$221)/AA$222 -> -0.64013468 | R72: =(AH72-AVERAGE(AH$2:AH$220))/AVERAGE(AH$2:AH$220)*100+100 -> 108.90331 | S72: =(AC72-AVERAGE(AC$2:AC$220))/AVERAGE(AC$2:AC$220)*100+100 -> 111.99171 | T72: =(AG72-AVERAGE(AG$2:AG$220))/AVERAGE(AG$2:AG$220)*100+100 -> 85.495179 | U72: =(AI72-AVERAGE(AI$2:AI$220))/AVERAGE(AI$2:AI$220)*100+100 -> 97.469136 | V72: =(AJ72-AVERAGE(AJ$2:AJ$220))/AVERAGE(AJ$2:AJ$220)*100+100 -> 79.612031 | W72: =(AM72-AVERAGE(AM$2:AM$220))/AVERAGE(AM$2:AM$220)*100+100 -> 210.25705 | X72: =(AS72-AVERAGE(AS$2:AS$220))/AVERAGE(AS$2:AS$220)*100+100 -> 97.955203 | Y72: =(AU72-AVERAGE(AU$2:AU$220))/AVERAGE(AU$2:AU$220)*100+100 -> 94.42839 | Z72: =(AR72-AVERAGE(AR$2:AR$220))/AVERAGE(AR$2:AR$220)*100+100 -> 290.74966 | AA72: =(AZ72-AVERAGE(AZ$2:AZ$220))/AVERAGE(AZ$2:AZ$220)*100+100 -> 76.750621 | AC72: ='2026_Fantasy_Hitters'!F60 -> 135.376 | AD72: ='2026_Fantasy_Hitters'!G60 -> 87.903408 | AE72: ='2026_Fantasy_Hitters'!H60 -> 28.315522 | AF72: ='2026_Fantasy_Hitters'!I60 -> 3.8686074 | AG72: ='2026_Fantasy_Hitters'!J60 -> 16.1 | AH72: ='2026_Fantasy_Hitters'!K60 -> 73 | AI72: ='2026_Fantasy_Hitters'!L60 -> 64 | AJ72: ='2026_Fantasy_Hitters'!M60 -> 37.3912 | ... AY72: ='2026_Fantasy_Hitters'!AB60 -> 0.0616 | AZ72: =AG72/$E72 -> 0.026523888
A73: Trevor Story | B73: BOS | C73: SS | D73: 530 | E73: 575 | F73: =G73+H73+I73+J73+K73+L73+M73+N73+O73+P73 -> 2.689679 | G73: =(R73-R$221)/R$222 -> 0.46032905 | H73: =(S73-S$221)/S$222 -> 0.49861188 | I73: =(T73-T$221)/T$222 -> 0.32163491 | J73: =(U73-U$221)/U$222 -> 0.37516998 | K73: =(V73-V$221)/V$222 -> -0.67592687 | L73: =(W73-W$221)/W$222 -> 0.11423949 | M73: =(X73-X$221)/X$222 -> -0.0026414193 | N73: =(Y73-Y$221)/Y$222 -> -0.0016943739 | ... P73: =(AA73-AA$221)/AA$222 -> 0.22718483 | R73: =(AH73-AVERAGE(AH$2:AH$220))/AVERAGE(AH$2:AH$220)*100+100 -> 110.88259 | S73: =(AC73-AVERAGE(AC$2:AC$220))/AVERAGE(AC$2:AC$220)*100+100 -> 110.15288 | T73: =(AG73-AVERAGE(AG$2:AG$220))/AVERAGE(AG$2:AG$220)*100+100 -> 114.22779 | U73: =(AI73-AVERAGE(AI$2:AI$220))/AVERAGE(AI$2:AI$220)*100+100 -> 109.65278 | V73: =(AJ73-AVERAGE(AJ$2:AJ$220))/AVERAGE(AJ$2:AJ$220)*100+100 -> 75.537448 | W73: =(AM73-AVERAGE(AM$2:AM$220))/AVERAGE(AM$2:AM$220)*100+100 -> 105.55438 | X73: =(AS73-AVERAGE(AS$2:AS$220))/AVERAGE(AS$2:AS$220)*100+100 -> 99.982567 | Y73: =(AU73-AVERAGE(AU$2:AU$220))/AVERAGE(AU$2:AU$220)*100+100 -> 99.981371 | Z73: =(AR73-AVERAGE(AR$2:AR$220))/AVERAGE(AR$2:AR$220)*100+100 -> 226.22534 | AA73: =(AZ73-AVERAGE(AZ$2:AZ$220))/AVERAGE(AZ$2:AZ$220)*100+100 -> 108.25124 | AC73: ='2026_Fantasy_Hitters'!F75 -> 133.15321 | AD73: ='2026_Fantasy_Hitters'!G75 -> 84.974695 | AE73: ='2026_Fantasy_Hitters'!H75 -> 24.878878 | AF73: ='2026_Fantasy_Hitters'!I75 -> 1.4142094 | AG73: ='2026_Fantasy_Hitters'!J75 -> 21.510773 | AH73: ='2026_Fantasy_Hitters'!K75 -> 74.32675 | AI73: ='2026_Fantasy_Hitters'!L75 -> 72 | AJ73: ='2026_Fantasy_Hitters'!M75 -> 35.4775 | ... AY73: ='2026_Fantasy_Hitters'!AB75 -> 0.0617 | AZ73: =AG73/$E73 -> 0.03741004
A74: 14 Jonathan Aranda | B74: TB | C74: 1B | D74: 496 | E74: 567 | F74: =G74+H74+I74+J74+K74+L74+M74+N74+O74+P74 -> 2.3773963 | G74: =(R74-R$221)/R$222 -> -0.0055148288 | H74: =(S74-S$221)/S$222 -> 0.23275404 | I74: =(T74-T$221)/T$222 -> 0.28078486 | J74: =(U74-U$221)/U$222 -> 0.49355395 | K74: =(V74-V$221)/V$222 -> 0.4225093 | L74: =(W74-W$221)/W$222 -> 1.2012201 | M74: =(X74-X$221)/X$222 -> 0.24026863 | N74: =(Y74-Y$221)/Y$222 -> 0.25248892 | ... P74: =(AA74-AA$221)/AA$222 -> 0.22142216 | R74: =(AH74-AVERAGE(AH$2:AH$220))/AVERAGE(AH$2:AH$220)*100+100 -> 99.869624 | S74: =(AC74-AVERAGE(AC$2:AC$220))/AVERAGE(AC$2:AC$220)*100+100 -> 104.7394 | T74: =(AG74-AVERAGE(AG$2:AG$220))/AVERAGE(AG$2:AG$220)*100+100 -> 112.42075 | U74: =(AI74-AVERAGE(AI$2:AI$220))/AVERAGE(AI$2:AI$220)*100+100 -> 112.69869 | V74: =(AJ74-AVERAGE(AJ$2:AJ$220))/AVERAGE(AJ$2:AJ$220)*100+100 -> 115.29109 | W74: =(AM74-AVERAGE(AM$2:AM$220))/AVERAGE(AM$2:AM$220)*100+100 -> 158.40386 | X74: =(AS74-AVERAGE(AS$2:AS$220))/AVERAGE(AS$2:AS$220)*100+100 -> 101.58574 | Y74: =(AU74-AVERAGE(AU$2:AU$220))/AVERAGE(AU$2:AU$220)*100+100 -> 102.77607 | Z74: =(AR74-AVERAGE(AR$2:AR$220))/AVERAGE(AR$2:AR$220)*100+100 -> 11.536444 | AA74: =(AZ74-AVERAGE(AZ$2:AZ$220))/AVERAGE(AZ$2:AZ$220)*100+100 -> 108.04194 | AC74: ='2026_Fantasy_Hitters'!F147 -> 126.60938 | AD74: ='2026_Fantasy_Hitters'!G147 -> 79.828401 | AE74: ='2026_Fantasy_Hitters'!H147 -> 24.454726 | AF74: ='2026_Fantasy_Hitters'!I147 -> 1.016508 | AG74: ='2026_Fantasy_Hitters'!J147 -> 21.170482 | AH74: ='2026_Fantasy_Hitters'!K147 -> 66.944544 | AI74: ='2026_Fantasy_Hitters'!L147 -> 74 | AJ74: ='2026_Fantasy_Hitters'!M147 -> 54.1485 | ... AY74: ='2026_Fantasy_Hitters'!AB147 -> 0.0955 | AZ74: =AG74/$E74 -> 0.03733771
A75: Ivan Herrera | B75: STL | C75: C | D75: 469 | E75: 538 | F75: =G75+H75+I75+J75+K75+L75+M75+N75+O75+P75 -> 2.2892726 | G75: =(R75-R$221)/R$222 -> 0.054331473 | H75: =(S75-S$221)/S$222 -> 0.17636773 | I75: =(T75-T$221)/T$222 -> -0.16718049 | J75: =(U75-U$221)/U$222 -> -0.039174035 | K75: =(V75-V$221)/V$222 -> 0.28173227 | L75: =(W75-W$221)/W$222 -> 1.3142971 | M75: =(X75-X$221)/X$222 -> 0.94794096 | N75: =(Y75-Y$221)/Y$222 -> 0.1336372 | ... P75: =(AA75-AA$221)/AA$222 -> -0.17084654 | R75: =(AH75-AVERAGE(AH$2:AH$220))/AVERAGE(AH$2:AH$220)*100+100 -> 101.28444 | S75: =(AC75-AVERAGE(AC$2:AC$220))/AVERAGE(AC$2:AC$220)*100+100 -> 103.59125 | T75: =(AG75-AVERAGE(AG$2:AG$220))/AVERAGE(AG$2:AG$220)*100+100 -> 92.604632 | U75: =(AI75-AVERAGE(AI$2:AI$220))/AVERAGE(AI$2:AI$220)*100+100 -> 98.992088 | V75: =(AJ75-AVERAGE(AJ$2:AJ$220))/AVERAGE(AJ$2:AJ$220)*100+100 -> 110.19621 | W75: =(AM75-AVERAGE(AM$2:AM$220))/AVERAGE(AM$2:AM$220)*100+100 -> 163.90171 | X75: =(AS75-AVERAGE(AS$2:AS$220))/AVERAGE(AS$2:AS$220)*100+100 -> 106.25626 | Y75: =(AU75-AVERAGE(AU$2:AU$220))/AVERAGE(AU$2:AU$220)*100+100 -> 101.46932 | Z75: =(AR75-AVERAGE(AR$2:AR$220))/AVERAGE(AR$2:AR$220)*100+100 -> 77.763625 | AA75: =(AZ75-AVERAGE(AZ$2:AZ$220))/AVERAGE(AZ$2:AZ$220)*100+100 -> 93.794937 | AC75: ='2026_Fantasy_Hitters'!F101 -> 125.22149 | AD75: ='2026_Fantasy_Hitters'!G101 -> 84.421209 | AE75: ='2026_Fantasy_Hitters'!H101 -> 22.42621 | AF75: ='2026_Fantasy_Hitters'!I101 -> 1.0181044 | AG75: ='2026_Fantasy_Hitters'!J101 -> 17.438815 | AH75: ='2026_Fantasy_Hitters'!K101 -> 67.892925 | AI75: ='2026_Fantasy_Hitters'!L101 -> 64.999998 | AJ75: ='2026_Fantasy_Hitters'!M101 -> 51.7556 | ... AY75: ='2026_Fantasy_Hitters'!AB101 -> 0.0962 | AZ75: =AG75/$E75 -> 0.032414153
A76: Bo Bichette | B76: NYM | C76: SS | D76: 561 | E76: 607 | F76: =G76+H76+I76+J76+K76+L76+M76+N76+O76+P76 -> 2.2408903 | G76: =(R76-R$221)/R$222 -> 0.44593586 | H76: =(S76-S$221)/S$222 -> 1.5721044 | I76: =(T76-T$221)/T$222 -> -0.1922156 | J76: =(U76-U$221)/U$222 -> 0.67112991 | K76: =(V76-V$221)/V$222 -> -0.63833378 | L76: =(W76-W$221)/W$222 -> -0.60781024 | M76: =(X76-X$221)/X$222 -> 2.0003329 | N76: =(Y76-Y$221)/Y$222 -> 0.11232196 | ... P76: =(AA76-AA$221)/AA$222 -> -0.49178162 | R76: =(AH76-AVERAGE(AH$2:AH$220))/AVERAGE(AH$2:AH$220)*100+100 -> 110.54233 | S76: =(AC76-AVERAGE(AC$2:AC$220))/AVERAGE(AC$2:AC$220)*100+100 -> 132.01164 | T76: =(AG76-AVERAGE(AG$2:AG$220))/AVERAGE(AG$2:AG$220)*100+100 -> 91.497183 | U76: =(AI76-AVERAGE(AI$2:AI$220))/AVERAGE(AI$2:AI$220)*100+100 -> 117.26755 | V76: =(AJ76-AVERAGE(AJ$2:AJ$220))/AVERAGE(AJ$2:AJ$220)*100+100 -> 76.897984 | W76: =(AM76-AVERAGE(AM$2:AM$220))/AVERAGE(AM$2:AM$220)*100+100 -> 70.447995 | X76: =(AS76-AVERAGE(AS$2:AS$220))/AVERAGE(AS$2:AS$220)*100+100 -> 113.20189 | Y76: =(AU76-AVERAGE(AU$2:AU$220))/AVERAGE(AU$2:AU$220)*100+100 -> 101.23496 | Z76: =(AR76-AVERAGE(AR$2:AR$220))/AVERAGE(AR$2:AR$220)*100+100 -> 41.998998 | AA76: =(AZ76-AVERAGE(AZ$2:AZ$220))/AVERAGE(AZ$2:AZ$220)*100+100 -> 82.138732 | AC76: ='2026_Fantasy_Hitters'!F49 -> 159.57616 | AD76: ='2026_Fantasy_Hitters'!G49 -> 112.68256 | AE76: ='2026_Fantasy_Hitters'!H49 -> 27.151829 | AF76: ='2026_Fantasy_Hitters'!I49 -> 1.7528941 | AG76: ='2026_Fantasy_Hitters'!J49 -> 17.230266 | AH76: ='2026_Fantasy_Hitters'!K49 -> 74.098662 | AI76: ='2026_Fantasy_Hitters'!L49 -> 77 | AJ76: ='2026_Fantasy_Hitters'!M49 -> 36.1165 | ... AY76: ='2026_Fantasy_Hitters'!AB49 -> 0.0595 | AZ76: =AG76/$E76 -> 0.02838594
A77: Dansby Swanson | B77: CHC | C77: SS | D77: 568 | E77: 628 | F77: =G77+H77+I77+J77+K77+L77+M77+N77+O77+P77 -> 2.2288061 | G77: =(R77-R$221)/R$222 -> 0.69966824 | H77: =(S77-S$221)/S$222 -> 0.75077118 | I77: =(T77-T$221)/T$222 -> 0.41492257 | J77: =(U77-U$221)/U$222 -> 0.55274594 | K77: =(V77-V$221)/V$222 -> 0.26276511 | L77: =(W77-W$221)/W$222 -> -0.64420725 | M77: =(X77-X$221)/X$222 -> -0.35723981 | N77: =(Y77-Y$221)/Y$222 -> -0.10576132 | ... P77: =(AA77-AA$221)/AA$222 -> 0.074232466 | R77: =(AH77-AVERAGE(AH$2:AH$220))/AVERAGE(AH$2:AH$220)*100+100 -> 116.54079 | S77: =(AC77-AVERAGE(AC$2:AC$220))/AVERAGE(AC$2:AC$220)*100+100 -> 115.28742 | T77: =(AG77-AVERAGE(AG$2:AG$220))/AVERAGE(AG$2:AG$220)*100+100 -> 118.35445 | U77: =(AI77-AVERAGE(AI$2:AI$220))/AVERAGE(AI$2:AI$220)*100+100 -> 114.22164 | V77: =(AJ77-AVERAGE(AJ$2:AJ$220))/AVERAGE(AJ$2:AJ$220)*100+100 -> 109.50976 | W77: =(AM77-AVERAGE(AM$2:AM$220))/AVERAGE(AM$2:AM$220)*100+100 -> 68.678356 | X77: =(AS77-AVERAGE(AS$2:AS$220))/AVERAGE(AS$2:AS$220)*100+100 -> 97.642273 | Y77: =(AU77-AVERAGE(AU$2:AU$220))/AVERAGE(AU$2:AU$220)*100+100 -> 98.837173 | Z77: =(AR77-AVERAGE(AR$2:AR$220))/AVERAGE(AR$2:AR$220)*100+100 -> 153.41416 | AA77: =(AZ77-AVERAGE(AZ$2:AZ$220))/AVERAGE(AZ$2:AZ$220)*100+100 -> 102.69609 | AC77: ='2026_Fantasy_Hitters'!F96 -> 139.35986 | AD77: ='2026_Fantasy_Hitters'!G96 -> 88.507666 | AE77: ='2026_Fantasy_Hitters'!H96 -> 27.158288 | AF77: ='2026_Fantasy_Hitters'!I96 -> 2.1386701 | AG77: ='2026_Fantasy_Hitters'!J96 -> 22.287883 | AH77: ='2026_Fantasy_Hitters'!K96 -> 78.119548 | AI77: ='2026_Fantasy_Hitters'!L96 -> 75 | AJ77: ='2026_Fantasy_Hitters'!M96 -> 51.4332 | ... AY77: ='2026_Fantasy_Hitters'!AB96 -> 0.0819 | AZ77: =AG77/$E77 -> 0.03549026
A78: Kyle Stowers | B78: MIA | C78: OF | D78: 507 | E78: 576 | F78: =G78+H78+I78+J78+K78+L78+M78+N78+O78+P78 -> 2.1895357 | G78: =(R78-R$221)/R$222 -> 0.035006913 | H78: =(S78-S$221)/S$222 -> -0.0068804344 | I78: =(T78-T$221)/T$222 -> 0.65516232 | J78: =(U78-U$221)/U$222 -> 0.96708984 | K78: =(V78-V$221)/V$222 -> 0.44935395 | L78: =(W78-W$221)/W$222 -> 0.4647202 | M78: =(X78-X$221)/X$222 -> -0.79520055 | N78: =(Y78-Y$221)/Y$222 -> 0.40261171 | ... P78: =(AA78-AA$221)/AA$222 -> 0.60631193 | R78: =(AH78-AVERAGE(AH$2:AH$220))/AVERAGE(AH$2:AH$220)*100+100 -> 100.82759 | S78: =(AC78-AVERAGE(AC$2:AC$220))/AVERAGE(AC$2:AC$220)*100+100 -> 99.859899 | T78: =(AG78-AVERAGE(AG$2:AG$220))/AVERAGE(AG$2:AG$220)*100+100 -> 128.98165 | U78: =(AI78-AVERAGE(AI$2:AI$220))/AVERAGE(AI$2:AI$220)*100+100 -> 124.88233 | V78: =(AJ78-AVERAGE(AJ$2:AJ$220))/AVERAGE(AJ$2:AJ$220)*100+100 -> 116.26262 | W78: =(AM78-AVERAGE(AM$2:AM$220))/AVERAGE(AM$2:AM$220)*100+100 -> 122.5949 | X78: =(AS78-AVERAGE(AS$2:AS$220))/AVERAGE(AS$2:AS$220)*100+100 -> 94.7518 | Y78: =(AU78-AVERAGE(AU$2:AU$220))/AVERAGE(AU$2:AU$220)*100+100 -> 104.42664 | Z78: =(AR78-AVERAGE(AR$2:AR$220))/AVERAGE(AR$2:AR$220)*100+100 -> 45.874959 | AA78: =(AZ78-AVERAGE(AZ$2:AZ$220))/AVERAGE(AZ$2:AZ$220)*100+100 -> 122.02095 | AC78: ='2026_Fantasy_Hitters'!F70 -> 120.71102 | AD78: ='2026_Fantasy_Hitters'!G70 -> 69.386241 | AE78: ='2026_Fantasy_Hitters'!H70 -> 24.735778 | AF78: ='2026_Fantasy_Hitters'!I70 -> 2.9364135 | AG78: ='2026_Fantasy_Hitters'!J70 -> 24.289142 | AH78: ='2026_Fantasy_Hitters'!K70 -> 67.58669 | AI78: ='2026_Fantasy_Hitters'!L70 -> 82 | AJ78: ='2026_Fantasy_Hitters'!M70 -> 54.6048 | ... AY78: ='2026_Fantasy_Hitters'!AB70 -> 0.0948 | AZ78: =AG78/$E78 -> 0.04216865
A79: Spencer Torkelson | B79: DET | C79: 1B | D79: 539 | E79: 616 | F79: =G79+H79+I79+J79+K79+L79+M79+N79+O79+P79 -> 2.111265 | G79: =(R79-R$221)/R$222 -> 0.30935115 | H79: =(S79-S$221)/S$222 -> 0.11853997 | I79: =(T79-T$221)/T$222 -> 0.90950653 | J79: =(U79-U$221)/U$222 -> 0.78951388 | K79: =(V79-V$221)/V$222 -> 1.0167214 | L79: =(W79-W$221)/W$222 -> 0.47463163 | M79: =(X79-X$221)/X$222 -> -1.3021811 | N79: =(Y79-Y$221)/Y$222 -> 0.090000625 | ... P79: =(AA79-AA$221)/AA$222 -> 0.66218657 | R79: =(AH79-AVERAGE(AH$2:AH$220))/AVERAGE(AH$2:AH$220)*100+100 -> 107.31334 | S79: =(AC79-AVERAGE(AC$2:AC$220))/AVERAGE(AC$2:AC$220)*100+100 -> 102.41374 | T79: =(AG79-AVERAGE(AG$2:AG$220))/AVERAGE(AG$2:AG$220)*100+100 -> 140.23278 | U79: =(AI79-AVERAGE(AI$2:AI$220))/AVERAGE(AI$2:AI$220)*100+100 -> 120.31346 | V79: =(AJ79-AVERAGE(AJ$2:AJ$220))/AVERAGE(AJ$2:AJ$220)*100+100 -> 136.79629 | W79: =(AM79-AVERAGE(AM$2:AM$220))/AVERAGE(AM$2:AM$220)*100+100 -> 123.0768 | X79: =(AS79-AVERAGE(AS$2:AS$220))/AVERAGE(AS$2:AS$220)*100+100 -> 91.405807 | Y79: =(AU79-AVERAGE(AU$2:AU$220))/AVERAGE(AU$2:AU$220)*100+100 -> 100.98954 | Z79: =(AR79-AVERAGE(AR$2:AR$220))/AVERAGE(AR$2:AR$220)*100+100 -> 12.004016 | AA79: =(AZ79-AVERAGE(AZ$2:AZ$220))/AVERAGE(AZ$2:AZ$220)*100+100 -> 124.05029 | AC79: ='2026_Fantasy_Hitters'!F114 -> 123.79812 | AD79: ='2026_Fantasy_Hitters'!G114 -> 69.934006 | AE79: ='2026_Fantasy_Hitters'!H114 -> 26.490389 | AF79: ='2026_Fantasy_Hitters'!I114 -> 0.86679539 | AG79: ='2026_Fantasy_Hitters'!J114 -> 26.407895 | AH79: ='2026_Fantasy_Hitters'!K114 -> 71.934211 | AI79: ='2026_Fantasy_Hitters'!L114 -> 79 | AJ79: ='2026_Fantasy_Hitters'!M114 -> 64.2488 | ... AY79: ='2026_Fantasy_Hitters'!AB114 -> 0.1043 | AZ79: =AG79/$E79 -> 0.04286996
A80: Ian Happ | B80: CHC | C80: OF | D80: 543 | E80: 631 | F80: =G80+H80+I80+J80+K80+L80+M80+N80+O80+P80 -> 2.1013267 | G80: =(R80-R$221)/R$222 -> 0.79504574 | H80: =(S80-S$221)/S$222 -> 0.35420387 | I80: =(T80-T$221)/T$222 -> 0.27844092 | J80: =(U80-U$221)/U$222 -> 0.55274594 | K80: =(V80-V$221)/V$222 -> 1.825226 | L80: =(W80-W$221)/W$222 -> -0.29267613 | M80: =(X80-X$221)/X$222 -> -0.76004965 | N80: =(Y80-Y$221)/Y$222 -> -0.32187834 | ... P80: =(AA80-AA$221)/AA$222 -> -0.082762443 | R80: =(AH80-AVERAGE(AH$2:AH$220))/AVERAGE(AH$2:AH$220)*100+100 -> 118.7956 | S80: =(AC80-AVERAGE(AC$2:AC$220))/AVERAGE(AC$2:AC$220)*100+100 -> 107.2124 | T80: =(AG80-AVERAGE(AG$2:AG$220))/AVERAGE(AG$2:AG$220)*100+100 -> 112.31707 | U80: =(AI80-AVERAGE(AI$2:AI$220))/AVERAGE(AI$2:AI$220)*100+100 -> 114.22164 | V80: =(AJ80-AVERAGE(AJ$2:AJ$220))/AVERAGE(AJ$2:AJ$220)*100+100 -> 166.05698 | W80: =(AM80-AVERAGE(AM$2:AM$220))/AVERAGE(AM$2:AM$220)*100+100 -> 85.769956 | X80: =(AS80-AVERAGE(AS$2:AS$220))/AVERAGE(AS$2:AS$220)*100+100 -> 94.98379 | Y80: =(AU80-AVERAGE(AU$2:AU$220))/AVERAGE(AU$2:AU$220)*100+100 -> 96.461005 | Z80: =(AR80-AVERAGE(AR$2:AR$220))/AVERAGE(AR$2:AR$220)*100+100 -> 77.291359 | AA80: =(AZ80-AVERAGE(AZ$2:AZ$220))/AVERAGE(AZ$2:AZ$220)*100+100 -> 96.994109 | AC80: ='2026_Fantasy_Hitters'!F85 -> 129.59875 | AD80: ='2026_Fantasy_Hitters'!G85 -> 78.215623 | AE80: ='2026_Fantasy_Hitters'!H85 -> 28.300342 | AF80: ='2026_Fantasy_Hitters'!I85 -> 1.0000264 | AG80: ='2026_Fantasy_Hitters'!J85 -> 21.150956 | AH80: ='2026_Fantasy_Hitters'!K85 -> 79.63099 | AI80: ='2026_Fantasy_Hitters'!L85 -> 75 | AJ80: ='2026_Fantasy_Hitters'!M85 -> 77.9916 | ... AY80: ='2026_Fantasy_Hitters'!AB85 -> 0.1236 | AZ80: =AG80/$E80 -> 0.03351974
A81: Jurickson Profar | B81: ATL | C81: OF | D81: 509 | E81: 589 | F81: =G81+H81+I81+J81+K81+L81+M81+N81+O81+P81 -> 2.0311755 | G81: =(R81-R$221)/R$222 -> 0.46427447 | H81: =(S81-S$221)/S$222 -> 0.23023925 | I81: =(T81-T$221)/T$222 -> 0.047292655 | J81: =(U81-U$221)/U$222 -> 0.020018073 | K81: =(V81-V$221)/V$222 -> 1.0936079 | L81: =(W81-W$221)/W$222 -> 0.88710855 | M81: =(X81-X$221)/X$222 -> -0.16018387 | N81: =(Y81-Y$221)/Y$222 -> -0.20787459 | ... P81: =(AA81-AA$221)/AA$222 -> -0.15278919 | R81: =(AH81-AVERAGE(AH$2:AH$220))/AVERAGE(AH$2:AH$220)*100+100 -> 110.97587 | S81: =(AC81-AVERAGE(AC$2:AC$220))/AVERAGE(AC$2:AC$220)*100+100 -> 104.6882 | T81: =(AG81-AVERAGE(AG$2:AG$220))/AVERAGE(AG$2:AG$220)*100+100 -> 102.09203 | U81: =(AI81-AVERAGE(AI$2:AI$220))/AVERAGE(AI$2:AI$220)*100+100 -> 100.51505 | V81: =(AJ81-AVERAGE(AJ$2:AJ$220))/AVERAGE(AJ$2:AJ$220)*100+100 -> 139.5789 | W81: =(AM81-AVERAGE(AM$2:AM$220))/AVERAGE(AM$2:AM$220)*100+100 -> 143.13161 | X81: =(AS81-AVERAGE(AS$2:AS$220))/AVERAGE(AS$2:AS$220)*100+100 -> 98.942811 | Y81: =(AU81-AVERAGE(AU$2:AU$220))/AVERAGE(AU$2:AU$220)*100+100 -> 97.714456 | Z81: =(AR81-AVERAGE(AR$2:AR$220))/AVERAGE(AR$2:AR$220)*100+100 -> 82.482033 | AA81: =(AZ81-AVERAGE(AZ$2:AZ$220))/AVERAGE(AZ$2:AZ$220)*100+100 -> 94.450771 | AC81: ='2026_Fantasy_Hitters'!F107 -> 126.54749 | AD81: ='2026_Fantasy_Hitters'!G107 -> 83.455299 | AE81: ='2026_Fantasy_Hitters'!H107 -> 23.954801 | AF81: ='2026_Fantasy_Hitters'!I107 -> 0.97865371 | AG81: ='2026_Fantasy_Hitters'!J107 -> 19.225431 | AH81: ='2026_Fantasy_Hitters'!K107 -> 74.389273 | AI81: ='2026_Fantasy_Hitters'!L107 -> 66 | AJ81: ='2026_Fantasy_Hitters'!M107 -> 65.5557 | ... AY81: ='2026_Fantasy_Hitters'!AB107 -> 0.1113 | AZ81: =AG81/$E81 -> 0.0326408
A82: Ezequiel Tovar | B82: COL | C82: SS | D82: 584 | E82: 628 | F82: =G82+H82+I82+J82+K82+L82+M82+N82+O82+P82 -> 1.9577997 | G82: =(R82-R$221)/R$222 -> 0.46212432 | H82: =(S82-S$221)/S$222 -> 1.4158806 | I82: =(T82-T$221)/T$222 -> 0.25920526 | J82: =(U82-U$221)/U$222 -> 0.315978 | K82: =(V82-V$221)/V$222 -> -0.95275679 | L82: =(W82-W$221)/W$222 -> -0.62099985 | M82: =(X82-X$221)/X$222 -> 0.92778056 | N82: =(Y82-Y$221)/Y$222 -> 0.52065353 | ... P82: =(AA82-AA$221)/AA$222 -> -0.090333656 | R82: =(AH82-AVERAGE(AH$2:AH$220))/AVERAGE(AH$2:AH$220)*100+100 -> 110.92504 | S82: =(AC82-AVERAGE(AC$2:AC$220))/AVERAGE(AC$2:AC$220)*100+100 -> 128.83056 | T82: =(AG82-AVERAGE(AG$2:AG$220))/AVERAGE(AG$2:AG$220)*100+100 -> 111.46616 | U82: =(AI82-AVERAGE(AI$2:AI$220))/AVERAGE(AI$2:AI$220)*100+100 -> 108.12982 | V82: =(AJ82-AVERAGE(AJ$2:AJ$220))/AVERAGE(AJ$2:AJ$220)*100+100 -> 65.518662 | W82: =(AM82-AVERAGE(AM$2:AM$220))/AVERAGE(AM$2:AM$220)*100+100 -> 69.806711 | X82: =(AS82-AVERAGE(AS$2:AS$220))/AVERAGE(AS$2:AS$220)*100+100 -> 106.12321 | Y82: =(AU82-AVERAGE(AU$2:AU$220))/AVERAGE(AU$2:AU$220)*100+100 -> 105.72449 | Z82: =(AR82-AVERAGE(AR$2:AR$220))/AVERAGE(AR$2:AR$220)*100+100 -> 74.278827 | AA82: =(AZ82-AVERAGE(AZ$2:AZ$220))/AVERAGE(AZ$2:AZ$220)*100+100 -> 96.719126 | AC82: ='2026_Fantasy_Hitters'!F138 -> 155.73087 | AD82: ='2026_Fantasy_Hitters'!G138 -> 98.749964 | AE82: ='2026_Fantasy_Hitters'!H138 -> 33.874991 | AF82: ='2026_Fantasy_Hitters'!I138 -> 3.9080477 | AG82: ='2026_Fantasy_Hitters'!J138 -> 20.990718 | AH82: ='2026_Fantasy_Hitters'!K138 -> 74.3552 | AI82: ='2026_Fantasy_Hitters'!L138 -> 71 | AJ82: ='2026_Fantasy_Hitters'!M138 -> 30.772 | ... AY82: ='2026_Fantasy_Hitters'!AB138 -> 0.049 | AZ82: =AG82/$E82 -> 0.03342471
A83: Geraldo Perdomo | B83: AZ | C83: SS | D83: 549 | E83: 648 | F83: =G83+H83+I83+J83+K83+L83+M83+N83+O83+P83 -> 1.9234827 | G83: =(R83-R$221)/R$222 -> 0.88143518 | H83: =(S83-S$221)/S$222 -> 0.83676235 | I83: =(T83-T$221)/T$222 -> -0.90125935 | J83: =(U83-U$221)/U$222 -> -0.039173912 | K83: =(V83-V$221)/V$222 -> 1.5104324 | L83: =(W83-W$221)/W$222 -> 0.5088892 | M83: =(X83-X$221)/X$222 -> 0.38725469 | N83: =(Y83-Y$221)/Y$222 -> -0.9308481 | ... P83: =(AA83-AA$221)/AA$222 -> -1.3610824 | R83: =(AH83-AVERAGE(AH$2:AH$220))/AVERAGE(AH$2:AH$220)*100+100 -> 120.83792 | S83: =(AC83-AVERAGE(AC$2:AC$220))/AVERAGE(AC$2:AC$220)*100+100 -> 117.03839 | T83: =(AG83-AVERAGE(AG$2:AG$220))/AVERAGE(AG$2:AG$220)*100+100 -> 60.132042 | U83: =(AI83-AVERAGE(AI$2:AI$220))/AVERAGE(AI$2:AI$220)*100+100 -> 98.992091 | V83: =(AJ83-AVERAGE(AJ$2:AJ$220))/AVERAGE(AJ$2:AJ$220)*100+100 -> 154.66424 | W83: =(AM83-AVERAGE(AM$2:AM$220))/AVERAGE(AM$2:AM$220)*100+100 -> 124.74242 | X83: =(AS83-AVERAGE(AS$2:AS$220))/AVERAGE(AS$2:AS$220)*100+100 -> 102.55582 | Y83: =(AU83-AVERAGE(AU$2:AU$220))/AVERAGE(AU$2:AU$220)*100+100 -> 89.765492 | Z83: =(AR83-AVERAGE(AR$2:AR$220))/AVERAGE(AR$2:AR$220)*100+100 -> 194.80639 | AA83: =(AZ83-AVERAGE(AZ$2:AZ$220))/AVERAGE(AZ$2:AZ$220)*100+100 -> 50.566153 | AC83: ='2026_Fantasy_Hitters'!F42 -> 141.47645 | AD83: ='2026_Fantasy_Hitters'!G42 -> 100.46821 | AE83: ='2026_Fantasy_Hitters'!H42 -> 26.020061 | AF83: ='2026_Fantasy_Hitters'!I42 -> 3.8218095 | AG83: ='2026_Fantasy_Hitters'!J42 -> 11.323748 | AH83: ='2026_Fantasy_Hitters'!K42 -> 81 | AI83: ='2026_Fantasy_Hitters'!L42 -> 65 | AJ83: ='2026_Fantasy_Hitters'!M42 -> 72.6408 | ... AY83: ='2026_Fantasy_Hitters'!AB42 -> 0.1121 | AZ83: =AG83/$E83 -> 0.01747492
A84: Bryan Reynolds | B84: PIT | C84: OF | D84: 565 | E84: 632 | F84: =G84+H84+I84+J84+K84+L84+M84+N84+O84+P84 -> 1.8420598 | G84: =(R84-R$221)/R$222 -> 0.51783824 | H84: =(S84-S$221)/S$222 -> 0.95197369 | I84: =(T84-T$221)/T$222 -> -0.20202218 | J84: =(U84-U$221)/U$222 -> 0.49355395 | K84: =(V84-V$221)/V$222 -> 0.52371651 | L84: =(W84-W$221)/W$222 -> 0.81056594 | M84: =(X84-X$221)/X$222 -> 0.24986087 | N84: =(Y84-Y$221)/Y$222 -> -0.26130237 | ... P84: =(AA84-AA$221)/AA$222 -> -0.59154029 | R84: =(AH84-AVERAGE(AH$2:AH$220))/AVERAGE(AH$2:AH$220)*100+100 -> 112.24216 | S84: =(AC84-AVERAGE(AC$2:AC$220))/AVERAGE(AC$2:AC$220)*100+100 -> 119.38436 | T84: =(AG84-AVERAGE(AG$2:AG$220))/AVERAGE(AG$2:AG$220)*100+100 -> 91.06338 | U84: =(AI84-AVERAGE(AI$2:AI$220))/AVERAGE(AI$2:AI$220)*100+100 -> 112.69869 | V84: =(AJ84-AVERAGE(AJ$2:AJ$220))/AVERAGE(AJ$2:AJ$220)*100+100 -> 118.95389 | W84: =(AM84-AVERAGE(AM$2:AM$220))/AVERAGE(AM$2:AM$220)*100+100 -> 139.41008 | X84: =(AS84-AVERAGE(AS$2:AS$220))/AVERAGE(AS$2:AS$220)*100+100 -> 101.64904 | Y84: =(AU84-AVERAGE(AU$2:AU$220))/AVERAGE(AU$2:AU$220)*100+100 -> 97.127027 | Z84: =(AR84-AVERAGE(AR$2:AR$220))/AVERAGE(AR$2:AR$220)*100+100 -> 40.179223 | AA84: =(AZ84-AVERAGE(AZ$2:AZ$220))/AVERAGE(AZ$2:AZ$220)*100+100 -> 78.515546 | AC84: ='2026_Fantasy_Hitters'!F106 -> 144.31226 | AD84: ='2026_Fantasy_Hitters'!G106 -> 95.084299 | AE84: ='2026_Fantasy_Hitters'!H106 -> 28.842682 | AF84: ='2026_Fantasy_Hitters'!I106 -> 3.8885623 | AG84: ='2026_Fantasy_Hitters'!J106 -> 17.148574 | AH84: ='2026_Fantasy_Hitters'!K106 -> 75.238096 | AI84: ='2026_Fantasy_Hitters'!L106 -> 74 | AJ84: ='2026_Fantasy_Hitters'!M106 -> 55.8688 | ... AY84: ='2026_Fantasy_Hitters'!AB106 -> 0.0884 | AZ84: =AG84/$E84 -> 0.02713382
A85: Kazuma Okamoto | B85: TOR | C85: 1B,3B | D85: 463 | E85: 522 | F85: =G85+H85+I85+J85+K85+L85+M85+N85+O85+P85 -> 1.8120675 | G85: =(R85-R$221)/R$222 -> -0.088553949 | H85: =(S85-S$221)/S$222 -> -0.29469105 | I85: =(T85-T$221)/T$222 -> 0.73060533 | J85: =(U85-U$221)/U$222 -> 0.25678601 | K85: =(V85-V$221)/V$222 -> 0.22188924 | L85: =(W85-W$221)/W$222 -> 0.46678009 | M85: =(X85-X$221)/X$222 -> -0.35347178 | N85: =(Y85-Y$221)/Y$222 -> 0.74718219 | ... P85: =(AA85-AA$221)/AA$222 -> 1.0497828 | R85: =(AH85-AVERAGE(AH$2:AH$220))/AVERAGE(AH$2:AH$220)*100+100 -> 97.906505 | S85: =(AC85-AVERAGE(AC$2:AC$220))/AVERAGE(AC$2:AC$220)*100+100 -> 93.999417 | T85: =(AG85-AVERAGE(AG$2:AG$220))/AVERAGE(AG$2:AG$220)*100+100 -> 132.31894 | U85: =(AI85-AVERAGE(AI$2:AI$220))/AVERAGE(AI$2:AI$220)*100+100 -> 106.60687 | V85: =(AJ85-AVERAGE(AJ$2:AJ$220))/AVERAGE(AJ$2:AJ$220)*100+100 -> 108.03042 | W85: =(AM85-AVERAGE(AM$2:AM$220))/AVERAGE(AM$2:AM$220)*100+100 -> 122.69506 | X85: =(AS85-AVERAGE(AS$2:AS$220))/AVERAGE(AS$2:AS$220)*100+100 -> 97.667141 | Y85: =(AU85-AVERAGE(AU$2:AU$220))/AVERAGE(AU$2:AU$220)*100+100 -> 108.21513 | Z85: =(AR85-AVERAGE(AR$2:AR$220))/AVERAGE(AR$2:AR$220)*100+100 -> 15.016676 | AA85: =(AZ85-AVERAGE(AZ$2:AZ$220))/AVERAGE(AZ$2:AZ$220)*100+100 -> 138.1276 | AC85: ='2026_Fantasy_Hitters'!F102 -> 113.62685 | AD85: ='2026_Fantasy_Hitters'!G102 -> 64.969833 | AE85: ='2026_Fantasy_Hitters'!H102 -> 23.455286 | AF85: ='2026_Fantasy_Hitters'!I102 -> 0.40333078 | AG85: ='2026_Fantasy_Hitters'!J102 -> 24.917602 | AH85: ='2026_Fantasy_Hitters'!K102 -> 65.628627 | AI85: ='2026_Fantasy_Hitters'!L102 -> 70 | AJ85: ='2026_Fantasy_Hitters'!M102 -> 50.7384 | ... AY85: ='2026_Fantasy_Hitters'!AB102 -> 0.0972 | AZ85: =AG85/$E85 -> 0.04773487
A86: Maikel Garcia | B86: KC | C86: 2B,3B,SS,OF | D86: 577 | E86: 640 | F86: =G86+H86+I86+J86+K86+L86+M86+N86+O86+P86 -> 1.6339637 | G86: =(R86-R$221)/R$222 -> 0.92168237 | H86: =(S86-S$221)/S$222 -> 1.3840058 | I86: =(T86-T$221)/T$222 -> -0.7009801 | J86: =(U86-U$221)/U$222 -> -0.039173912 | K86: =(V86-V$221)/V$222 -> 0.33564513 | L86: =(W86-W$221)/W$222 -> -1.336895 | M86: =(X86-X$221)/X$222 -> 1.0408629 | N86: =(Y86-Y$221)/Y$222 -> -0.36630135 | ... P86: =(AA86-AA$221)/AA$222 -> -1.1359875 | R86: =(AH86-AVERAGE(AH$2:AH$220))/AVERAGE(AH$2:AH$220)*100+100 -> 121.7894 | S86: =(AC86-AVERAGE(AC$2:AC$220))/AVERAGE(AC$2:AC$220)*100+100 -> 128.18152 | T86: =(AG86-AVERAGE(AG$2:AG$220))/AVERAGE(AG$2:AG$220)*100+100 -> 68.991561 | U86: =(AI86-AVERAGE(AI$2:AI$220))/AVERAGE(AI$2:AI$220)*100+100 -> 98.992091 | V86: =(AJ86-AVERAGE(AJ$2:AJ$220))/AVERAGE(AJ$2:AJ$220)*100+100 -> 112.14737 | W86: =(AM86-AVERAGE(AM$2:AM$220))/AVERAGE(AM$2:AM$220)*100+100 -> 34.999567 | X86: =(AS86-AVERAGE(AS$2:AS$220))/AVERAGE(AS$2:AS$220)*100+100 -> 106.86953 | Y86: =(AU86-AVERAGE(AU$2:AU$220))/AVERAGE(AU$2:AU$220)*100+100 -> 95.972582 | Z86: =(AR86-AVERAGE(AR$2:AR$220))/AVERAGE(AR$2:AR$220)*100+100 -> 240.78403 | AA86: =(AZ86-AVERAGE(AZ$2:AZ$220))/AVERAGE(AZ$2:AZ$220)*100+100 -> 58.741491 | AC86: ='2026_Fantasy_Hitters'!F50 -> 154.9463 | AD86: ='2026_Fantasy_Hitters'!G50 -> 108.3161 | AE86: ='2026_Fantasy_Hitters'!H50 -> 31.404756 | AF86: ='2026_Fantasy_Hitters'!I50 -> 4.0187446 | AG86: ='2026_Fantasy_Hitters'!J50 -> 12.992126 | AH86: ='2026_Fantasy_Hitters'!K50 -> 81.637795 | AI86: ='2026_Fantasy_Hitters'!L50 -> 65 | AJ86: ='2026_Fantasy_Hitters'!M50 -> 52.672 | ... AY86: ='2026_Fantasy_Hitters'!AB50 -> 0.0823 | AZ86: =AG86/$E86 -> 0.020300197
A87: Christian Yelich | B87: MIL | C87: OF | D87: 506 | E87: 576 | F87: =G87+H87+I87+J87+K87+L87+M87+N87+O87+P87 -> 1.5383954 | G87: =(R87-R$221)/R$222 -> 0.33762727 | H87: =(S87-S$221)/S$222 -> 0.33698489 | I87: =(T87-T$221)/T$222 -> -0.16009029 | J87: =(U87-U$221)/U$222 -> 0.49355395 | K87: =(V87-V$221)/V$222 -> 1.0118738 | L87: =(W87-W$221)/W$222 -> -0.602125 | M87: =(X87-X$221)/X$222 -> 0.24180951 | N87: =(Y87-Y$221)/Y$222 -> -0.42829002 | ... P87: =(AA87-AA$221)/AA$222 -> -0.33304986 | R87: =(AH87-AVERAGE(AH$2:AH$220))/AVERAGE(AH$2:AH$220)*100+100 -> 107.98181 | S87: =(AC87-AVERAGE(AC$2:AC$220))/AVERAGE(AC$2:AC$220)*100+100 -> 106.86178 | T87: =(AG87-AVERAGE(AG$2:AG$220))/AVERAGE(AG$2:AG$220)*100+100 -> 92.918273 | U87: =(AI87-AVERAGE(AI$2:AI$220))/AVERAGE(AI$2:AI$220)*100+100 -> 112.69869 | V87: =(AJ87-AVERAGE(AJ$2:AJ$220))/AVERAGE(AJ$2:AJ$220)*100+100 -> 136.62085 | W87: =(AM87-AVERAGE(AM$2:AM$220))/AVERAGE(AM$2:AM$220)*100+100 -> 70.724414 | X87: =(AS87-AVERAGE(AS$2:AS$220))/AVERAGE(AS$2:AS$220)*100+100 -> 101.59591 | Y87: =(AU87-AVERAGE(AU$2:AU$220))/AVERAGE(AU$2:AU$220)*100+100 -> 95.291028 | Z87: =(AR87-AVERAGE(AR$2:AR$220))/AVERAGE(AR$2:AR$220)*100+100 -> 158.85684 | AA87: =(AZ87-AVERAGE(AZ$2:AZ$220))/AVERAGE(AZ$2:AZ$220)*100+100 -> 87.903792 | AC87: ='2026_Fantasy_Hitters'!F68 -> 129.17492 | AD87: ='2026_Fantasy_Hitters'!G68 -> 86.315525 | AE87: ='2026_Fantasy_Hitters'!H68 -> 22.389381 | AF87: ='2026_Fantasy_Hitters'!I68 -> 1.2215972 | AG87: ='2026_Fantasy_Hitters'!J68 -> 17.497878 | AH87: ='2026_Fantasy_Hitters'!K68 -> 72.382301 | AI87: ='2026_Fantasy_Hitters'!L68 -> 74 | AJ87: ='2026_Fantasy_Hitters'!M68 -> 64.1664 | ... AY87: ='2026_Fantasy_Hitters'!AB68 -> 0.1114 | AZ87: =AG87/$E87 -> 0.03037826
A88: Jose Altuve | B88: HOU | C88: 2B,OF | D88: 531 | E88: 590 | F88: =G88+H88+I88+J88+K88+L88+M88+N88+O88+P88 -> 1.4921227 | G88: =(R88-R$221)/R$222 -> 0.39227489 | H88: =(S88-S$221)/S$222 -> 0.64051941 | I88: =(T88-T$221)/T$222 -> 0.14762487 | J88: =(U88-U$221)/U$222 -> 0.13840204 | K88: =(V88-V$221)/V$222 -> 0.12826537 | L88: =(W88-W$221)/W$222 -> -0.26431123 | M88: =(X88-X$221)/X$222 -> 0.3654795 | N88: =(Y88-Y$221)/Y$222 -> -0.092499257 | ... P88: =(AA88-AA$221)/AA$222 -> -0.044333905 | R88: =(AH88-AVERAGE(AH$2:AH$220))/AVERAGE(AH$2:AH$220)*100+100 -> 109.27373 | S88: =(AC88-AVERAGE(AC$2:AC$220))/AVERAGE(AC$2:AC$220)*100+100 -> 113.04244 | T88: =(AG88-AVERAGE(AG$2:AG$220))/AVERAGE(AG$2:AG$220)*100+100 -> 106.53031 | U88: =(AI88-AVERAGE(AI$2:AI$220))/AVERAGE(AI$2:AI$220)*100+100 -> 103.56096 | V88: =(AJ88-AVERAGE(AJ$2:AJ$220))/AVERAGE(AJ$2:AJ$220)*100+100 -> 104.64207 | W88: =(AM88-AVERAGE(AM$2:AM$220))/AVERAGE(AM$2:AM$220)*100+100 -> 87.14907 | X88: =(AS88-AVERAGE(AS$2:AS$220))/AVERAGE(AS$2:AS$220)*100+100 -> 102.41211 | Y88: =(AU88-AVERAGE(AU$2:AU$220))/AVERAGE(AU$2:AU$220)*100+100 -> 98.982987 | Z88: =(AR88-AVERAGE(AR$2:AR$220))/AVERAGE(AR$2:AR$220)*100+100 -> 107.4204 | AA88: =(AZ88-AVERAGE(AZ$2:AZ$220))/AVERAGE(AZ$2:AZ$220)*100+100 -> 98.389814 | AC88: ='2026_Fantasy_Hitters'!F67 -> 136.64612 | AD88: ='2026_Fantasy_Hitters'!G67 -> 91.064056 | AE88: ='2026_Fantasy_Hitters'!H67 -> 24.480272 | AF88: ='2026_Fantasy_Hitters'!I67 -> 0.97401087 | AG88: ='2026_Fantasy_Hitters'!J67 -> 20.061224 | AH88: ='2026_Fantasy_Hitters'!K67 -> 73.248299 | AI88: ='2026_Fantasy_Hitters'!L67 -> 68 | AJ88: ='2026_Fantasy_Hitters'!M67 -> 49.147 | ... AY88: ='2026_Fantasy_Hitters'!AB67 -> 0.0833 | AZ88: =AG88/$E88 -> 0.034002075
A89: Cody Bellinger | B89: NYY | C89: OF | D89: 535 | E89: 594 | F89: =G89+H89+I89+J89+K89+L89+M89+N89+O89+P89 -> 1.3447403 | G89: =(R89-R$221)/R$222 -> 0.27314202 | H89: =(S89-S$221)/S$222 -> 0.55396471 | I89: =(T89-T$221)/T$222 -> 0.29584537 | J89: =(U89-U$221)/U$222 -> 0.84870587 | K89: =(V89-V$221)/V$222 -> 0.16184618 | L89: =(W89-W$221)/W$222 -> -0.97966961 | M89: =(X89-X$221)/X$222 -> 0.00933878 | N89: =(Y89-Y$221)/Y$222 -> 0.057929643 | ... P89: =(AA89-AA$221)/AA$222 -> 0.10303303 | R89: =(AH89-AVERAGE(AH$2:AH$220))/AVERAGE(AH$2:AH$220)*100+100 -> 106.45732 | S89: =(AC89-AVERAGE(AC$2:AC$220))/AVERAGE(AC$2:AC$220)*100+100 -> 111.27999 | T89: =(AG89-AVERAGE(AG$2:AG$220))/AVERAGE(AG$2:AG$220)*100+100 -> 113.08697 | U89: =(AI89-AVERAGE(AI$2:AI$220))/AVERAGE(AI$2:AI$220)*100+100 -> 121.83642 | V89: =(AJ89-AVERAGE(AJ$2:AJ$220))/AVERAGE(AJ$2:AJ$220)*100+100 -> 105.85739 | W89: =(AM89-AVERAGE(AM$2:AM$220))/AVERAGE(AM$2:AM$220)*100+100 -> 52.368027 | X89: =(AS89-AVERAGE(AS$2:AS$220))/AVERAGE(AS$2:AS$220)*100+100 -> 100.06163 | Y89: =(AU89-AVERAGE(AU$2:AU$220))/AVERAGE(AU$2:AU$220)*100+100 -> 100.63693 | Z89: =(AR89-AVERAGE(AR$2:AR$220))/AVERAGE(AR$2:AR$220)*100+100 -> 101.89455 | AA89: =(AZ89-AVERAGE(AZ$2:AZ$220))/AVERAGE(AZ$2:AZ$220)*100+100 -> 103.74211 | AC89: ='2026_Fantasy_Hitters'!F41 -> 134.51567 | AD89: ='2026_Fantasy_Hitters'!G41 -> 85.610671 | AE89: ='2026_Fantasy_Hitters'!H41 -> 24.43398 | AF89: ='2026_Fantasy_Hitters'!I41 -> 2.9893019 | AG89: ='2026_Fantasy_Hitters'!J41 -> 21.295939 | AH89: ='2026_Fantasy_Hitters'!K41 -> 71.360406 | AI89: ='2026_Fantasy_Hitters'!L41 -> 80 | AJ89: ='2026_Fantasy_Hitters'!M41 -> 49.7178 | ... AY89: ='2026_Fantasy_Hitters'!AB41 -> 0.0837 | AZ89: =AG89/$E89 -> 0.03585175
A90: Mike Trout | B90: LAA | C90: OF | D90: 424 | E90: 502 | F90: =G90+H90+I90+J90+K90+L90+M90+N90+O90+P90 -> 1.2677839 | G90: =(R90-R$221)/R$222 -> -0.1982102 | H90: =(S90-S$221)/S$222 -> -0.86275045 | I90: =(T90-T$221)/T$222 -> 0.6571205 | J90: =(U90-U$221)/U$222 -> -0.098365897 | K90: =(V90-V$221)/V$222 -> 1.2327376 | L90: =(W90-W$221)/W$222 -> 0.44110584 | M90: =(X90-X$221)/X$222 -> -0.98079549 | N90: =(Y90-Y$221)/Y$222 -> 0.77465695 | ... P90: =(AA90-AA$221)/AA$222 -> 1.1041485 | R90: =(AH90-AVERAGE(AH$2:AH$220))/AVERAGE(AH$2:AH$220)*100+100 -> 95.314132 | S90: =(AC90-AVERAGE(AC$2:AC$220))/AVERAGE(AC$2:AC$220)*100+100 -> 82.432429 | T90: =(AG90-AVERAGE(AG$2:AG$220))/AVERAGE(AG$2:AG$220)*100+100 -> 129.06827 | U90: =(AI90-AVERAGE(AI$2:AI$220))/AVERAGE(AI$2:AI$220)*100+100 -> 97.469136 | V90: =(AJ90-AVERAGE(AJ$2:AJ$220))/AVERAGE(AJ$2:AJ$220)*100+100 -> 144.61416 | W90: =(AM90-AVERAGE(AM$2:AM$220))/AVERAGE(AM$2:AM$220)*100+100 -> 121.44676 | X90: =(AS90-AVERAGE(AS$2:AS$220))/AVERAGE(AS$2:AS$220)*100+100 -> 93.526902 | Y90: =(AU90-AVERAGE(AU$2:AU$220))/AVERAGE(AU$2:AU$220)*100+100 -> 108.51721 | Z90: =(AR90-AVERAGE(AR$2:AR$220))/AVERAGE(AR$2:AR$220)*100+100 -> 26.269237 | AA90: =(AZ90-AVERAGE(AZ$2:AZ$220))/AVERAGE(AZ$2:AZ$220)*100+100 -> 140.10213 | AC90: ='2026_Fantasy_Hitters'!F99 -> 99.64463 | AD90: ='2026_Fantasy_Hitters'!G99 -> 55.550085 | AE90: ='2026_Fantasy_Hitters'!H99 -> 18.583663 | AF90: ='2026_Fantasy_Hitters'!I99 -> 1.8146429 | AG90: ='2026_Fantasy_Hitters'!J99 -> 24.305455 | AH90: ='2026_Fantasy_Hitters'!K99 -> 63.890909 | AI90: ='2026_Fantasy_Hitters'!L99 -> 64 | AJ90: ='2026_Fantasy_Hitters'!M99 -> 67.9206 | ... AY90: ='2026_Fantasy_Hitters'!AB99 -> 0.1353 | AZ90: =AG90/$E90 -> 0.04841724
A91: Michael Harris II | B91: ATL | C91: OF | D91: 532 | E91: 567 | F91: =G91+H91+I91+J91+K91+L91+M91+N91+O91+P91 -> 1.2461807 | G91: =(R91-R$221)/R$222 -> 0.32153 | H91: =(S91-S$221)/S$222 -> 0.77952217 | I91: =(T91-T$221)/T$222 -> -0.072368958 | J91: =(U91-U$221)/U$222 -> 0.25678601 | K91: =(V91-V$221)/V$222 -> -1.1786389 | L91: =(W91-W$221)/W$222 -> -0.30267911 | M91: =(X91-X$221)/X$222 -> 0.72411252 | N91: =(Y91-Y$221)/Y$222 -> 0.18528839 | ... P91: =(AA91-AA$221)/AA$222 -> -0.19195267 | R91: =(AH91-AVERAGE(AH$2:AH$220))/AVERAGE(AH$2:AH$220)*100+100 -> 107.60126 | S91: =(AC91-AVERAGE(AC$2:AC$220))/AVERAGE(AC$2:AC$220)*100+100 -> 115.87285 | T91: =(AG91-AVERAGE(AG$2:AG$220))/AVERAGE(AG$2:AG$220)*100+100 -> 96.798699 | U91: =(AI91-AVERAGE(AI$2:AI$220))/AVERAGE(AI$2:AI$220)*100+100 -> 106.60687 | V91: =(AJ91-AVERAGE(AJ$2:AJ$220))/AVERAGE(AJ$2:AJ$220)*100+100 -> 57.343734 | W91: =(AM91-AVERAGE(AM$2:AM$220))/AVERAGE(AM$2:AM$220)*100+100 -> 85.283607 | X91: =(AS91-AVERAGE(AS$2:AS$220))/AVERAGE(AS$2:AS$220)*100+100 -> 104.77903 | Y91: =(AU91-AVERAGE(AU$2:AU$220))/AVERAGE(AU$2:AU$220)*100+100 -> 102.03721 | Z91: =(AR91-AVERAGE(AR$2:AR$220))/AVERAGE(AR$2:AR$220)*100+100 -> 166.62472 | AA91: =(AZ91-AVERAGE(AZ$2:AZ$220))/AVERAGE(AZ$2:AZ$220)*100+100 -> 93.028373 | AC91: ='2026_Fantasy_Hitters'!F62 -> 140.06754 | AD91: ='2026_Fantasy_Hitters'!G62 -> 91.56799 | AE91: ='2026_Fantasy_Hitters'!H62 -> 28.11861 | AF91: ='2026_Fantasy_Hitters'!I62 -> 3.263983 | AG91: ='2026_Fantasy_Hitters'!J62 -> 18.228619 | AH91: ='2026_Fantasy_Hitters'!K62 -> 72.127208 | AI91: ='2026_Fantasy_Hitters'!L62 -> 70 | AJ91: ='2026_Fantasy_Hitters'!M62 -> 26.9325 | ... AY91: ='2026_Fantasy_Hitters'!AB62 -> 0.0475 | AZ91: =AG91/$E91 -> 0.03214924
A92: Brenton Doyle | B92: COL | C92: OF | D92: 518 | E92: 563 | F92: =G92+H92+I92+J92+K92+L92+M92+N92+O92+P92 -> 1.117722 | G92: =(R92-R$221)/R$222 -> 0.49850069 | H92: =(S92-S$221)/S$222 -> 0.49813203 | I92: =(T92-T$221)/T$222 -> 0.14347065 | J92: =(U92-U$221)/U$222 -> -0.098365897 | K92: =(V92-V$221)/V$222 -> -0.63005624 | L92: =(W92-W$221)/W$222 -> -0.97242039 | M92: =(X92-X$221)/X$222 -> 0.34693112 | N92: =(Y92-Y$221)/Y$222 -> 0.14673346 | ... P92: =(AA92-AA$221)/AA$222 -> 0.080685787 | R92: =(AH92-AVERAGE(AH$2:AH$220))/AVERAGE(AH$2:AH$220)*100+100 -> 111.78501 | S92: =(AC92-AVERAGE(AC$2:AC$220))/AVERAGE(AC$2:AC$220)*100+100 -> 110.14311 | T92: =(AG92-AVERAGE(AG$2:AG$220))/AVERAGE(AG$2:AG$220)*100+100 -> 106.34654 | U92: =(AI92-AVERAGE(AI$2:AI$220))/AVERAGE(AI$2:AI$220)*100+100 -> 97.469136 | V92: =(AJ92-AVERAGE(AJ$2:AJ$220))/AVERAGE(AJ$2:AJ$220)*100+100 -> 77.197558 | W92: =(AM92-AVERAGE(AM$2:AM$220))/AVERAGE(AM$2:AM$220)*100+100 -> 52.720487 | X92: =(AS92-AVERAGE(AS$2:AS$220))/AVERAGE(AS$2:AS$220)*100+100 -> 102.28969 | Y92: =(AU92-AVERAGE(AU$2:AU$220))/AVERAGE(AU$2:AU$220)*100+100 -> 101.61331 | Z92: =(AR92-AVERAGE(AR$2:AR$220))/AVERAGE(AR$2:AR$220)*100+100 -> 201.52218 | AA92: =(AZ92-AVERAGE(AZ$2:AZ$220))/AVERAGE(AZ$2:AZ$220)*100+100 -> 102.93047 | AC92: ='2026_Fantasy_Hitters'!F108 -> 133.1414 | AD92: ='2026_Fantasy_Hitters'!G108 -> 83.080951 | AE92: ='2026_Fantasy_Hitters'!H108 -> 25.808404 | AF92: ='2026_Fantasy_Hitters'!I108 -> 2.9029558 | AG92: ='2026_Fantasy_Hitters'!J108 -> 20.026619 | AH92: ='2026_Fantasy_Hitters'!K108 -> 74.931655 | AI92: ='2026_Fantasy_Hitters'!L108 -> 64 | AJ92: ='2026_Fantasy_Hitters'!M108 -> 36.2572 | ... AY92: ='2026_Fantasy_Hitters'!AB108 -> 0.0644 | AZ92: =AG92/$E92 -> 0.035571259
A93: 16 Miguel Vargas | B93: CWS | C93: 1B,3B | D93: 509 | E93: 580 | F93: =G93+H93+I93+J93+K93+L93+M93+N93+O93+P93 -> 0.87459588 | G93: =(R93-R$221)/R$222 -> 0.15442902 | H93: =(S93-S$221)/S$222 -> 0.098776436 | I93: =(T93-T$221)/T$222 -> 0.36085648 | J93: =(U93-U$221)/U$222 -> 0.020018073 | K93: =(V93-V$221)/V$222 -> 0.56038007 | L93: =(W93-W$221)/W$222 -> 0.10101313 | M93: =(X93-X$221)/X$222 -> -0.54352221 | N93: =(Y93-Y$221)/Y$222 -> 0.20397011 | ... P93: =(AA93-AA$221)/AA$222 -> 0.24637139 | R93: =(AH93-AVERAGE(AH$2:AH$220))/AVERAGE(AH$2:AH$220)*100+100 -> 103.65084 | S93: =(AC93-AVERAGE(AC$2:AC$220))/AVERAGE(AC$2:AC$220)*100+100 -> 102.01131 | T93: =(AG93-AVERAGE(AG$2:AG$220))/AVERAGE(AG$2:AG$220)*100+100 -> 115.96279 | U93: =(AI93-AVERAGE(AI$2:AI$220))/AVERAGE(AI$2:AI$220)*100+100 -> 100.51505 | V93: =(AJ93-AVERAGE(AJ$2:AJ$220))/AVERAGE(AJ$2:AJ$220)*100+100 -> 120.28078 | W93: =(AM93-AVERAGE(AM$2:AM$220))/AVERAGE(AM$2:AM$220)*100+100 -> 104.9113 | X93: =(AS93-AVERAGE(AS$2:AS$220))/AVERAGE(AS$2:AS$220)*100+100 -> 96.412838 | Y93: =(AU93-AVERAGE(AU$2:AU$220))/AVERAGE(AU$2:AU$220)*100+100 -> 102.24261 | Z93: =(AR93-AVERAGE(AR$2:AR$220))/AVERAGE(AR$2:AR$220)*100+100 -> 69.868533 | AA93: =(AZ93-AVERAGE(AZ$2:AZ$220))/AVERAGE(AZ$2:AZ$220)*100+100 -> 108.94809 | AC93: ='2026_Fantasy_Hitters'!F192 -> 123.31166 | AD93: ='2026_Fantasy_Hitters'!G192 -> 72.492525 | AE93: ='2026_Fantasy_Hitters'!H192 -> 28.066679 | AF93: ='2026_Fantasy_Hitters'!I192 -> 1.6713298 | AG93: ='2026_Fantasy_Hitters'!J192 -> 21.837499 | AH93: ='2026_Fantasy_Hitters'!K192 -> 69.479167 | AI93: ='2026_Fantasy_Hitters'!L192 -> 66 | AJ93: ='2026_Fantasy_Hitters'!M192 -> 56.492 | ... AY93: ='2026_Fantasy_Hitters'!AB192 -> 0.0974 | AZ93: =AG93/$E93 -> 0.03765086
A94: Christian Walker | B94: HOU | C94: 1B | D94: 505 | E94: 564 | F94: =G94+H94+I94+J94+K94+L94+M94+N94+O94+P94 -> 0.82863185 | G94: =(R94-R$221)/R$222 -> -0.0020153442 | H94: =(S94-S$221)/S$222 -> -0.225492 | I94: =(T94-T$221)/T$222 -> 0.95657643 | J94: =(U94-U$221)/U$222 -> 0.67112991 | K94: =(V94-V$221)/V$222 -> -0.042286103 | L94: =(W94-W$221)/W$222 -> 0.4807435 | M94: =(X94-X$221)/X$222 -> -1.3808509 | N94: =(Y94-Y$221)/Y$222 -> 0.16085407 | ... P94: =(AA94-AA$221)/AA$222 -> 1.0324829 | R94: =(AH94-AVERAGE(AH$2:AH$220))/AVERAGE(AH$2:AH$220)*100+100 -> 99.952355 | S94: =(AC94-AVERAGE(AC$2:AC$220))/AVERAGE(AC$2:AC$220)*100+100 -> 95.408468 | T94: =(AG94-AVERAGE(AG$2:AG$220))/AVERAGE(AG$2:AG$220)*100+100 -> 142.31495 | U94: =(AI94-AVERAGE(AI$2:AI$220))/AVERAGE(AI$2:AI$220)*100+100 -> 117.26755 | V94: =(AJ94-AVERAGE(AJ$2:AJ$220))/AVERAGE(AJ$2:AJ$220)*100+100 -> 98.469618 | W94: =(AM94-AVERAGE(AM$2:AM$220))/AVERAGE(AM$2:AM$220)*100+100 -> 123.37396 | X94: =(AS94-AVERAGE(AS$2:AS$220))/AVERAGE(AS$2:AS$220)*100+100 -> 90.886598 | Y94: =(AU94-AVERAGE(AU$2:AU$220))/AVERAGE(AU$2:AU$220)*100+100 -> 101.76856 | Z94: =(AR94-AVERAGE(AR$2:AR$220))/AVERAGE(AR$2:AR$220)*100+100 -> 24.370755 | AA94: =(AZ94-AVERAGE(AZ$2:AZ$220))/AVERAGE(AZ$2:AZ$220)*100+100 -> 137.49927 | AC94: ='2026_Fantasy_Hitters'!F105 -> 115.33011 | AD94: ='2026_Fantasy_Hitters'!G105 -> 66.608963 | AE94: ='2026_Fantasy_Hitters'!H105 -> 20.718836 | AF94: ='2026_Fantasy_Hitters'!I105 -> 0.9966654 | AG94: ='2026_Fantasy_Hitters'!J105 -> 26.8 | AH94: ='2026_Fantasy_Hitters'!K105 -> 67 | AI94: ='2026_Fantasy_Hitters'!L105 -> 77 | AJ94: ='2026_Fantasy_Hitters'!M105 -> 46.248 | ... AY94: ='2026_Fantasy_Hitters'!AB105 -> 0.082 | AZ94: =AG94/$E94 -> 0.04751773
A95: Gleyber Torres | B95: DET | C95: 2B | D95: 557 | E95: 639 | F95: =G95+H95+I95+J95+K95+L95+M95+N95+O95+P95 -> 0.79527777 | G95: =(R95-R$221)/R$222 -> 0.54013822 | H95: =(S95-S$221)/S$222 -> 0.89430099 | I95: =(T95-T$221)/T$222 -> -0.20537283 | J95: =(U95-U$221)/U$222 -> 0.197594 | K95: =(V95-V$221)/V$222 -> 1.4210031 | L95: =(W95-W$221)/W$222 -> -0.61702854 | M95: =(X95-X$221)/X$222 -> 0.3173925 | N95: =(Y95-Y$221)/Y$222 -> -0.48198581 | ... P95: =(AA95-AA$221)/AA$222 -> -0.61870209 | R95: =(AH95-AVERAGE(AH$2:AH$220))/AVERAGE(AH$2:AH$220)*100+100 -> 112.76935 | S95: =(AC95-AVERAGE(AC$2:AC$220))/AVERAGE(AC$2:AC$220)*100+100 -> 118.21001 | T95: =(AG95-AVERAGE(AG$2:AG$220))/AVERAGE(AG$2:AG$220)*100+100 -> 90.915162 | U95: =(AI95-AVERAGE(AI$2:AI$220))/AVERAGE(AI$2:AI$220)*100+100 -> 105.08391 | V95: =(AJ95-AVERAGE(AJ$2:AJ$220))/AVERAGE(AJ$2:AJ$220)*100+100 -> 151.4277 | W95: =(AM95-AVERAGE(AM$2:AM$220))/AVERAGE(AM$2:AM$220)*100+100 -> 69.999797 | X95: =(AS95-AVERAGE(AS$2:AS$220))/AVERAGE(AS$2:AS$220)*100+100 -> 102.09474 | Y95: =(AU95-AVERAGE(AU$2:AU$220))/AVERAGE(AU$2:AU$220)*100+100 -> 94.700653 | Z95: =(AR95-AVERAGE(AR$2:AR$220))/AVERAGE(AR$2:AR$220)*100+100 -> 40.043389 | AA95: =(AZ95-AVERAGE(AZ$2:AZ$220))/AVERAGE(AZ$2:AZ$220)*100+100 -> 77.529043 | AC95: ='2026_Fantasy_Hitters'!F111 -> 142.89271 | AD95: ='2026_Fantasy_Hitters'!G111 -> 98.451399 | AE95: ='2026_Fantasy_Hitters'!H111 -> 27.027626 | AF95: ='2026_Fantasy_Hitters'!I111 -> 1.0006059 | AG95: ='2026_Fantasy_Hitters'!J111 -> 17.120662 | AH95: ='2026_Fantasy_Hitters'!K111 -> 75.591483 | AI95: ='2026_Fantasy_Hitters'!L111 -> 69 | AJ95: ='2026_Fantasy_Hitters'!M111 -> 71.1207 | ... AY95: ='2026_Fantasy_Hitters'!AB111 -> 0.1113 | AZ95: =AG95/$E95 -> 0.026792899
A96: Jake Burger | B96: TEX | C96: 1B | D96: 488 | E96: 528 | F96: =G96+H96+I96+J96+K96+L96+M96+N96+O96+P96 -> 0.72348332 | G96: =(R96-R$221)/R$222 -> -0.29873657 | H96: =(S96-S$221)/S$222 -> -0.11288788 | I96: =(T96-T$221)/T$222 -> 0.9083033 | J96: =(U96-U$221)/U$222 -> 0.43436197 | K96: =(V96-V$221)/V$222 -> -1.0826089 | L96: =(W96-W$221)/W$222 -> 0.5286499 | M96: =(X96-X$221)/X$222 -> -0.55864563 | N96: =(Y96-Y$221)/Y$222 -> 0.63553501 | ... P96: =(AA96-AA$221)/AA$222 -> 1.2299287 | R96: =(AH96-AVERAGE(AH$2:AH$220))/AVERAGE(AH$2:AH$220)*100+100 -> 92.937598 | S96: =(AC96-AVERAGE(AC$2:AC$220))/AVERAGE(AC$2:AC$220)*100+100 -> 97.701345 | T96: =(AG96-AVERAGE(AG$2:AG$220))/AVERAGE(AG$2:AG$220)*100+100 -> 140.17955 | U96: =(AI96-AVERAGE(AI$2:AI$220))/AVERAGE(AI$2:AI$220)*100+100 -> 111.17573 | V96: =(AJ96-AVERAGE(AJ$2:AJ$220))/AVERAGE(AJ$2:AJ$220)*100+100 -> 60.81917 | W96: =(AM96-AVERAGE(AM$2:AM$220))/AVERAGE(AM$2:AM$220)*100+100 -> 125.70319 | X96: =(AS96-AVERAGE(AS$2:AS$220))/AVERAGE(AS$2:AS$220)*100+100 -> 96.313026 | Y96: =(AU96-AVERAGE(AU$2:AU$220))/AVERAGE(AU$2:AU$220)*100+100 -> 106.98759 | Z96: =(AR96-AVERAGE(AR$2:AR$220))/AVERAGE(AR$2:AR$220)*100+100 -> 11.690385 | AA96: =(AZ96-AVERAGE(AZ$2:AZ$220))/AVERAGE(AZ$2:AZ$220)*100+100 -> 144.67041 | AC96: ='2026_Fantasy_Hitters'!F177 -> 118.10175 | AD96: ='2026_Fantasy_Hitters'!G177 -> 68.121042 | AE96: ='2026_Fantasy_Hitters'!H177 -> 22.483578 | AF96: ='2026_Fantasy_Hitters'!I177 -> 1.0085033 | AG96: ='2026_Fantasy_Hitters'!J177 -> 26.397872 | AH96: ='2026_Fantasy_Hitters'!K177 -> 62.297872 | AI96: ='2026_Fantasy_Hitters'!L177 -> 73 | AJ96: ='2026_Fantasy_Hitters'!M177 -> 28.5648 | ... AY96: ='2026_Fantasy_Hitters'!AB177 -> 0.0541 | AZ96: =AG96/$E96 -> 0.04999597
A97: Lawrence Butler | B97: ATH | C97: OF | D97: 508 | E97: 562 | F97: =G97+H97+I97+J97+K97+L97+M97+N97+O97+P97 -> 0.67932855 | G97: =(R97-R$221)/R$222 -> 0.43470711 | H97: =(S97-S$221)/S$222 -> 0.13011015 | I97: =(T97-T$221)/T$222 -> 0.39833802 | J97: =(U97-U$221)/U$222 -> -0.039173912 | K97: =(V97-V$221)/V$222 -> 0.10346216 | L97: =(W97-W$221)/W$222 -> -1.3695868 | M97: =(X97-X$221)/X$222 -> -0.42321838 | N97: =(Y97-Y$221)/Y$222 -> 0.18676449 | ... P97: =(AA97-AA$221)/AA$222 -> 0.38671095 | R97: =(AH97-AVERAGE(AH$2:AH$220))/AVERAGE(AH$2:AH$220)*100+100 -> 110.27687 | S97: =(AC97-AVERAGE(AC$2:AC$220))/AVERAGE(AC$2:AC$220)*100+100 -> 102.64934 | T97: =(AG97-AVERAGE(AG$2:AG$220))/AVERAGE(AG$2:AG$220)*100+100 -> 117.62081 | U97: =(AI97-AVERAGE(AI$2:AI$220))/AVERAGE(AI$2:AI$220)*100+100 -> 98.992091 | V97: =(AJ97-AVERAGE(AJ$2:AJ$220))/AVERAGE(AJ$2:AJ$220)*100+100 -> 103.74441 | W97: =(AM97-AVERAGE(AM$2:AM$220))/AVERAGE(AM$2:AM$220)*100+100 -> 33.410078 | X97: =(AS97-AVERAGE(AS$2:AS$220))/AVERAGE(AS$2:AS$220)*100+100 -> 97.206824 | Y97: =(AU97-AVERAGE(AU$2:AU$220))/AVERAGE(AU$2:AU$220)*100+100 -> 102.05344 | Z97: =(AR97-AVERAGE(AR$2:AR$220))/AVERAGE(AR$2:AR$220)*100+100 -> 180.10757 | AA97: =(AZ97-AVERAGE(AZ$2:AZ$220))/AVERAGE(AZ$2:AZ$220)*100+100 -> 114.04515 | AC97: ='2026_Fantasy_Hitters'!F87 -> 124.08291 | AD97: ='2026_Fantasy_Hitters'!G87 -> 73.974672 | AE97: ='2026_Fantasy_Hitters'!H87 -> 26.062577 | AF97: ='2026_Fantasy_Hitters'!I87 -> 1.816293 | AG97: ='2026_Fantasy_Hitters'!J87 -> 22.14973 | AH97: ='2026_Fantasy_Hitters'!K87 -> 73.920721 | AI97: ='2026_Fantasy_Hitters'!L87 -> 65 | AJ97: ='2026_Fantasy_Hitters'!M87 -> 48.7254 | ... AY97: ='2026_Fantasy_Hitters'!AB87 -> 0.0867 | AZ97: =AG97/$E97 -> 0.03941233
A98: Alec Burleson | B98: STL | C98: 1B,OF | D98: 525 | E98: 574 | F98: =G98+H98+I98+J98+K98+L98+M98+N98+O98+P98 -> 0.60605262 | G98: =(R98-R$221)/R$222 -> -0.1629849 | H98: =(S98-S$221)/S$222 -> 0.74934137 | I98: =(T98-T$221)/T$222 -> 0.15543886 | J98: =(U98-U$221)/U$222 -> 0.43436196 | K98: =(V98-V$221)/V$222 -> -0.45668087 | L98: =(W98-W$221)/W$222 -> -0.61814686 | M98: =(X98-X$221)/X$222 -> 0.85046883 | N98: =(Y98-Y$221)/Y$222 -> 0.16917327 | ... P98: =(AA98-AA$221)/AA$222 -> 0.040213397 | R98: =(AH98-AVERAGE(AH$2:AH$220))/AVERAGE(AH$2:AH$220)*100+100 -> 96.14689 | S98: =(AC98-AVERAGE(AC$2:AC$220))/AVERAGE(AC$2:AC$220)*100+100 -> 115.2583 | T98: =(AG98-AVERAGE(AG$2:AG$220))/AVERAGE(AG$2:AG$220)*100+100 -> 106.87597 | U98: =(AI98-AVERAGE(AI$2:AI$220))/AVERAGE(AI$2:AI$220)*100+100 -> 111.17573 | V98: =(AJ98-AVERAGE(AJ$2:AJ$220))/AVERAGE(AJ$2:AJ$220)*100+100 -> 83.472207 | W98: =(AM98-AVERAGE(AM$2:AM$220))/AVERAGE(AM$2:AM$220)*100+100 -> 69.945424 | X98: =(AS98-AVERAGE(AS$2:AS$220))/AVERAGE(AS$2:AS$220)*100+100 -> 105.61296 | Y98: =(AU98-AVERAGE(AU$2:AU$220))/AVERAGE(AU$2:AU$220)*100+100 -> 101.86003 | Z98: =(AR98-AVERAGE(AR$2:AR$220))/AVERAGE(AR$2:AR$220)*100+100 -> 48.955974 | AA98: =(AZ98-AVERAGE(AZ$2:AZ$220))/AVERAGE(AZ$2:AZ$220)*100+100 -> 101.46053 | AC98: ='2026_Fantasy_Hitters'!F104 -> 139.32467 | AD98: ='2026_Fantasy_Hitters'!G104 -> 92.958159 | AE98: ='2026_Fantasy_Hitters'!H104 -> 25.310547 | AF98: ='2026_Fantasy_Hitters'!I104 -> 0.99968677 | AG98: ='2026_Fantasy_Hitters'!J104 -> 20.126317 | AH98: ='2026_Fantasy_Hitters'!K104 -> 64.449123 | AI98: ='2026_Fantasy_Hitters'!L104 -> 73 | AJ98: ='2026_Fantasy_Hitters'!M104 -> 39.2042 | ... AY98: ='2026_Fantasy_Hitters'!AB104 -> 0.0683 | AZ98: =AG98/$E98 -> 0.03506327
A99: Kerry Carpenter | B99: DET | C99: OF | D99: 438 | E99: 478 | F99: =G99+H99+I99+J99+K99+L99+M99+N99+O99+P99 -> 0.49489752 | G99: =(R99-R$221)/R$222 -> -0.42783214 | H99: =(S99-S$221)/S$222 -> -0.44031989 | I99: =(T99-T$221)/T$222 -> 0.51084892 | J99: =(U99-U$221)/U$222 -> 0.25678601 | K99: =(V99-V$221)/V$222 -> -0.93241299 | L99: =(W99-W$221)/W$222 -> 0.41872576 | M99: =(X99-X$221)/X$222 -> -0.0022952079 | N99: =(Y99-Y$221)/Y$222 -> 0.94068489 | ... P99: =(AA99-AA$221)/AA$222 -> 1.0947368 | R99: =(AH99-AVERAGE(AH$2:AH$220))/AVERAGE(AH$2:AH$220)*100+100 -> 89.885663 | S99: =(AC99-AVERAGE(AC$2:AC$220))/AVERAGE(AC$2:AC$220)*100+100 -> 91.034081 | T99: =(AG99-AVERAGE(AG$2:AG$220))/AVERAGE(AG$2:AG$220)*100+100 -> 122.59783 | U99: =(AI99-AVERAGE(AI$2:AI$220))/AVERAGE(AI$2:AI$220)*100+100 -> 106.60687 | V99: =(AJ99-AVERAGE(AJ$2:AJ$220))/AVERAGE(AJ$2:AJ$220)*100+100 -> 66.254928 | W99: =(AM99-AVERAGE(AM$2:AM$220))/AVERAGE(AM$2:AM$220)*100+100 -> 120.35863 | X99: =(AS99-AVERAGE(AS$2:AS$220))/AVERAGE(AS$2:AS$220)*100+100 -> 99.984852 | Y99: =(AU99-AVERAGE(AU$2:AU$220))/AVERAGE(AU$2:AU$220)*100+100 -> 110.34266 | Z99: =(AR99-AVERAGE(AR$2:AR$220))/AVERAGE(AR$2:AR$220)*100+100 -> 15.036601 | AA99: =(AZ99-AVERAGE(AZ$2:AZ$220))/AVERAGE(AZ$2:AZ$220)*100+100 -> 139.76031 | AC99: ='2026_Fantasy_Hitters'!F186 -> 110.04234 | AD99: ='2026_Fantasy_Hitters'!G186 -> 63.546584 | AE99: ='2026_Fantasy_Hitters'!H186 -> 20.038678 | AF99: ='2026_Fantasy_Hitters'!I186 -> 3.0859522 | AG99: ='2026_Fantasy_Hitters'!J186 -> 23.086975 | AH99: ='2026_Fantasy_Hitters'!K186 -> 60.252101 | AI99: ='2026_Fantasy_Hitters'!L186 -> 70 | AJ99: ='2026_Fantasy_Hitters'!M186 -> 31.1178 | ... AY99: ='2026_Fantasy_Hitters'!AB186 -> 0.0651 | AZ99: =AG99/$E99 -> 0.04829911
A100: Luke Keaschall | B100: MIN | C100: 2B | D100: 468 | E100: 533 | F100: =G100+H100+I100+J100+K100+L100+M100+N100+O100+P100 -> 0.48227297 | G100: =(R100-R$221)/R$222 -> 0.038021984 | H100: =(S100-S$221)/S$222 -> 0.21502729 | I100: =(T100-T$221)/T$222 -> -1.0379326 | J100: =(U100-U$221)/U$222 -> -0.63109376 | K100: =(V100-V$221)/V$222 -> -0.031914173 | L100: =(W100-W$221)/W$222 -> 1.2586837 | M100: =(X100-X$221)/X$222 -> 1.1049473 | N100: =(Y100-Y$221)/Y$222 -> -0.5429205 | ... P100: =(AA100-AA$221)/AA$222 -> -1.2308732 | R100: =(AH100-AVERAGE(AH$2:AH$220))/AVERAGE(AH$2:AH$220)*100+100 -> 100.89887 | S100: =(AC100-AVERAGE(AC$2:AC$220))/AVERAGE(AC$2:AC$220)*100+100 -> 104.37845 | T100: =(AG100-AVERAGE(AG$2:AG$220))/AVERAGE(AG$2:AG$220)*100+100 -> 54.086188 | U100: =(AI100-AVERAGE(AI$2:AI$220))/AVERAGE(AI$2:AI$220)*100+100 -> 83.762539 | V100: =(AJ100-AVERAGE(AJ$2:AJ$220))/AVERAGE(AJ$2:AJ$220)*100+100 -> 98.84499 | W100: =(AM100-AVERAGE(AM$2:AM$220))/AVERAGE(AM$2:AM$220)*100+100 -> 161.19776 | X100: =(AS100-AVERAGE(AS$2:AS$220))/AVERAGE(AS$2:AS$220)*100+100 -> 107.29248 | Y100: =(AU100-AVERAGE(AU$2:AU$220))/AVERAGE(AU$2:AU$220)*100+100 -> 94.030687 | Z100: =(AR100-AVERAGE(AR$2:AR$220))/AVERAGE(AR$2:AR$220)*100+100 -> 223.24209 | AA100: =(AZ100-AVERAGE(AZ$2:AZ$220))/AVERAGE(AZ$2:AZ$220)*100+100 -> 55.295289 | AC100: ='2026_Fantasy_Hitters'!F76 -> 126.17306 | AD100: ='2026_Fantasy_Hitters'!G76 -> 87.277844 | AE100: ='2026_Fantasy_Hitters'!H76 -> 26.942518 | AF100: ='2026_Fantasy_Hitters'!I76 -> 1.6551927 | AG100: ='2026_Fantasy_Hitters'!J76 -> 10.185225 | AH100: ='2026_Fantasy_Hitters'!K76 -> 67.63447 | AI100: ='2026_Fantasy_Hitters'!L76 -> 55 | AJ100: ='2026_Fantasy_Hitters'!M76 -> 46.4243 | ... AY100: ='2026_Fantasy_Hitters'!AB76 -> 0.0871 | AZ100: =AG100/$E100 -> 0.01910924
...

Sheet P14_Hitters
A1: Team | B1: Name | C1: Position | D1: AB | E1: PA | F1: H | G1: 1B | H1: 2B | I1: 3B | J1: HR | K1: R | L1: RBI | M1: BB | N1: IBB | O1: SO | P1: HBP | Q1: SF | R1: SH | S1: SB | T1: CS | U1: NSB | V1: AVG | W1: OBP | X1: SLG | Y1: OPS | Z1: BABIP | AA1: K% | AB1: BB% | AD1: HIP | AE1: 1B% | AF1: 2B% | AG1: 3B% | AH1: HR% | AI1: R% | AJ1: RBI% | AK1: IBB% | AL1: HBP% | AM1: SF% | AN1: SH% | AO1: SB% | AP1: CS%
A2: ATH | B2: Brent Rooker | C2: OF | D2: 569 | E2: 640 | F2: =AD2+J2 -> 151.35319 | G2: =$AD2*AE2 -> 84.124749 | H2: =$AD2*AF2 -> 31.950961 | I2: =$AD2*AG2 -> 1.8491092 | J2: =$E2*AH2 -> 34.140945 | K2: =$E2*AI2 -> 86.867225 | L2: =$E2*AJ2 -> 96 | M2: =$E2*AB2 -> 59.712 | N2: =$E2*AK2 -> 2.7552762 | O2: =$E2*AA2 -> 161.024 | P2: =$E2*AL2 -> 7.2434733 | Q2: =$E2*AM2 -> 4.0251968 | R2: =$E2*AN2 -> 0 | S2: =$E2*AO2 -> 6.198496 | T2: =$E2*AP2 -> 1.9939853 | U2: =S2-T2 -> 4.2045107 | V2: =F2/D2 -> 0.26599858 | W2: =(F2+M2+N2+P2)/(D2+M2+N2+Q2) -> 0.34786241 | X2: =(G2+H2*2+I2*3+J2*4)/D2 -> 0.50990822 | Y2: =W2+X2 -> 0.85777063 | Z2: 0.3102 | AA2: 0.2516 | AB2: 0.0933 | AD2: =(D2-J2-O2+Q2)*Z2 -> 117.21225 | AE2: 0.7177129384025936 | AF2: 0.2725906277630415 | AG2: 0.015775733634006278 | AH2: 0.053345226 | AI2: 0.1357300392960748 | AJ2: 0.15 | AK2: 0.004305119 | AL2: 0.011317927 | AM2: 0.00628937 | AN2: 0 | AO2: 0.00968515 | AP2: 0.003115602
A3: ATH | B3: Jacob Wilson | C3: SS | D3: 531 | E3: 575 | F3: =AD3+J3 -> 156.4194 | G3: =$AD3*AE3 -> 119.69466 | H3: =$AD3*AF3 -> 27.80505 | I3: =$AD3*AG3 -> 1.0869721 | J3: =$E3*AH3 -> 7.5115044 | K3: =$E3*AI3 -> 69.630607 | L3: =$E3*AJ3 -> 64 | M3: =$E3*AB3 -> 29.6125 | N3: =$E3*AK3 -> 1.014572 | O3: =$E3*AA3 -> 44.505 | P3: =$E3*AL3 -> 6.5671101 | Q3: =$E3*AM3 -> 3.8566371 | R3: =$E3*AN3 -> 2.1477043 | S3: =$E3*AO3 -> 5.560227 | T3: =$E3*AP3 -> 2.0597575 | U3: =S3-T3 -> 3.5004695 | V3: =F3/D3 -> 0.29457514 | W3: =(F3+M3+N3+P3)/(D3+M3+N3+Q3) -> 0.34238578 | X3: =(G3+H3*2+I3*3+J3*4)/D3 -> 0.39286571 | Y3: =W3+X3 -> 0.7352515 | Z3: 0.3084 | AA3: 0.0774 | AB3: 0.0515 | AD3: =(D3-J3-O3+Q3)*Z3 -> 148.9079 | AE3: 0.8038167217760983 | AF3: 0.1867264997638167 | AG3: 0.007299627 | AH3: 0.013063485956136923 | AI3: 0.12109670802456485 | AJ3: 0.1113043478260869 | AK3: 0.001764473 | AL3: 0.011421061 | AM3: 0.006707195 | AN3: 0.003735138 | AO3: 0.00966996 | AP3: 0.003582187
A4: ATH | B4: Jeff McNeil | C4: 2B,OF | D4: 476 | E4: 535 | F4: =AD4+J4 -> 122.1384 | G4: =$AD4*AE4 -> 81.950327 | H4: =$AD4*AF4 -> 25.949428 | I4: =$AD4*AG4 -> 2.8416581 | J4: =$E4*AH4 -> 12.184791 | K4: =$E4*AI4 -> 60.389164 | L4: =$E4*AJ4 -> 57 | M4: =$E4*AB4 -> 42.9605 | N4: =$E4*AK4 -> 2.4365682 | O4: =$E4*AA4 -> 65.1095 | P4: =$E4*AL4 -> 8.6629372 | Q4: =$E4*AM4 -> 4.0547527 | R4: =$E4*AN4 -> 2.0808081 | S4: =$E4*AO4 -> 4.1495697 | T4: =$E4*AP4 -> 0.98729702 | U4: =S4-T4 -> 3.1622727 | V4: =F4/D4 -> 0.25659327 | W4: =(F4+M4+N4+P4)/(D4+M4+N4+Q4) -> 0.33532742 | X4: =(G4+H4*2+I4*3+J4*4)/D4 -> 0.40149858 | Y4: =W4+X4 -> 0.73682599 | Z4: 0.273 | AA4: 0.1217 | AB4: 0.0803 | AD4: =(D4-J4-O4+Q4)*Z4 -> 109.95361 | AE4: 0.7453173241852487 | AF4: 0.2360034305317324 | AG4: 0.025844156 | AH4: 0.02277531 | AI4: 0.11287694295281302 | AJ4: 0.1065420560747663 | AK4: 0.004554333 | AL4: 0.016192406 | AM4: 0.007578977 | AN4: 0.003889361 | AO4: 0.007756205 | AP4: 0.001845415
A5: ATH | B5: Lawrence Butler | C5: OF | D5: 508 | E5: 562 | F5: =AD5+J5 -> 124.62713 | G5: =$AD5*AE5 -> 74.411554 | H5: =$AD5*AF5 -> 26.213632 | I5: =$AD5*AG5 -> 1.7861571 | J5: =$E5*AH5 -> 22.14973 | K5: =$E5*AI5 -> 73.481763 | L5: =$E5*AJ5 -> 65 | M5: =$E5*AB5 -> 48.7254 | N5: =$E5*AK5 -> 0.20252232 | O5: =$E5*AA5 -> 143.3662 | P5: =$E5*AL5 -> 1.6105509 | Q5: =$E5*AM5 -> 3.8403601 | R5: =$E5*AN5 -> 0.97707971 | S5: =$E5*AO5 -> 18.637415 | T5: =$E5*AP5 -> 4.5944557 | U5: =S5-T5 -> 14.042959 | V5: =F5/D5 -> 0.24532899 | W5: =(F5+M5+N5+P5)/(D5+M5+N5+Q5) -> 0.31236717 | X5: =(G5+H5*2+I5*3+J5*4)/D5 -> 0.4346382 | Y5: =W5+X5 -> 0.74700537 | Z5: 0.29589999999999994 | AA5: 0.2551 | AB5: 0.0867 | AD5: =(D5-J5-O5+Q5)*Z5 -> 102.4774 | AE5: 0.7261264902000405 | AF5: 0.25579915134370573 | AG5: 0.017429766 | AH5: 0.039412330479946106 | AI5: 0.13075046831274584 | AJ5: 0.1156583629893238 | AK5: 0.00036036 | AL5: 0.002865749 | AM5: 0.006833381 | AN5: 0.001738576 | AO5: 0.03316266 | AP5: 0.008175188
A6: ATH | B6: Nick Kurtz | C6: 1B | D6: 514 | E6: 576 | F6: =AD6+J6 -> 136.40553 | G6: =$AD6*AE6 -> 73.87159 | H6: =$AD6*AF6 -> 26.602469 | I6: =$AD6*AG6 -> 1.9082153 | J6: =$E6*AH6 -> 33.812631 | K6: =$E6*AI6 -> 90.325386 | L6: =$E6*AJ6 -> 95 | M6: =$E6*AB6 -> 65.8368 | N6: =$E6*AK6 -> 3.1032732 | O6: =$E6*AA6 -> 160.992 | P6: =$E6*AL6 -> 3.9226815 | Q6: =$E6*AM6 -> 4.0336842 | R6: =$E6*AN6 -> 0.50000026 | S6: =$E6*AO6 -> 2.922078 | T6: =$E6*AP6 -> 1.0180397 | U6: =S6-T6 -> 1.9040383 | V6: =F6/D6 -> 0.26538041 | W6: =(F6+M6+N6+P6)/(D6+M6+N6+Q6) -> 0.35652069 | X6: =(G6+H6*2+I6*3+J6*4)/D6 -> 0.52150136 | Y6: =W6+X6 -> 0.87802205 | Z6: 0.3174 | AA6: 0.2795 | AB6: 0.11430000000000001 | AD6: =(D6-J6-O6+Q6)*Z6 -> 102.5929 | AE6: 0.7200458190148913 | AF6: 0.25930126002290943 | AG6: 0.018599877 | AH6: 0.058702485 | AI6: 0.15681490658464337 | AJ6: 0.1649305555555555 | AK6: 0.005387627 | AL6: 0.006810211 | AM6: 0.007002924 | AN6: 0.000868056 | AO6: 0.005073052 | AP6: 0.00176743
A7: ATH | B7: Shea Langeliers | C7: C | D7: 478 | E7: 526 | F7: =AD7+J7 -> 122.8264 | G7: =$AD7*AE7 -> 67.538337 | H7: =$AD7*AF7 -> 25.304396 | I7: =$AD7*AG7 -> 1.2446325 | J7: =$E7*AH7 -> 29 | K7: =$E7*AI7 -> 70.333588 | L7: =$E7*AJ7 -> 76 | M7: =$E7*AB7 -> 38.924 | N7: =$E7*AK7 -> 0.99251624 | O7: =$E7*AA7 -> 117.6662 | P7: =$E7*AL7 -> 3.9874771 | Q7: =$E7*AM7 -> 4.0000001 | R7: =$E7*AN7 -> 0.49999982 | S7: =$E7*AO7 -> 5.9087784 | T7: =$E7*AP7 -> 1.3433719 | U7: =S7-T7 -> 4.5654065 | V7: =F7/D7 -> 0.25695899 | W7: =(F7+M7+N7+P7)/(D7+M7+N7+Q7) -> 0.31945797 | X7: =(G7+H7*2+I7*3+J7*4)/D7 -> 0.49765905 | Y7: =W7+X7 -> 0.81711702 | Z7: 0.2798 | AA7: 0.22369999999999998 | AB7: 0.074 | AD7: =(D7-J7-O7+Q7)*Z7 -> 93.826397 | AE7: 0.7198223468910707 | AF7: 0.2696937821411874 | AG7: 0.01326527 | AH7: 0.05513308 | AI7: 0.13371404522102565 | AJ7: 0.1444866920152091 | AK7: 0.001886913 | AL7: 0.007580755 | AM7: 0.007604563 | AN7: 0.00095057 | AO7: 0.011233419 | AP7: 0.002553939
A8: ATH | B8: Tyler Soderstrom | C8: 1B,OF | D8: 525 | E8: 585 | F8: =AD8+J8 -> 135.87893 | G8: =$AD8*AE8 -> 81.609289 | H8: =$AD8*AF8 -> 28.209878 | I8: =$AD8*AG8 -> 1.327957 | J8: =$E8*AH8 -> 23.135445 | K8: =$E8*AI8 -> 71.944562 | L8: =$E8*AJ8 -> 78 | M8: =$E8*AB8 -> 50.31 | N8: =$E8*AK8 -> 2.015724 | O8: =$E8*AA8 -> 132.8535 | P8: =$E8*AL8 -> 6.0263057 | Q8: =$E8*AM8 -> 4.8068491 | R8: =$E8*AN8 -> 0 | S8: =$E8*AO8 -> 4.6913268 | T8: =$E8*AP8 -> 2.1529971 | U8: =S8-T8 -> 2.5383296 | V8: =F8/D8 -> 0.258817 | W8: =(F8+M8+N8+P8)/(D8+M8+N8+Q8) -> 0.33365416 | X8: =(G8+H8*2+I8*3+J8*4)/D8 -> 0.44677085 | Y8: =W8+X8 -> 0.78042501 | Z8: 0.3016 | AA8: 0.2271 | AB8: 0.086 | AD8: =(D8-J8-O8+Q8)*Z8 -> 112.74348 | AE8: 0.7238493038493039 | AF8: 0.25021294021294016 | AG8: 0.01177857 | AH8: 0.03954777 | AI8: 0.12298215808979013 | AJ8: 0.1333333333333333 | AK8: 0.003445682 | AL8: 0.010301377309944968 | AM8: 0.008216836 | AN8: 0 | AO8: 0.008019362 | AP8: 0.003680337
A9: ATL | B9: Austin Riley | C9: 3B | D9: 566 | E9: 625 | F9: =AD9+J9 -> 146.75017 | G9: =$AD9*AE9 -> 86.194915 | H9: =$AD9*AF9 -> 28.393334 | I9: =$AD9*AG9 -> 2.01418 | J9: =$E9*AH9 -> 29.238412 | K9: =$E9*AI9 -> 81.632668 | L9: =$E9*AJ9 -> 85 | M9: =$E9*AB9 -> 47.5625 | N9: =$E9*AK9 -> 1.0154894 | O9: =$E9*AA9 -> 161.5625 | P9: =$E9*AL9 -> 7.7739249 | Q9: =$E9*AM9 -> 4.8518637 | R9: =$E9*AN9 -> 0 | S9: =$E9*AO9 -> 2.3160713 | T9: =$E9*AP9 -> 0.97701 | U9: =S9-T9 -> 1.3390613 | V9: =F9/D9 -> 0.25927591 | W9: =(F9+M9+N9+P9)/(D9+M9+N9+Q9) -> 0.32788552 | X9: =(G9+H9*2+I9*3+J9*4)/D9 -> 0.46992539 | Y9: =W9+X9 -> 0.79781091 | Z9: 0.3092 | AA9: 0.2585 | AB9: 0.0761 | AD9: =(D9-J9-O9+Q9)*Z9 -> 117.51175 | AE9: 0.7335003684598379 | AF9: 0.24162122328666172 | AG9: 0.017140243 | AH9: 0.046781459 | AI9: 0.13061226827197653 | AJ9: 0.136 | AK9: 0.001624783 | AL9: 0.012438279904860091 | AM9: 0.007762982 | AN9: 0 | AO9: 0.003705714 | AP9: 0.001563216
A10: ATL | B10: Drake Baldwin | C10: C | D10: 465 | E10: 518 | F10: =AD10+J10 -> 117.8977 | G10: =$AD10*AE10 -> 79.518126 | H10: =$AD10*AF10 -> 21.350361 | I10: =$AD10*AG10 -> 1.3533519 | J10: =$E10*AH10 -> 15.605058 | K10: =$E10*AI10 -> 62.365272 | L10: =$E10*AJ10 -> 75 | M10: =$E10*AB10 -> 44.289 | N10: =$E10*AK10 -> 1.0124989 | O10: =$E10*AA10 -> 94.2242 | P10: =$E10*AL10 -> 4.1526977 | Q10: =$E10*AM10 -> 3.6249029 | R10: =$E10*AN10 -> 0 | S10: =$E10*AO10 -> 0.99242429 | T10: =$E10*AP10 -> 0 | U10: =S10-T10 -> 0.99242429 | V10: =F10/D10 -> 0.25354343 | W10: =(F10+M10+N10+P10)/(D10+M10+N10+Q10) -> 0.32563397 | X10: =(G10+H10*2+I10*3+J10*4)/D10 -> 0.40580459 | Y10: =W10+X10 -> 0.73143856 | Z10: 0.2851 | AA10: 0.1819 | AB10: 0.0855 | AD10: =(D10-J10-O10+Q10)*Z10 -> 102.29264 | AE10: 0.77735922 | AF10: 0.2087184466019417 | AG10: 0.013230198 | AH10: 0.030125595 | AI10: 0.12039627871339931 | AJ10: 0.1447876447876447 | AK10: 0.001954631 | AL10: 0.008016791 | AM10: 0.006997882 | AN10: 0 | AO10: 0.001915877 | AP10: 0
A11: ATL | B11: Ha-Seong Kim | C11: 2B,SS | D11: 315 | E11: 360 | F11: =AD11+J11 -> 75.902647 | G11: =$AD11*AE11 -> 52.258679 | H11: =$AD11*AF11 -> 13.002785 | I11: =$AD11*AG11 -> 1.0276745 | J11: =$E11*AH11 -> 8.3348837 | K11: =$E11*AI11 -> 43.149001 | L11: =$E11*AJ11 -> 35 | M11: =$E11*AB11 -> 35.064 | N11: =$E11*AK11 -> 0.91993608 | O11: =$E11*AA11 -> 64.368 | P11: =$E11*AL11 -> 3.3793546 | Q11: =$E11*AM11 -> 2.5136212 | R11: =$E11*AN11 -> 1.8163264 | S11: =$E11*AO11 -> 13.291525 | T11: =$E11*AP11 -> 3.7400173 | U11: =S11-T11 -> 9.5515081 | V11: =F11/D11 -> 0.24096078 | W11: =(F11+M11+N11+P11)/(D11+M11+N11+Q11) -> 0.3260728 | X11: =(G11+H11*2+I11*3+J11*4)/D11 -> 0.3640851 | Y11: =W11+X11 -> 0.6901579 | Z11: 0.276 | AA11: 0.1788 | AB11: 0.0974 | AD11: =(D11-J11-O11+Q11)*Z11 -> 67.567764 | AE11: 0.7734262125902993 | AF11: 0.1924406604747161 | AG11: 0.015209539193251631 | AH11: 0.023152454780361688 | AI11: 0.11985833474107022 | AJ11: 0.097222222 | AK11: 0.002555378 | AL11: 0.009387096 | AM11: 0.006982281 | AN11: 0.005045351 | AO11: 0.036920904 | AP11: 0.010388936957320408
A12: ATL | B12: Jurickson Profar | C12: OF | D12: 509 | E12: 589 | F12: =AD12+J12 -> 126.8219 | G12: =$AD12*AE12 -> 83.624548 | H12: =$AD12*AF12 -> 24.060186 | I12: =$AD12*AG12 -> 0.98033095 | J12: =$E12*AH12 -> 19.225432 | K12: =$E12*AI12 -> 74.576302 | L12: =$E12*AJ12 -> 66 | M12: =$E12*AB12 -> 65.5557 | N12: =$E12*AK12 -> 1.0137992 | O12: =$E12*AA12 -> 95.1824 | P12: =$E12*AL12 -> 8.4143038 | Q12: =$E12*AM12 -> 4.0608994 | R12: =$E12*AN12 -> 1.0878241 | S12: =$E12*AO12 -> 8.6925468 | T12: =$E12*AP12 -> 2.199571 | U12: =S12-T12 -> 6.4929758 | V12: =F12/D12 -> 0.24915893 | W12: =(F12+M12+N12+P12)/(D12+M12+N12+Q12) -> 0.34816272 | X12: =(G12+H12*2+I12*3+J12*4)/D12 -> 0.41569282 | Y12: =W12+X12 -> 0.76385554 | Z12: 0.26990000000000003 | AA12: 0.16160000000000002 | AB12: 0.11129999999999998 | AD12: =(D12-J12-O12+Q12)*Z12 -> 107.59646 | AE12: 0.7772053634438956 | AF12: 0.22361503175723352 | AG12: 0.009111182 | AH12: 0.032640802 | AI12: 0.12661511354201901 | AJ12: 0.1120543293718166 | AK12: 0.001721221 | AL12: 0.014285745 | AM12: 0.006894566 | AN12: 0.0018469 | AO12: 0.014758144 | AP12: 0.003734416
A13: ATL | B13: Matt Olson | C13: 1B | D13: 576 | E13: 666 | F13: =AD13+J13 -> 137.52992 | G13: =$AD13*AE13 -> 82.78491 | H13: =$AD13*AF13 -> 27.301331 | I13: =$AD13*AG13 -> 0.98168439 | J13: =$E13*AH13 -> 26.512727 | K13: =$E13*AI13 -> 86.718924 | L13: =$E13*AJ13 -> 92 | M13: =$E13*AB13 -> 80.6526 | N13: =$E13*AK13 -> 3.9580407 | O13: =$E13*AA13 -> 160.506 | P13: =$E13*AL13 -> 5.6365092 | Q13: =$E13*AM13 -> 4.8363635 | R13: =$E13*AN13 -> 0.50000017 | S13: =$E13*AO13 -> 0.98833801 | T13: =$E13*AP13 -> 0 | U13: =S13-T13 -> 0.98833801 | V13: =F13/D13 -> 0.23876722 | W13: =(F13+M13+N13+P13)/(D13+M13+N13+Q13) -> 0.34229182 | X13: =(G13+H13*2+I13*3+J13*4)/D13 -> 0.42774919 | Y13: =W13+X13 -> 0.77004102 | Z13: 0.2819 | AA13: 0.24100000000000002 | AB13: 0.12109999999999999 | AD13: =(D13-J13-O13+Q13)*Z13 -> 111.01719 | AE13: 0.7456945115081282 | AF13: 0.2459198454852728 | AG13: 0.008842634 | AH13: 0.0398089 | AI13: 0.13020859449430877 | AJ13: 0.1381381381381381 | AK13: 0.005943004 | AL13: 0.008463227 | AM13: 0.007261807 | AN13: 0.000750751 | AO13: 0.001483991 | AP13: 0
A14: ATL | B14: Michael Harris II | C14: OF | D14: 532 | E14: 567 | F14: =AD14+J14 -> 140.21443 | G14: =$AD14*AE14 -> 91.741394 | H14: =$AD14*AF14 -> 28.090341 | I14: =$AD14*AG14 -> 3.2964511 | J14: =$E14*AH14 -> 18.228622 | K14: =$E14*AI14 -> 69.892515 | L14: =$E14*AJ14 -> 70 | M14: =$E14*AB14 -> 26.9325 | N14: =$E14*AK14 -> 1.1739196 | O14: =$E14*AA14 -> 108.9774 | P14: =$E14*AL14 -> 4.6708179 | Q14: =$E14*AM14 -> 4.0056537 | R14: =$E14*AN14 -> 1.9310347 | S14: =$E14*AO14 -> 18.208537 | T14: =$E14*AP14 -> 4.8723988 | U14: =S14-T14 -> 13.336138 | V14: =F14/D14 -> 0.26356096 | W14: =(F14+M14+N14+P14)/(D14+M14+N14+Q14) -> 0.30666188 | X14: =(G14+H14*2+I14*3+J14*4)/D14 -> 0.43369533 | Y14: =W14+X14 -> 0.74035722 | Z14: 0.2984 | AA14: 0.19219999999999998 | AB14: 0.0475 | AD14: =(D14-J14-O14+Q14)*Z14 -> 121.98581 | AE14: 0.7520661157024795 | AF14: 0.23027548209366389 | AG14: 0.027023234055824054 | AH14: 0.032149245 | AI14: 0.1232672219873805 | AJ14: 0.1234567901234567 | AK14: 0.002070405 | AL14: 0.008237774 | AM14: 0.007064645 | AN14: 0.003405705 | AO14: 0.032113821 | AP14: 0.008593296
