Workbook

Sheet 2025_Fantasy_Hitters_modified
A1: Team | B1: Name | C1: Position | D1: AB | E1: PA | F1: H | G1: 1B | H1: 2B | I1: 3B | J1: HR | K1: R | L1: RBI | M1: BB | N1: IBB | O1: SO | P1: HBP | Q1: SF | R1: SH | S1: SB | T1: CS | U1: NSB | V1: AVG | W1: OBP | X1: SLG | Y1: OPS | Z1: BABIP | AA1: K% | AB1: BB% | AD1: HIP | AE1: H% | AF1: 1B% | AG1: 2B% | AH1: 3B% | AI1: HR% | AJ1: R% | AK1: RBI% | AL1: IBB% | AM1: HBP% | AN1: SF% | AO1: SB% | AP1: CS% | AQ1: SH%
A2: ARI | B2: Alek Thomas | C2: OF | D2: 278 | E2: 303 | F2: =AD2+J2 -> 71.072895 | G2: =$AD2*AF2 -> 47.126306 | H2: =$AD2*AG2 -> 15.110835 | I2: =$AD2*AH2 -> 2.0665659 | J2: =$E2*AI2 -> 6.6 | K2: =$E2*AJ2 -> 36.641758 | L2: =$E2*AK2 -> 34 | M2: =$E2*(AB2/100) -> 19.997802 | N2: =$E2*AL2 -> 0.9 | O2: =$E2*(AA2/100) -> 56.604396 | P2: =$E2*AM2 -> 2.0029018 | Q2: =$E2*AN2 -> 2 | R2: =$E2*AQ2 -> 1.2116071 | S2: =$E2*AO2 -> 6.9659341 | T2: =$E2*AP2 -> 2.021978 | U2: =S2-T2 -> 4.943956 | V2: =F2/D2 -> 0.25565789 | W2: =(F2+M2+N2+P2)/(D2+M2+N2+Q2) -> 0.31231069 | X2: =(G2+H2*2+I2*3+J2*4)/D2 -> 0.39549523 | Y2: =W2+X2 -> 0.70780591 | Z2: 0.29739023 | AA2: 18.681319 | AB2: 6.5999347 | AD2: =(D2-O2-J2+Q2)*Z2 -> 64.472895 | AE2: 0.22915804 | AF2: 0.73094758 | AG2: 0.234375 | AH2: 0.032053251 | AI2: 0.021782178 | AJ2: 0.1209299 | AK2: 0.11221122 | AL2: 0.002970297 | AM2: 0.0066102369 | AN2: 0.0066006601 | AO2: 0.022989881 | AP2: 0.0066731948 | AQ2: 0.0039987034
A3: ARI | B3: Corbin Carroll | C3: OF | D3: 567 | E3: 653 | F3: =AD3+J3 -> 146.76344 | G3: =$AD3*AF3 -> 87.133857 | H3: =$AD3*AG3 -> 30.990933 | I3: =$AD3*AH3 -> 9.6947246 | J3: =$E3*AI3 -> 21.8 | K3: =$E3*AJ3 -> 102.16786 | L3: =$E3*AK3 -> 75 | M3: =$E3*(AB3/100) -> 67.102083 | N3: =$E3*AL3 -> 1.3971726 | O3: =$E3*(AA3/100) -> 126.3244 | P3: =$E3*AM3 -> 9.2908815 | Q3: =$E3*AN3 -> 4.4 | R3: =$E3*AQ3 -> 2.9863222 | S3: =$E3*AO3 -> 38.79256 | T3: =$E3*AP3 -> 6.9802083 | U3: =S3-T3 -> 31.812351 | V3: =F3/D3 -> 0.25884204 | W3: =(F3+M3+N3+P3)/(D3+M3+N3+Q3) -> 0.3509202 | X3: =(G3+H3*2+I3*3+J3*4)/D3 -> 0.46807742 | Y3: =W3+X3 -> 0.81899762 | Z3: 0.29522949 | AA3: 19.345238 | AB3: 10.27597 | AD3: =(D3-O3-J3+Q3)*Z3 -> 124.96344 | AE3: 0.22435441 | AF3: 0.6972748 | AG3: 0.248 | AH3: 0.077580488 | AI3: 0.03338438 | AJ3: 0.1564592 | AK3: 0.11485452 | AL3: 0.0021396212 | AM3: 0.014227996 | AN3: 0.0067381317 | AO3: 0.059406676 | AP3: 0.010689446 | AQ3: 0.0045732346
A4: ARI | B4: Eugenio Suarez | D4: 533 | E4: 603 | F4: =AD4+J4 -> 123.91839 | G4: =$AD4*AF4 -> 73.897903 | H4: =$AD4*AG4 -> 25.824536 | I4: =$AD4*AH4 -> 0.99722439 | J4: =$E4*AI4 -> 23.6 | K4: =$E4*AJ4 -> 69.186207 | L4: =$E4*AK4 -> 83 | M4: =$E4*(AB4/100) -> 54.144828 | N4: =$E4*AL4 -> 0.4 | O4: =$E4*(AA4/100) -> 173.27586 | P4: =$E4*AM4 -> 9.1016611 | Q4: =$E4*AN4 -> 5.4 | R4: =$E4*AQ4 -> 0 | S4: =$E4*AO4 -> 1.9980296 | T4: =$E4*AP4 -> 0.99901478 | U4: =S4-T4 -> 0.99901478 | V4: =F4/D4 -> 0.23249229 | W4: =(F4+M4+N4+P4)/(D4+M4+N4+Q4) -> 0.31632771 | X4: =(G4+H4*2+I4*3+J4*4)/D4 -> 0.41827139 | Y4: =W4+X4 -> 0.7345991 | Z4: 0.29373734 | AA4: 28.735632 | AB4: 8.9792417 | AD4: =(D4-O4-J4+Q4)*Z4 -> 100.31839 | AE4: 0.20871015 | AF4: 0.73663366 | AG4: 0.25742574 | AH4: 0.0099405941 | AI4: 0.039137645 | AJ4: 0.11473666 | AK4: 0.13764511 | AL4: 0.00066334992 | AM4: 0.015093965 | AN4: 0.0089552239 | AO4: 0.0033134819 | AP4: 0.0016567409 | AQ4: 0
A5: ARI | B5: Gabriel Moreno | C5: C | D5: 400 | E5: 450 | F5: =AD5+J5 -> 111.25304 | G5: =$AD5*AF5 -> 78.734648 | H5: =$AD5*AG5 -> 21.840456 | I5: =$AD5*AH5 -> 1.4034731 | J5: =$E5*AI5 -> 9 | K5: =$E5*AJ5 -> 52.487574 | L5: =$E5*AK5 -> 53 | M5: =$E5*(AB5/100) -> 38.549112 | N5: =$E5*AL5 -> 0.9887574 | O5: =$E5*(AA5/100) -> 73.668639 | P5: =$E5*AM5 -> 4.8629032 | Q5: =$E5*AN5 -> 3.4 | R5: =$E5*AQ5 -> 0 | S5: =$E5*AO5 -> 5.0325444 | T5: =$E5*AP5 -> 1.0775148 | U5: =S5-T5 -> 3.9550296 | V5: =F5/D5 -> 0.27813261 | W5: =(F5+M5+N5+P5)/(D5+M5+N5+Q5) -> 0.3514123 | X5: =(G5+H5*2+I5*3+J5*4)/D5 -> 0.40656495 | Y5: =W5+X5 -> 0.75797725 | Z5: 0.31881211 | AA5: 16.370809 | AB5: 8.5664694 | AD5: =(D5-O5-J5+Q5)*Z5 -> 102.25304 | AE5: 0.24761383 | AF5: 0.7699981 | AG5: 0.21359223 | AH5: 0.01372549 | AI5: 0.02 | AJ5: 0.11663905 | AK5: 0.11777778 | AL5: 0.0021972387 | AM5: 0.010806452 | AN5: 0.0075555556 | AO5: 0.011183432 | AP5: 0.0023944773 | AQ5: 0
A6: ARI | B6: Jake McCarthy | C6: OF | D6: 465 | E6: 517 | F6: =AD6+J6 -> 121.18633 | G6: =$AD6*AF6 -> 88.125083 | H6: =$AD6*AG6 -> 20.814895 | I6: =$AD6*AH6 -> 5.6170255 | J6: =$E6*AI6 -> 7.2 | K6: =$E6*AJ6 -> 65.432967 | L6: =$E6*AK6 -> 51 | M6: =$E6*(AB6/100) -> 35.192857 | N6: =$E6*AL6 -> 0.9 | O6: =$E6*(AA6/100) -> 92.794872 | P6: =$E6*AM6 -> 8.2237624 | Q6: =$E6*AN6 -> 3 | R6: =$E6*AQ6 -> 4.0570297 | S6: =$E6*AO6 -> 27.851282 | T6: =$E6*AP6 -> 6.0628205 | U6: =S6-T6 -> 21.788462 | V6: =F6/D6 -> 0.26061576 | W6: =(F6+M6+N6+P6)/(D6+M6+N6+Q6) -> 0.32831838 | X6: =(G6+H6*2+I6*3+J6*4)/D6 -> 0.3772171 | Y6: =W6+X6 -> 0.70553547 | Z6: 0.30974114 | AA6: 17.948718 | AB6: 6.807129 | AD6: =(D6-O6-J6+Q6)*Z6 -> 113.98633 | AE6: 0.23652641 | AF6: 0.77311976 | AG6: 0.1826087 | AH6: 0.049278062 | AI6: 0.013926499 | AJ6: 0.1265628 | AK6: 0.098646035 | AL6: 0.0017408124 | AM6: 0.015906697 | AN6: 0.0058027079 | AO6: 0.053870952 | AP6: 0.011726926 | AQ6: 0.0078472528
A7: ARI | B7: Jordan Lawlar | D7: 235 | E7: 262 | F7: =AD7+J7 -> 58.769788 | G7: =$AD7*AF7 -> 40.324083 | H7: =$AD7*AG7 -> 10.95222 | I7: =$AD7*AH7 -> 1.4054073 | J7: =$E7*AI7 -> 6 | K7: =$E7*AJ7 -> 32.015444 | L7: =$E7*AK7 -> 27 | M7: =$E7*(AB7/100) -> 19.224324 | N7: =$E7*AL7 -> 0 | O7: =$E7*(AA7/100) -> 63.72973 | P7: =$E7*AM7 -> 3.221393 | Q7: =$E7*AN7 -> 2 | R7: =$E7*AQ7 -> 0.79104478 | S7: =$E7*AO7 -> 10.709266 | T7: =$E7*AP7 -> 2.0023166 | U7: =S7-T7 -> 8.7069498 | V7: =F7/D7 -> 0.2500842 | W7: =(F7+M7+N7+P7)/(D7+M7+N7+Q7) -> 0.31697032 | X7: =(G7+H7*2+I7*3+J7*4)/D7 -> 0.38487125 | Y7: =W7+X7 -> 0.70184157 | Z7: 0.31547619 | AA7: 24.324324 | AB7: 7.3375284 | AD7: =(D7-O7-J7+Q7)*Z7 -> 52.769788 | AE7: 0.2242978 | AF7: 0.76415094 | AG7: 0.20754717 | AH7: 0.026632801 | AI7: 0.022900763 | AJ7: 0.12219635 | AK7: 0.10305344 | AL7: 0 | AM7: 0.012295393 | AN7: 0.0076335878 | AO7: 0.040875063 | AP7: 0.0076424298 | AQ7: 0.0030192549
A8: ARI | B8: Josh Naylor | D8: 535 | E8: 596 | F8: =AD8+J8 -> 140.30072 | G8: =$AD8*AF8 -> 89.528254 | H8: =$AD8*AG8 -> 28.261188 | I8: =$AD8*AH8 -> 0.3970024 | J8: =$E8*AI8 -> 21.2 | K8: =$E8*AJ8 -> 70.677833 | L8: =$E8*AK8 -> 91 | M8: =$E8*(AB8/100) -> 49.893268 | N8: =$E8*AL8 -> 5.6850575 | O8: =$E8*(AA8/100) -> 92.972085 | P8: =$E8*AM8 -> 6.914433 | Q8: =$E8*AN8 -> 5 | R8: =$E8*AQ8 -> 0 | S8: =$E8*AO8 -> 6.9850575 | T8: =$E8*AP8 -> 1.9957307 | U8: =S8-T8 -> 4.9893268 | V8: =F8/D8 -> 0.26224434 | W8: =(F8+M8+N8+P8)/(D8+M8+N8+Q8) -> 0.34049842 | X8: =(G8+H8*2+I8*3+J8*4)/D8 -> 0.43372269 | Y8: =W8+X8 -> 0.7742211 | Z8: 0.27969214 | AA8: 15.599343 | AB8: 8.3713536 | AD8: =(D8-O8-J8+Q8)*Z8 -> 119.10072 | AE8: 0.2352251 | AF8: 0.75170204 | AG8: 0.23728814 | AH8: 0.0033333333 | AI8: 0.03557047 | AJ8: 0.11858697 | AK8: 0.15268456 | AL8: 0.009538687 | AM8: 0.011601398 | AN8: 0.0083892617 | AO8: 0.011719895 | AP8: 0.0033485415 | AQ8: 0
A9: ARI | B9: Ketel Marte | D9: 537 | E9: 614 | F9: =AD9+J9 -> 147.50059 | G9: =$AD9*AF9 -> 86.550684 | H9: =$AD9*AG9 -> 31.554252 | I9: =$AD9*AH9 -> 3.0176239 | J9: =$E9*AI9 -> 27.2 | K9: =$E9*AJ9 -> 86.806907 | L9: =$E9*AK9 -> 89 | M9: =$E9*(AB9/100) -> 64.958085 | N9: =$E9*AL9 -> 4.0819466 | O9: =$E9*(AA9/100) -> 110.84772 | P9: =$E9*AM9 -> 5.9348432 | Q9: =$E9*AN9 -> 4.4 | R9: =$E9*AQ9 -> 0 | S9: =$E9*AO9 -> 6.9747253 | T9: =$E9*AP9 -> 1.9927786 | U9: =S9-T9 -> 4.9819466 | V9: =F9/D9 -> 0.27467521 | W9: =(F9+M9+N9+P9)/(D9+M9+N9+Q9) -> 0.36445097 | X9: =(G9+H9*2+I9*3+J9*4)/D9 -> 0.49816026 | Y9: =W9+X9 -> 0.86261123 | Z9: 0.29825191 | AA9: 18.053375 | AB9: 10.579493 | AD9: =(D9-O9-J9+Q9)*Z9 -> 120.30059 | AE9: 0.24208525 | AF9: 0.71945355 | AG9: 0.26229508 | AH9: 0.025084034 | AI9: 0.044299674 | AJ9: 0.14137933 | AK9: 0.14495114 | AL9: 0.0066481215 | AM9: 0.0096658684 | AN9: 0.0071661238 | AO9: 0.011359487 | AP9: 0.0032455678 | AQ9: 0
A10: ARI | B10: Lourdes Gurriel Jr. | D10: 518 | E10: 560 | F10: =AD10+J10 -> 140.2344 | G10: =$AD10*AF10 -> 94.919312 | H10: =$AD10*AG10 -> 26.920393 | I10: =$AD10*AH10 -> 1.9941032 | J10: =$E10*AI10 -> 16.6 | K10: =$E10*AJ10 -> 64.8 | L10: =$E10*AK10 -> 73 | M10: =$E10*(AB10/100) -> 32 | N10: =$E10*AL10 -> 0.6 | O10: =$E10*(AA10/100) -> 102 | P10: =$E10*AM10 -> 5.0343511 | Q10: =$E10*AN10 -> 4.6 | R10: =$E10*AQ10 -> 0 | S10: =$E10*AO10 -> 5.9 | T10: =$E10*AP10 -> 1.9 | U10: =S10-T10 -> 4 | V10: =F10/D10 -> 0.27072278 | W10: =(F10+M10+N10+P10)/(D10+M10+N10+Q10) -> 0.32036878 | X10: =(G10+H10*2+I10*3+J10*4)/D10 -> 0.42691585 | Y10: =W10+X10 -> 0.74728463 | Z10: 0.30602574 | AA10: 18.214286 | AB10: 5.7142857 | AD10: =(D10-O10-J10+Q10)*Z10 -> 123.6344 | AE10: 0.2523001 | AF10: 0.76774194 | AG10: 0.21774194 | AH10: 0.016129032 | AI10: 0.029642857 | AJ10: 0.11571429 | AK10: 0.13035714 | AL10: 0.0010714286 | AM10: 0.0089899128 | AN10: 0.0082142857 | AO10: 0.010535714 | AP10: 0.0033928571 | AQ10: 0
A11: ARI | B11: Pavin Smith | D11: 263 | E11: 300 | F11: =AD11+J11 -> 62.88815 | G11: =$AD11*AF11 -> 39.072922 | H11: =$AD11*AG11 -> 12.732332 | I11: =$AD11*AH11 -> 0.99049784 | J11: =$E11*AI11 -> 10 | K11: =$E11*AJ11 -> 35.085714 | L11: =$E11*AK11 -> 39 | M11: =$E11*(AB11/100) -> 30.342857 | N11: =$E11*AL11 -> 0.98571429 | O11: =$E11*(AA11/100) -> 63.428571 | P11: =$E11*AM11 -> 1.9348315 | Q11: =$E11*AN11 -> 2 | R11: =$E11*AQ11 -> 0 | S11: =$E11*AO11 -> 1.9714286 | T11: =$E11*AP11 -> 0.085714286 | U11: =S11-T11 -> 1.8857143 | V11: =F11/D11 -> 0.23911844 | W11: =(F11+M11+N11+P11)/(D11+M11+N11+Q11) -> 0.32447615 | X11: =(G11+H11*2+I11*3+J11*4)/D11 -> 0.40877977 | Y11: =W11+X11 -> 0.73325592 | Z11: 0.27607535 | AA11: 21.142857 | AB11: 10.114286 | AD11: =(D11-O11-J11+Q11)*Z11 -> 52.88815 | AE11: 0.21231818 | AF11: 0.73878407 | AG11: 0.24074074 | AH11: 0.018728162 | AI11: 0.033333333 | AJ11: 0.11695238 | AK11: 0.13 | AL11: 0.0032857143 | AM11: 0.0064494382 | AN11: 0.0066666667 | AO11: 0.0065714286 | AP11: 0.00028571429 | AQ11: 0
A12: ATH | B12: Brent Rooker | D12: 533 | E12: 603 | F12: =AD12+J12 -> 133.27806 | G12: =$AD12*AF12 -> 71.811174 | H12: =$AD12*AG12 -> 25.070933 | I12: =$AD12*AH12 -> 1.584607 | J12: =$E12*AI12 -> 35 | K12: =$E12*AJ12 -> 81.514907 | L12: =$E12*AK12 -> 92 | M12: =$E12*(AB12/100) -> 55.398913 | N12: =$E12*AL12 -> 3.3809006 | O12: =$E12*(AA12/100) -> 177.90373 | P12: =$E12*AM12 -> 9.7154237 | Q12: =$E12*AN12 -> 4 | R12: =$E12*AQ12 -> 0 | S12: =$E12*AO12 -> 7.9490683 | T12: =$E12*AP12 -> 1.9872671 | U12: =S12-T12 -> 5.9618012 | V12: =F12/D12 -> 0.25005264 | W12: =(F12+M12+N12+P12)/(D12+M12+N12+Q12) -> 0.33867091 | X12: =(G12+H12*2+I12*3+J12*4)/D12 -> 0.50038811 | Y12: =W12+X12 -> 0.83905902 | Z12: 0.30323723 | AA12: 29.503106 | AB12: 9.1872161 | AD12: =(D12-O12-J12+Q12)*Z12 -> 98.278056 | AE12: 0.2214069 | AF12: 0.73069388 | AG12: 0.25510204 | AH12: 0.016123711 | AI12: 0.058043118 | AJ12: 0.13518227 | AK12: 0.15257048 | AL12: 0.0056068004 | AM12: 0.016111814 | AN12: 0.0066334992 | AO12: 0.013182535 | AP12: 0.0032956336 | AQ12: 0
A13: ATH | B13: Jacob Wilson | D13: 450 | E13: 489 | F13: =AD13+J13 -> 123.35153 | G13: =$AD13*AF13 -> 90.640509 | H13: =$AD13*AG13 -> 23.267975 | I13: =$AD13*AH13 -> 2.0097638 | J13: =$E13*AI13 -> 6 | K13: =$E13*AJ13 -> 58.015385 | L13: =$E13*AK13 -> 45 | M13: =$E13*(AB13/100) -> 24.465934 | N13: =$E13*AL13 -> 0.9 | O13: =$E13*(AA13/100) -> 48.362637 | P13: =$E13*AM13 -> 5.2640625 | Q13: =$E13*AN13 -> 3.4 | R13: =$E13*AQ13 -> 3.03375 | S13: =$E13*AO13 -> 3.9582418 | T13: =$E13*AP13 -> 1.0791209 | U13: =S13-T13 -> 2.8791209 | V13: =F13/D13 -> 0.27411451 | W13: =(F13+M13+N13+P13)/(D13+M13+N13+Q13) -> 0.32162172 | X13: =(G13+H13*2+I13*3+J13*4)/D13 -> 0.37156834 | Y13: =W13+X13 -> 0.69319006 | Z13: 0.29408657 | AA13: 9.8901099 | AB13: 5.0032585 | AD13: =(D13-O13-J13+Q13)*Z13 -> 117.35153 | AE13: 0.25453689 | AF13: 0.77238457 | AG13: 0.19827586 | AH13: 0.017126013 | AI13: 0.012269939 | AJ13: 0.11864087 | AK13: 0.09202454 | AL13: 0.0018404908 | AM13: 0.010764954 | AN13: 0.0069529652 | AO13: 0.0080945639 | AP13: 0.0022067912 | AQ13: 0.0062039877
A14: ATH | B14: JJ Bleday | D14: 522 | E14: 597 | F14: =AD14+J14 -> 117.8466 | G14: =$AD14*AF14 -> 66.18205 | H14: =$AD14*AG14 -> 27.556171 | I14: =$AD14*AH14 -> 2.5314747 | J14: =$E14*AI14 -> 21.4 | K14: =$E14*AJ14 -> 71.005775 | L14: =$E14*AK14 -> 66 | M14: =$E14*(AB14/100) -> 65.48617 | N14: =$E14*AL14 -> 0.99072948 | O14: =$E14*(AA14/100) -> 127.92857 | P14: =$E14*AM14 -> 3.9035593 | Q14: =$E14*AN14 -> 4.2 | R14: =$E14*AQ14 -> 1.0071186 | S14: =$E14*AO14 -> 4.0536474 | T14: =$E14*AP14 -> 1.981459 | U14: =S14-T14 -> 2.0721884 | V14: =F14/D14 -> 0.22575977 | W14: =(F14+M14+N14+P14)/(D14+M14+N14+Q14) -> 0.31758798 | X14: =(G14+H14*2+I14*3+J14*4)/D14 -> 0.41089812 | Y14: =W14+X14 -> 0.7284861 | Z14: 0.2559138 | AA14: 21.428571 | AB14: 10.969208 | AD14: =(D14-O14-J14+Q14)*Z14 -> 96.4466 | AE14: 0.20187876 | AF14: 0.68620408 | AG14: 0.28571429 | AH14: 0.026247423 | AI14: 0.035845896 | AJ14: 0.11893765 | AK14: 0.11055276 | AL14: 0.0016595134 | AM14: 0.0065386253 | AN14: 0.0070351759 | AO14: 0.0067900292 | AP14: 0.0033190267 | AQ14: 0.0016869659
A15: ATH | B15: Lawrence Butler | D15: 534 | E15: 585 | F15: =AD15+J15 -> 132.40162 | G15: =$AD15*AF15 -> 79.22761 | H15: =$AD15*AG15 -> 26.743258 | I15: =$AD15*AH15 -> 2.5986195 | J15: =$E15*AI15 -> 24.4 | K15: =$E15*AJ15 -> 77.417702 | L15: =$E15*AK15 -> 69 | M15: =$E15*(AB15/100) -> 46.032764 | N15: =$E15*AL15 -> 1.3908385 | O15: =$E15*(AA15/100) -> 139.8913 | P15: =$E15*AM15 -> 1.9073394 | Q15: =$E15*AN15 -> 4 | R15: =$E15*AQ15 -> 0.4 | S15: =$E15*AO15 -> 18.91677 | T15: =$E15*AP15 -> 2.9725155 | U15: =S15-T15 -> 15.944255 | V15: =F15/D15 -> 0.24794311 | W15: =(F15+M15+N15+P15)/(D15+M15+N15+Q15) -> 0.31042917 | X15: =(G15+H15*2+I15*3+J15*4)/D15 -> 0.44589885 | Y15: =W15+X15 -> 0.75632802 | Z15: 0.28899948 | AA15: 23.913043 | AB15: 7.8688485 | AD15: =(D15-O15-J15+Q15)*Z15 -> 108.00162 | AE15: 0.22826485 | AF15: 0.73357798 | AG15: 0.24761905 | AH15: 0.024060931 | AI15: 0.041709402 | AJ15: 0.13233795 | AK15: 0.11794872 | AL15: 0.0023775017 | AM15: 0.0032604093 | AN15: 0.0068376068 | AO15: 0.032336359 | AP15: 0.0050812231 | AQ15: 0.00068376068
A16: ATH | B16: Shea Langeliers | D16: 454 | E16: 500 | F16: =AD16+J16 -> 104.27055 | G16: =$AD16*AF16 -> 56.48616 | H16: =$AD16*AG16 -> 21.072841 | I16: =$AD16*AH16 -> 2.0225757 | J16: =$E16*AI16 -> 26 | K16: =$E16*AJ16 -> 60.566008 | L16: =$E16*AK16 -> 70 | M16: =$E16*(AB16/100) -> 37.153755 | N16: =$E16*AL16 -> 1.0976285 | O16: =$E16*(AA16/100) -> 135.37549 | P16: =$E16*AM16 -> 4.983559 | Q16: =$E16*AN16 -> 4 | R16: =$E16*AQ16 -> 0 | S16: =$E16*AO16 -> 3.0952569 | T16: =$E16*AP16 -> 1.0976285 | U16: =S16-T16 -> 1.9976285 | V16: =F16/D16 -> 0.22967082 | W16: =(F16+M16+N16+P16)/(D16+M16+N16+Q16) -> 0.29723946 | X16: =(G16+H16*2+I16*3+J16*4)/D16 -> 0.45969068 | Y16: =W16+X16 -> 0.75693014 | Z16: 0.26387082 | AA16: 27.075099 | AB16: 7.430751 | AD16: =(D16-O16-J16+Q16)*Z16 -> 78.270552 | AE16: 0.20737774 | AF16: 0.72167832 | AG16: 0.26923077 | AH16: 0.025840826 | AI16: 0.052 | AJ16: 0.12113202 | AK16: 0.14 | AL16: 0.0021952569 | AM16: 0.009967118 | AN16: 0.008 | AO16: 0.0061905138 | AP16: 0.0021952569 | AQ16: 0
A17: ATH | B17: Tyler Soderstrom | D17: 463 | E17: 511 | F17: =AD17+J17 -> 107.6487 | G17: =$AD17*AF17 -> 63.983622 | H17: =$AD17*AG17 -> 20.963055 | I17: =$AD17*AH17 -> 1.6451799 | J17: =$E17*AI17 -> 21.8 | K17: =$E17*AJ17 -> 56.226316 | L17: =$E17*AK17 -> 65 | M17: =$E17*(AB17/100) -> 39.938158 | N17: =$E17*AL17 -> 1.9921053 | O17: =$E17*(AA17/100) -> 136.39474 | P17: =$E17*AM17 -> 5.060307 | Q17: =$E17*AN17 -> 4 | R17: =$E17*AQ17 -> 0 | S17: =$E17*AO17 -> 0.99605263 | T17: =$E17*AP17 -> 0.99605263 | U17: =S17-T17 -> 0 | V17: =F17/D17 -> 0.2325026 | W17: =(F17+M17+N17+P17)/(D17+M17+N17+Q17) -> 0.30385159 | X17: =(G17+H17*2+I17*3+J17*4)/D17 -> 0.42774357 | Y17: =W17+X17 -> 0.73159516 | Z17: 0.27800272 | AA17: 26.691729 | AB17: 7.8156865 | AD17: =(D17-O17-J17+Q17)*Z17 -> 85.848702 | AE17: 0.20821053 | AF17: 0.74530681 | AG17: 0.24418605 | AH17: 0.019163714 | AI17: 0.042661448 | AJ17: 0.11003193 | AK17: 0.12720157 | AL17: 0.0038984447 | AM17: 0.0099027535 | AN17: 0.0078277886 | AO17: 0.0019492224 | AP17: 0.0019492224 | AQ17: 0
A18: ATH | B18: Zack Gelof | D18: 528 | E18: 582 | F18: =AD18+J18 -> 118.7838 | G18: =$AD18*AF18 -> 72.428095 | H18: =$AD18*AG18 -> 24.044557 | I18: =$AD18*AH18 -> 2.0325062 | J18: =$E18*AI18 -> 19.6 | K18: =$E18*AJ18 -> 69.262857 | L18: =$E18*AK18 -> 60 | M18: =$E18*(AB18/100) -> 42.419048 | N18: =$E18*AL18 -> 0 | O18: =$E18*(AA18/100) -> 181.99048 | P18: =$E18*AM18 -> 4.8180328 | Q18: =$E18*AN18 -> 3.4 | R18: =$E18*AQ18 -> 2.0721311 | S18: =$E18*AO18 -> 23.009524 | T18: =$E18*AP18 -> 4.9619048 | U18: =S18-T18 -> 18.047619 | V18: =F18/D18 -> 0.22496932 | W18: =(F18+M18+N18+P18)/(D18+M18+N18+Q18) -> 0.28932619 | X18: =(G18+H18*2+I18*3+J18*4)/D18 -> 0.38828547 | Y18: =W18+X18 -> 0.67761166 | Z18: 0.30073055 | AA18: 31.269841 | AB18: 7.2884962 | AD18: =(D18-O18-J18+Q18)*Z18 -> 99.183799 | AE18: 0.20247869 | AF18: 0.73024119 | AG18: 0.24242424 | AH18: 0.020492321 | AI18: 0.033676976 | AJ18: 0.11900835 | AK18: 0.10309278 | AL18: 0 | AM18: 0.0082784069 | AN18: 0.0058419244 | AO18: 0.039535264 | AP18: 0.0085256096 | AQ18: 0.0035603628
... A229: WSN | B229: Nathaniel Lowe | D229: 520 | E229: 595 | F229: =AD229+J229 -> 133.10009 | G229: =$AD229*AF229 -> 95.197425 | H229: =$AD229*AG229 -> 22.242389 | I229: =$AD229*AH229 -> 1.9950183 | J229: =$E229*AI229 -> 13.8 | K229: =$E229*AJ229 -> 65.31236 | L229: =$E229*AK229 -> 69 | M229: =$E229*(AB229/100) -> 66.794382 | N229: =$E229*AL229 -> 1.8955056 | O229: =$E229*(AA229/100) -> 127.97753 | P229: =$E229*AM229 -> 3.9920923 | Q229: =$E229*AN229 -> 3.6 | R229: =$E229*AQ229 -> 0 | S229: =$E229*AO229 -> 1.9910112 | T229: =$E229*AP229 -> 0.99550562 | U229: =S229-T229 -> 0.99550562 | V229: =F229/D229 -> 0.25596171 | W229: =(F229+M229+N229+P229)/(D229+M229+N229+Q229) -> 0.34743471 | X229: =(G229+H229*2+I229*3+J229*4)/D229 -> 0.38628319 | Y229: =W229+X229 -> 0.7337179 | Z229: 0.3124491 | AA229: 21.508828 | AB229: 11.225947 | AD229: =(D229-O229-J229+Q229)*Z229 -> 119.30009 | AE229: 0.22415258 | AF229: 0.7979661 | AG229: 0.18644068 | AH229: 0.016722689 | AI229: 0.023193277 | AJ229: 0.10976867 | AK229: 0.11596639 | AL229: 0.0031857237 | AM229: 0.0067093988 | AN229: 0.0060504202 | AO229: 0.0033462374 | AP229: 0.0016731187 | AQ229: 0

Sheet Fantasy Rank
A1: ='2025_Fantasy_Hitters_modified'!A1 -> Team | B1: ='2025_Fantasy_Hitters_modified'!B1 -> Name | C1: ='2025_Fantasy_Hitters_modified'!D1 -> AB | D1: ='2025_Fantasy_Hitters_modified'!E1 -> PA | E1: H | F1: H+ | G1: HR | H1: HR+ | I1: R | J1: RBI | K1: BB | L1: HBP | M1: SB | N1: CS | O1: NSB | P1: AVG | Q1: OBP | R1: SLG | S1: OPS | T1: Total | V1: ='2025_Fantasy_Hitters_modified'!F1 -> H | W1: ='2025_Fantasy_Hitters_modified'!G1 -> 1B | X1: ='2025_Fantasy_Hitters_modified'!H1 -> 2B | Y1: ='2025_Fantasy_Hitters_modified'!I1 -> 3B | Z1: ='2025_Fantasy_Hitters_modified'!J1 -> HR | AA1: ='2025_Fantasy_Hitters_modified'!K1 -> R | AB1: ='2025_Fantasy_Hitters_modified'!L1 -> RBI | AC1: ='2025_Fantasy_Hitters_modified'!M1 -> BB | ... AR1: ='2025_Fantasy_Hitters_modified'!AB1 -> BB%
A2: ='2025_Fantasy_Hitters_modified'!A114 -> LAD | B2: ='2025_Fantasy_Hitters_modified'!B114 -> Shohei Ohtani | C2: ='2025_Fantasy_Hitters_modified'!D114 -> 555 | D2: ='2025_Fantasy_Hitters_modified'!E114 -> 645 | E2: =(V2-AVERAGE(V$2:V$229))/AVERAGE(V$2:V$229)*100+100 -> 135.33082 | F2: =E2*1.51744-31.775 -> 173.5814 | G2: =(Z2-AVERAGE(Z$2:Z$229))/AVERAGE(Z$2:Z$229)*100+100 -> 226.98023 | H2: =G2*0.83285-13.6979 -> 175.34259 | I2: =(AA2-AVERAGE(AA$2:AA$229))/AVERAGE(AA$2:AA$229)*100+100 -> 177.6435 | J2: =(AB2-AVERAGE(AB$2:AB$229))/AVERAGE(AB$2:AB$229)*100+100 -> 163.7147 | K2: =(AC2-AVERAGE(AC$2:AC$229))/AVERAGE(AC$2:AC$229)*100+100 -> 176.65142 | L2: =(AF2-AVERAGE(AF$2:AF$229))/AVERAGE(AF$2:AF$229)*100+100 -> 84.892014 | M2: =(AI2-AVERAGE(AI$2:AI$229))/AVERAGE(AI$2:AI$229)*100+100 -> 326.52128 | N2: =(AVERAGE(AJ$2:AJ$229)-AJ2)/AVERAGE(AJ$2:AJ$229)*100+100 -> -87.167378 | O2: =(AK2-AVERAGE(AK$2:AK$229))/AVERAGE(AK$2:AK$229)*100+100 -> 340.30474 | P2: =(AL2-AVERAGE(AL$2:AL$229))/AVERAGE(AL$2:AL$229)*100+100 -> 114.81453 | Q2: =(AM2-AVERAGE(AM$2:AM$229))/AVERAGE(AM$2:AM$229)*100+100 -> 119.93377 | R2: =(AN2-AVERAGE(AN$2:AN$229))/AVERAGE(AN$2:AN$229)*100+100 -> 139.03608 | S2: =(AO2-AVERAGE(AO$2:AO$229))/AVERAGE(AO$2:AO$229)*100+100 -> 130.70201 | T2: =(F2*1.5+H2*2.5+I2+J2+K2*1.5+L2+O2*0.75+P2+S2)/11.25 -> 168.06231 | V2: ='2025_Fantasy_Hitters_modified'!F114 -> 158.97429 | W2: ='2025_Fantasy_Hitters_modified'!G114 -> 82.700559 | X2: ='2025_Fantasy_Hitters_modified'!H114 -> 30.888161 | Y2: ='2025_Fantasy_Hitters_modified'!I114 -> 5.360423 | Z2: ='2025_Fantasy_Hitters_modified'!J114 -> 41.4 | AA2: ='2025_Fantasy_Hitters_modified'!K114 -> 117.14194 | AB2: ='2025_Fantasy_Hitters_modified'!L114 -> 105 | AC2: ='2025_Fantasy_Hitters_modified'!M114 -> 80.727189 | ... AR2: ='2025_Fantasy_Hitters_modified'!AB114 -> 12.515843
A3: ='2025_Fantasy_Hitters_modified'!A146 -> NYY | B3: ='2025_Fantasy_Hitters_modified'!B146 -> Aaron Judge | C3: ='2025_Fantasy_Hitters_modified'!D146 -> 516 | D3: ='2025_Fantasy_Hitters_modified'!E146 -> 638 | E3: =(V3-AVERAGE(V$2:V$229))/AVERAGE(V$2:V$229)*100+100 -> 122.52821 | F3: =E3*1.51744-31.775 -> 154.15421 | G3: =(Z3-AVERAGE(Z$2:Z$229))/AVERAGE(Z$2:Z$229)*100+100 -> 256.58635 | H3: =G3*0.83285-13.6979 -> 200.00004 | I3: =(AA3-AVERAGE(AA$2:AA$229))/AVERAGE(AA$2:AA$229)*100+100 -> 160.1616 | J3: =(AB3-AVERAGE(AB$2:AB$229))/AVERAGE(AB$2:AB$229)*100+100 -> 179.30657 | K3: =(AC3-AVERAGE(AC$2:AC$229))/AVERAGE(AC$2:AC$229)*100+100 -> 232.36683 | L3: =(AF3-AVERAGE(AF$2:AF$229))/AVERAGE(AF$2:AF$229)*100+100 -> 100.73115 | M3: =(AI3-AVERAGE(AI$2:AI$229))/AVERAGE(AI$2:AI$229)*100+100 -> 75.918468 | N3: =(AVERAGE(AJ$2:AJ$229)-AJ3)/AVERAGE(AJ$2:AJ$229)*100+100 -> 126.83068 | O3: =(AK3-AVERAGE(AK$2:AK$229))/AVERAGE(AK$2:AK$229)*100+100 -> 76.88134 | P3: =(AL3-AVERAGE(AL$2:AL$229))/AVERAGE(AL$2:AL$229)*100+100 -> 111.80971 | Q3: =(AM3-AVERAGE(AM$2:AM$229))/AVERAGE(AM$2:AM$229)*100+100 -> 127.92715 | R3: =(AN3-AVERAGE(AN$2:AN$229))/AVERAGE(AN$2:AN$229)*100+100 -> 143.53141 | S3: =(AO3-AVERAGE(AO$2:AO$229))/AVERAGE(AO$2:AO$229)*100+100 -> 136.72349 | T3: =(F3*1.5+H3*2.5+I3+J3+K3*1.5+L3+O3*0.75+P3+S3)/11.25 -> 162.32668 | V3: ='2025_Fantasy_Hitters_modified'!F146 -> 143.93496 | W3: ='2025_Fantasy_Hitters_modified'!G146 -> 71.364458 | X3: ='2025_Fantasy_Hitters_modified'!H146 -> 25.770499 | Y3: ='2025_Fantasy_Hitters_modified'!I146 -> 0.97927895 | Z3: ='2025_Fantasy_Hitters_modified'!J146 -> 46.8 | AA3: ='2025_Fantasy_Hitters_modified'!K146 -> 105.61399 | AB3: ='2025_Fantasy_Hitters_modified'!L146 -> 115 | AC3: ='2025_Fantasy_Hitters_modified'!M146 -> 106.18834 | ... AR3: ='2025_Fantasy_Hitters_modified'!AB146 -> 16.64394
A4: ='2025_Fantasy_Hitters_modified'!A143 -> NYM | B4: ='2025_Fantasy_Hitters_modified'!B143 -> Juan Soto | C4: ='2025_Fantasy_Hitters_modified'!D143 -> 537 | D4: ='2025_Fantasy_Hitters_modified'!E143 -> 674 | E4: =(V4-AVERAGE(V$2:V$229))/AVERAGE(V$2:V$229)*100+100 -> 124.63781 | F4: =E4*1.51744-31.775 -> 157.3554 | G4: =(Z4-AVERAGE(Z$2:Z$229))/AVERAGE(Z$2:Z$229)*100+100 -> 186.40889 | H4: =G4*0.83285-13.6979 -> 141.55274 | I4: =(AA4-AVERAGE(AA$2:AA$229))/AVERAGE(AA$2:AA$229)*100+100 -> 164.71104 | J4: =(AB4-AVERAGE(AB$2:AB$229))/AVERAGE(AB$2:AB$229)*100+100 -> 149.68201 | K4: =(AC4-AVERAGE(AC$2:AC$229))/AVERAGE(AC$2:AC$229)*100+100 -> 279.14183 | L4: =(AF4-AVERAGE(AF$2:AF$229))/AVERAGE(AF$2:AF$229)*100+100 -> 81.933207 | M4: =(AI4-AVERAGE(AI$2:AI$229))/AVERAGE(AI$2:AI$229)*100+100 -> 76.319681 | N4: =(AVERAGE(AJ$2:AJ$229)-AJ4)/AVERAGE(AJ$2:AJ$229)*100+100 -> 86.046193 | O4: =(AK4-AVERAGE(AK$2:AK$229))/AVERAGE(AK$2:AK$229)*100+100 -> 63.138556 | P4: =(AL4-AVERAGE(AL$2:AL$229))/AVERAGE(AL$2:AL$229)*100+100 -> 109.28704 | Q4: =(AM4-AVERAGE(AM$2:AM$229))/AVERAGE(AM$2:AM$229)*100+100 -> 129.30986 | R4: =(AN4-AVERAGE(AN$2:AN$229))/AVERAGE(AN$2:AN$229)*100+100 -> 123.66921 | S4: =(AO4-AVERAGE(AO$2:AO$229))/AVERAGE(AO$2:AO$229)*100+100 -> 126.13014 | T4: =(F4*1.5+H4*2.5+I4+J4+K4*1.5+L4+O4*0.75+P4+S4)/11.25 -> 150.02001 | V4: ='2025_Fantasy_Hitters_modified'!F143 -> 146.41312 | W4: ='2025_Fantasy_Hitters_modified'!G143 -> 82.513769 | X4: ='2025_Fantasy_Hitters_modified'!H143 -> 28.103281 | Y4: ='2025_Fantasy_Hitters_modified'!I143 -> 1.9934807 | Z4: ='2025_Fantasy_Hitters_modified'!J143 -> 34 | AA4: ='2025_Fantasy_Hitters_modified'!K143 -> 108.61399 | AB4: ='2025_Fantasy_Hitters_modified'!L143 -> 96 | AC4: ='2025_Fantasy_Hitters_modified'!M143 -> 127.56385 | ... AR4: ='2025_Fantasy_Hitters_modified'!AB143 -> 18.926387
A5: ='2025_Fantasy_Hitters_modified'!A61 -> CIN | B5: ='2025_Fantasy_Hitters_modified'!B61 -> Elly De La Cruz | C5: ='2025_Fantasy_Hitters_modified'!D61 -> 580 | D5: ='2025_Fantasy_Hitters_modified'!E61 -> 648 | E5: =(V5-AVERAGE(V$2:V$229))/AVERAGE(V$2:V$229)*100+100 -> 127.93761 | F5: =E5*1.51744-31.775 -> 162.36265 | G5: =(Z5-AVERAGE(Z$2:Z$229))/AVERAGE(Z$2:Z$229)*100+100 -> 133.77579 | H5: =G5*0.83285-13.6979 -> 97.717267 | I5: =(AA5-AVERAGE(AA$2:AA$229))/AVERAGE(AA$2:AA$229)*100+100 -> 150.20868 | J5: =(AB5-AVERAGE(AB$2:AB$229))/AVERAGE(AB$2:AB$229)*100+100 -> 120.05744 | K5: =(AC5-AVERAGE(AC$2:AC$229))/AVERAGE(AC$2:AC$229)*100+100 -> 129.4165 | L5: =(AF5-AVERAGE(AF$2:AF$229))/AVERAGE(AF$2:AF$229)*100+100 -> 83.4601 | M5: =(AI5-AVERAGE(AI$2:AI$229))/AVERAGE(AI$2:AI$229)*100+100 -> 514.74132 | N5: =(AVERAGE(AJ$2:AJ$229)-AJ5)/AVERAGE(AJ$2:AJ$229)*100+100 -> -248.15933 | O5: =(AK5-AVERAGE(AK$2:AK$229))/AVERAGE(AK$2:AK$229)*100+100 -> 538.06127 | P5: =(AL5-AVERAGE(AL$2:AL$229))/AVERAGE(AL$2:AL$229)*100+100 -> 103.8636 | Q5: =(AM5-AVERAGE(AM$2:AM$229))/AVERAGE(AM$2:AM$229)*100+100 -> 102.78366 | R5: =(AN5-AVERAGE(AN$2:AN$229))/AVERAGE(AN$2:AN$229)*100+100 -> 110.95543 | S5: =(AO5-AVERAGE(AO$2:AO$229))/AVERAGE(AO$2:AO$229)*100+100 -> 107.3902 | T5: =(F5*1.5+H5*2.5+I5+J5+K5*1.5+L5+O5*0.75+P5+S5)/11.25 -> 146.71003 | V5: ='2025_Fantasy_Hitters_modified'!F61 -> 150.28943 | W5: ='2025_Fantasy_Hitters_modified'!G61 -> 88.043741 | X5: ='2025_Fantasy_Hitters_modified'!H61 -> 33.020178 | Y5: ='2025_Fantasy_Hitters_modified'!I61 -> 6.7751768 | Z5: ='2025_Fantasy_Hitters_modified'!J61 -> 24.4 | AA5: ='2025_Fantasy_Hitters_modified'!K61 -> 99.050827 | AB5: ='2025_Fantasy_Hitters_modified'!L61 -> 77 | AC5: ='2025_Fantasy_Hitters_modified'!M61 -> 59.141504 | ... AR5: ='2025_Fantasy_Hitters_modified'!AB61 -> 9.1267753
A6: ='2025_Fantasy_Hitters_modified'!A94 -> KCR | B6: ='2025_Fantasy_Hitters_modified'!B94 -> Bobby Witt Jr. | C6: ='2025_Fantasy_Hitters_modified'!D94 -> 606 | D6: ='2025_Fantasy_Hitters_modified'!E94 -> 668 | E6: =(V6-AVERAGE(V$2:V$229))/AVERAGE(V$2:V$229)*100+100 -> 152.40015 | F6: =E6*1.51744-31.775 -> 199.48309 | G6: =(Z6-AVERAGE(Z$2:Z$229))/AVERAGE(Z$2:Z$229)*100+100 -> 168.86452 | H6: =G6*0.83285-13.6979 -> 126.94092 | I6: =(AA6-AVERAGE(AA$2:AA$229))/AVERAGE(AA$2:AA$229)*100+100 -> 161.80807 | J6: =(AB6-AVERAGE(AB$2:AB$229))/AVERAGE(AB$2:AB$229)*100+100 -> 149.68201 | K6: =(AC6-AVERAGE(AC$2:AC$229))/AVERAGE(AC$2:AC$229)*100+100 -> 105.18665 | L6: =(AF6-AVERAGE(AF$2:AF$229))/AVERAGE(AF$2:AF$229)*100+100 -> 102.39746 | M6: =(AI6-AVERAGE(AI$2:AI$229))/AVERAGE(AI$2:AI$229)*100+100 -> 313.61226 | N6: =(AVERAGE(AJ$2:AJ$229)-AJ6)/AVERAGE(AJ$2:AJ$229)*100+100 -> -171.04537 | O6: =(AK6-AVERAGE(AK$2:AK$229))/AVERAGE(AK$2:AK$229)*100+100 -> 293.49666 | P6: =(AL6-AVERAGE(AL$2:AL$229))/AVERAGE(AL$2:AL$229)*100+100 -> 118.41478 | Q6: =(AM6-AVERAGE(AM$2:AM$229))/AVERAGE(AM$2:AM$229)*100+100 -> 109.43287 | R6: =(AN6-AVERAGE(AN$2:AN$229))/AVERAGE(AN$2:AN$229)*100+100 -> 127.47227 | S6: =(AO6-AVERAGE(AO$2:AO$229))/AVERAGE(AO$2:AO$229)*100+100 -> 119.60194 | T6: =(F6*1.5+H6*2.5+I6+J6+K6*1.5+L6+O6*0.75+P6+S6)/11.25 -> 146.34521 | V6: ='2025_Fantasy_Hitters_modified'!F94 -> 179.02579 | W6: ='2025_Fantasy_Hitters_modified'!G94 -> 105.16019 | X6: ='2025_Fantasy_Hitters_modified'!H94 -> 37.056447 | Y6: ='2025_Fantasy_Hitters_modified'!I94 -> 8.0122048 | Z6: ='2025_Fantasy_Hitters_modified'!J94 -> 30.8 | AA6: ='2025_Fantasy_Hitters_modified'!K94 -> 106.69971 | AB6: ='2025_Fantasy_Hitters_modified'!L94 -> 96 | AC6: ='2025_Fantasy_Hitters_modified'!M94 -> 48.068805 | ... AR6: ='2025_Fantasy_Hitters_modified'!AB94 -> 7.1959288
A7: ='2025_Fantasy_Hitters_modified'!A3 -> ARI | B7: ='2025_Fantasy_Hitters_modified'!B3 -> Corbin Carroll | C7: ='2025_Fantasy_Hitters_modified'!D3 -> 567 | D7: ='2025_Fantasy_Hitters_modified'!E3 -> 653 | E7: =(V7-AVERAGE(V$2:V$229))/AVERAGE(V$2:V$229)*100+100 -> 124.93603 | F7: =E7*1.51744-31.775 -> 157.80793 | G7: =(Z7-AVERAGE(Z$2:Z$229))/AVERAGE(Z$2:Z$229)*100+100 -> 119.52099 | H7: =G7*0.83285-13.6979 -> 85.845159 | I7: =(AA7-AVERAGE(AA$2:AA$229))/AVERAGE(AA$2:AA$229)*100+100 -> 154.9356 | J7: =(AB7-AVERAGE(AB$2:AB$229))/AVERAGE(AB$2:AB$229)*100+100 -> 116.93907 | K7: =(AC7-AVERAGE(AC$2:AC$229))/AVERAGE(AC$2:AC$229)*100+100 -> 146.83626 | L7: =(AF7-AVERAGE(AF$2:AF$229))/AVERAGE(AF$2:AF$229)*100+100 -> 158.56045 | M7: =(AI7-AVERAGE(AI$2:AI$229))/AVERAGE(AI$2:AI$229)*100+100 -> 370.72797 | N7: =(AVERAGE(AJ$2:AJ$229)-AJ7)/AVERAGE(AJ$2:AJ$229)*100+100 -> -57.167981 | O7: =(AK7-AVERAGE(AK$2:AK$229))/AVERAGE(AK$2:AK$229)*100+100 -> 410.50168 | P7: =(AL7-AVERAGE(AL$2:AL$229))/AVERAGE(AL$2:AL$229)*100+100 -> 103.7523 | Q7: =(AM7-AVERAGE(AM$2:AM$229))/AVERAGE(AM$2:AM$229)*100+100 -> 107.27254 | R7: =(AN7-AVERAGE(AN$2:AN$229))/AVERAGE(AN$2:AN$229)*100+100 -> 110.74138 | S7: =(AO7-AVERAGE(AO$2:AO$229))/AVERAGE(AO$2:AO$229)*100+100 -> 109.22798 | T7: =(F7*1.5+H7*2.5+I7+J7+K7*1.5+L7+O7*0.75+P7+S7)/11.25 -> 144.25518 | V7: ='2025_Fantasy_Hitters_modified'!F3 -> 146.76344 | W7: ='2025_Fantasy_Hitters_modified'!G3 -> 87.133857 | X7: ='2025_Fantasy_Hitters_modified'!H3 -> 30.990933 | Y7: ='2025_Fantasy_Hitters_modified'!I3 -> 9.6947246 | Z7: ='2025_Fantasy_Hitters_modified'!J3 -> 21.8 | AA7: ='2025_Fantasy_Hitters_modified'!K3 -> 102.16786 | AB7: ='2025_Fantasy_Hitters_modified'!L3 -> 75 | AC7: ='2025_Fantasy_Hitters_modified'!M3 -> 67.102083 | ... AR7: ='2025_Fantasy_Hitters_modified'!AB3 -> 10.27597
A8: ='2025_Fantasy_Hitters_modified'!A93 -> HOU | B8: ='2025_Fantasy_Hitters_modified'!B93 -> Yordan Alvarez | C8: ='2025_Fantasy_Hitters_modified'!D93 -> 503 | D8: ='2025_Fantasy_Hitters_modified'!E93 -> 591 | E8: =(V8-AVERAGE(V$2:V$229))/AVERAGE(V$2:V$229)*100+100 -> 127.08818 | F8: =E8*1.51744-31.775 -> 161.07369 | G8: =(Z8-AVERAGE(Z$2:Z$229))/AVERAGE(Z$2:Z$229)*100+100 -> 201.76021 | H8: =G8*0.83285-13.6979 -> 154.33809 | I8: =(AA8-AVERAGE(AA$2:AA$229))/AVERAGE(AA$2:AA$229)*100+100 -> 136.96719 | J8: =(AB8-AVERAGE(AB$2:AB$229))/AVERAGE(AB$2:AB$229)*100+100 -> 151.2412 | K8: =(AC8-AVERAGE(AC$2:AC$229))/AVERAGE(AC$2:AC$229)*100+100 -> 153.21868 | L8: =(AF8-AVERAGE(AF$2:AF$229))/AVERAGE(AF$2:AF$229)*100+100 -> 154.69033 | M8: =(AI8-AVERAGE(AI$2:AI$229))/AVERAGE(AI$2:AI$229)*100+100 -> 28.719378 | N8: =(AVERAGE(AJ$2:AJ$229)-AJ8)/AVERAGE(AJ$2:AJ$229)*100+100 -> 166.84179 | O8: =(AK8-AVERAGE(AK$2:AK$229))/AVERAGE(AK$2:AK$229)*100+100 -> 27.164706 | P8: =(AL8-AVERAGE(AL$2:AL$229))/AVERAGE(AL$2:AL$229)*100+100 -> 118.96804 | Q8: =(AM8-AVERAGE(AM$2:AM$229))/AVERAGE(AM$2:AM$229)*100+100 -> 123.83517 | R8: =(AN8-AVERAGE(AN$2:AN$229))/AVERAGE(AN$2:AN$229)*100+100 -> 137.20045 | S8: =(AO8-AVERAGE(AO$2:AO$229))/AVERAGE(AO$2:AO$229)*100+100 -> 131.36937 | T8: =(F8*1.5+H8*2.5+I8+J8+K8*1.5+L8+O8*0.75+P8+S8)/11.25 -> 139.63497 | V8: ='2025_Fantasy_Hitters_modified'!F93 -> 149.29159 | W8: ='2025_Fantasy_Hitters_modified'!G93 -> 81.011014 | X8: ='2025_Fantasy_Hitters_modified'!H93 -> 29.389695 | Y8: ='2025_Fantasy_Hitters_modified'!I93 -> 1.5687087 | Z8: ='2025_Fantasy_Hitters_modified'!J93 -> 36.8 | AA8: ='2025_Fantasy_Hitters_modified'!K93 -> 90.319105 | AB8: ='2025_Fantasy_Hitters_modified'!L93 -> 97 | AC8: ='2025_Fantasy_Hitters_modified'!M93 -> 70.018761 | ... AR8: ='2025_Fantasy_Hitters_modified'!AB93 -> 11.847506
A9: ='2025_Fantasy_Hitters_modified'!A145 -> NYM | B9: ='2025_Fantasy_Hitters_modified'!B145 -> Pete Alonso | C9: ='2025_Fantasy_Hitters_modified'!D145 -> 574 | D9: ='2025_Fantasy_Hitters_modified'!E145 -> 658 | E9: =(V9-AVERAGE(V$2:V$229))/AVERAGE(V$2:V$229)*100+100 -> 117.70363 | F9: =E9*1.51744-31.775 -> 146.8332 | G9: =(Z9-AVERAGE(Z$2:Z$229))/AVERAGE(Z$2:Z$229)*100+100 -> 197.37412 | H9: =G9*0.83285-13.6979 -> 150.68513 | I9: =(AA9-AVERAGE(AA$2:AA$229))/AVERAGE(AA$2:AA$229)*100+100 -> 130.1811 | J9: =(AB9-AVERAGE(AB$2:AB$229))/AVERAGE(AB$2:AB$229)*100+100 -> 157.47795 | K9: =(AC9-AVERAGE(AC$2:AC$229))/AVERAGE(AC$2:AC$229)*100+100 -> 140.98331 | L9: =(AF9-AVERAGE(AF$2:AF$229))/AVERAGE(AF$2:AF$229)*100+100 -> 239.25874 | M9: =(AI9-AVERAGE(AI$2:AI$229))/AVERAGE(AI$2:AI$229)*100+100 -> 38.186471 | N9: =(AVERAGE(AJ$2:AJ$229)-AJ9)/AVERAGE(AJ$2:AJ$229)*100+100 -> 163.19633 | O9: =(AK9-AVERAGE(AK$2:AK$229))/AVERAGE(AK$2:AK$229)*100+100 -> 38.670789 | P9: =(AL9-AVERAGE(AL$2:AL$229))/AVERAGE(AL$2:AL$229)*100+100 -> 96.554181 | Q9: =(AM9-AVERAGE(AM$2:AM$229))/AVERAGE(AM$2:AM$229)*100+100 -> 104.33454 | R9: =(AN9-AVERAGE(AN$2:AN$229))/AVERAGE(AN$2:AN$229)*100+100 -> 112.82818 | S9: =(AO9-AVERAGE(AO$2:AO$229))/AVERAGE(AO$2:AO$229)*100+100 -> 109.12253 | T9: =(F9*1.5+H9*2.5+I9+J9+K9*1.5+L9+O9*0.75+P9+S9)/11.25 -> 139.55868 | V9: ='2025_Fantasy_Hitters_modified'!F145 -> 138.26748 | W9: ='2025_Fantasy_Hitters_modified'!G145 -> 76.600348 | X9: ='2025_Fantasy_Hitters_modified'!H145 -> 25.065559 | Y9: ='2025_Fantasy_Hitters_modified'!I145 -> 1.0026224 | Z9: ='2025_Fantasy_Hitters_modified'!J145 -> 36 | AA9: ='2025_Fantasy_Hitters_modified'!K145 -> 85.844211 | AB9: ='2025_Fantasy_Hitters_modified'!L145 -> 101 | AC9: ='2025_Fantasy_Hitters_modified'!M145 -> 64.427368 | ... AR9: ='2025_Fantasy_Hitters_modified'!AB145 -> 9.7913934
A10: ='2025_Fantasy_Hitters_modified'!A140 -> NYM | B10: ='2025_Fantasy_Hitters_modified'!B140 -> Francisco Lindor | C10: ='2025_Fantasy_Hitters_modified'!D140 -> 596 | D10: ='2025_Fantasy_Hitters_modified'!E140 -> 671 | E10: =(V10-AVERAGE(V$2:V$229))/AVERAGE(V$2:V$229)*100+100 -> 129.50841 | F10: =E10*1.51744-31.775 -> 164.74625 | G10: =(Z10-AVERAGE(Z$2:Z$229))/AVERAGE(Z$2:Z$229)*100+100 -> 155.70625 | H10: =G10*0.83285-13.6979 -> 115.98205 | I10: =(AA10-AVERAGE(AA$2:AA$229))/AVERAGE(AA$2:AA$229)*100+100 -> 146.30238 | J10: =(AB10-AVERAGE(AB$2:AB$229))/AVERAGE(AB$2:AB$229)*100+100 -> 135.64932 | K10: =(AC10-AVERAGE(AC$2:AC$229))/AVERAGE(AC$2:AC$229)*100+100 -> 131.65014 | L10: =(AF10-AVERAGE(AF$2:AF$229))/AVERAGE(AF$2:AF$229)*100+100 -> 171.05267 | M10: =(AI10-AVERAGE(AI$2:AI$229))/AVERAGE(AI$2:AI$229)*100+100 -> 227.92397 | N10: =(AVERAGE(AJ$2:AJ$229)-AJ10)/AVERAGE(AJ$2:AJ$229)*100+100 -> -16.967662 | O10: =(AK10-AVERAGE(AK$2:AK$229))/AVERAGE(AK$2:AK$229)*100+100 -> 231.76135 | P10: =(AL10-AVERAGE(AL$2:AL$229))/AVERAGE(AL$2:AL$229)*100+100 -> 102.3163 | Q10: =(AM10-AVERAGE(AM$2:AM$229))/AVERAGE(AM$2:AM$229)*100+100 -> 103.2478 | R10: =(AN10-AVERAGE(AN$2:AN$229))/AVERAGE(AN$2:AN$229)*100+100 -> 108.39609 | S10: =(AO10-AVERAGE(AO$2:AO$229))/AVERAGE(AO$2:AO$229)*100+100 -> 106.14996 | T10: =(F10*1.5+H10*2.5+I10+J10+K10*1.5+L10+O10*0.75+P10+S10)/11.25 -> 139.54145 | V10: ='2025_Fantasy_Hitters_modified'!F140 -> 152.13466 | W10: ='2025_Fantasy_Hitters_modified'!G140 -> 90.586755 | X10: ='2025_Fantasy_Hitters_modified'!H140 -> 31.440775 | Y10: ='2025_Fantasy_Hitters_modified'!I140 -> 1.9992276 | Z10: ='2025_Fantasy_Hitters_modified'!J140 -> 28.4 | AA10: ='2025_Fantasy_Hitters_modified'!K140 -> 96.474927 | AB10: ='2025_Fantasy_Hitters_modified'!L140 -> 87 | AC10: ='2025_Fantasy_Hitters_modified'!M140 -> 60.162245 | ... AR10: ='2025_Fantasy_Hitters_modified'!AB140 -> 8.9660574
A11: ='2025_Fantasy_Hitters_modified'!A32 -> BAL | B11: ='2025_Fantasy_Hitters_modified'!B32 -> Gunnar Henderson | C11: ='2025_Fantasy_Hitters_modified'!D32 -> 584 | D11: ='2025_Fantasy_Hitters_modified'!E32 -> 665 | E11: =(V11-AVERAGE(V$2:V$229))/AVERAGE(V$2:V$229)*100+100 -> 134.65875 | F11: =E11*1.51744-31.775 -> 172.56157 | G11: =(Z11-AVERAGE(Z$2:Z$229))/AVERAGE(Z$2:Z$229)*100+100 -> 169.96104 | H11: =G11*0.83285-13.6979 -> 127.85416 | I11: =(AA11-AVERAGE(AA$2:AA$229))/AVERAGE(AA$2:AA$229)*100+100 -> 156.29446 | J11: =(AB11-AVERAGE(AB$2:AB$229))/AVERAGE(AB$2:AB$229)*100+100 -> 138.76769 | K11: =(AC11-AVERAGE(AC$2:AC$229))/AVERAGE(AC$2:AC$229)*100+100 -> 155.90279 | L11: =(AF11-AVERAGE(AF$2:AF$229))/AVERAGE(AF$2:AF$229)*100+100 -> 102.47504 | M11: =(AI11-AVERAGE(AI$2:AI$229))/AVERAGE(AI$2:AI$229)*100+100 -> 153.52753 | N11: =(AVERAGE(AJ$2:AJ$229)-AJ11)/AVERAGE(AJ$2:AJ$229)*100+100 -> 52.934053 | O11: =(AK11-AVERAGE(AK$2:AK$229))/AVERAGE(AK$2:AK$229)*100+100 -> 155.79066 | P11: =(AL11-AVERAGE(AL$2:AL$229))/AVERAGE(AL$2:AL$229)*100+100 -> 108.57125 | Q11: =(AM11-AVERAGE(AM$2:AM$229))/AVERAGE(AM$2:AM$229)*100+100 -> 109.8527 | R11: =(AN11-AVERAGE(AN$2:AN$229))/AVERAGE(AN$2:AN$229)*100+100 -> 120.221 | S11: =(AO11-AVERAGE(AO$2:AO$229))/AVERAGE(AO$2:AO$229)*100+100 -> 115.69746 | T11: =(F11*1.5+H11*2.5+I11+J11+K11*1.5+L11+O11*0.75+P11+S11)/11.25 -> 137.86496 | V11: ='2025_Fantasy_Hitters_modified'!F32 -> 158.18481 | W11: ='2025_Fantasy_Hitters_modified'!G32 -> 89.954519 | X11: ='2025_Fantasy_Hitters_modified'!H32 -> 32.300903 | Y11: ='2025_Fantasy_Hitters_modified'!I32 -> 6.06688 | Z11: ='2025_Fantasy_Hitters_modified'!J32 -> 31 | AA11: ='2025_Fantasy_Hitters_modified'!K32 -> 103.06392 | AB11: ='2025_Fantasy_Hitters_modified'!L32 -> 89 | AC11: ='2025_Fantasy_Hitters_modified'!M32 -> 71.245361 | ... AR11: ='2025_Fantasy_Hitters_modified'!AB32 -> 10.713588
A12: ='2025_Fantasy_Hitters_modified'!A71 -> CLE | B12: ='2025_Fantasy_Hitters_modified'!B71 -> Jose Ramirez | C12: ='2025_Fantasy_Hitters_modified'!D71 -> 590 | D12: ='2025_Fantasy_Hitters_modified'!E71 -> 662 | E12: =(V12-AVERAGE(V$2:V$229))/AVERAGE(V$2:V$229)*100+100 -> 136.21672 | F12: =E12*1.51744-31.775 -> 174.92571 | G12: =(Z12-AVERAGE(Z$2:Z$229))/AVERAGE(Z$2:Z$229)*100+100 -> 156.80277 | H12: =G12*0.83285-13.6979 -> 116.89529 | I12: =(AA12-AVERAGE(AA$2:AA$229))/AVERAGE(AA$2:AA$229)*100+100 -> 143.06914 | J12: =(AB12-AVERAGE(AB$2:AB$229))/AVERAGE(AB$2:AB$229)*100+100 -> 152.80038 | K12: =(AC12-AVERAGE(AC$2:AC$229))/AVERAGE(AC$2:AC$229)*100+100 -> 129.99258 | L12: =(AF12-AVERAGE(AF$2:AF$229))/AVERAGE(AF$2:AF$229)*100+100 -> 66.652871 | M12: =(AI12-AVERAGE(AI$2:AI$229))/AVERAGE(AI$2:AI$229)*100+100 -> 285.33224 | N12: =(AVERAGE(AJ$2:AJ$229)-AJ12)/AVERAGE(AJ$2:AJ$229)*100+100 -> -87.042165 | O12: =(AK12-AVERAGE(AK$2:AK$229))/AVERAGE(AK$2:AK$229)*100+100 -> 284.73334 | P12: =(AL12-AVERAGE(AL$2:AL$229))/AVERAGE(AL$2:AL$229)*100+100 -> 108.71051 | Q12: =(AM12-AVERAGE(AM$2:AM$229))/AVERAGE(AM$2:AM$229)*100+100 -> 107.36218 | R12: =(AN12-AVERAGE(AN$2:AN$229))/AVERAGE(AN$2:AN$229)*100+100 -> 114.45978 | S12: =(AO12-AVERAGE(AO$2:AO$229))/AVERAGE(AO$2:AO$229)*100+100 -> 111.3632 | T12: =(F12*1.5+H12*2.5+I12+J12+K12*1.5+L12+O12*0.75+P12+S12)/11.25 -> 137.40105 | V12: ='2025_Fantasy_Hitters_modified'!F71 -> 160.01497 | W12: ='2025_Fantasy_Hitters_modified'!G71 -> 93.185162 | X12: ='2025_Fantasy_Hitters_modified'!H71 -> 33.849311 | Y12: ='2025_Fantasy_Hitters_modified'!I71 -> 3.3849311 | Z12: ='2025_Fantasy_Hitters_modified'!J71 -> 28.6 | AA12: ='2025_Fantasy_Hitters_modified'!K71 -> 94.342857 | AB12: ='2025_Fantasy_Hitters_modified'!L71 -> 98 | AC12: ='2025_Fantasy_Hitters_modified'!M71 -> 59.404762 | ... AR12: ='2025_Fantasy_Hitters_modified'!AB71 -> 8.973529
A13: ='2025_Fantasy_Hitters_modified'!A169 -> SDP | B13: ='2025_Fantasy_Hitters_modified'!B169 -> Fernando Tatis Jr. | C13: ='2025_Fantasy_Hitters_modified'!D169 -> 566 | D13: ='2025_Fantasy_Hitters_modified'!E169 -> 629 | E13: =(V13-AVERAGE(V$2:V$229))/AVERAGE(V$2:V$229)*100+100 -> 132.407 | F13: =E13*1.51744-31.775 -> 169.14468 | G13: =(Z13-AVERAGE(Z$2:Z$229))/AVERAGE(Z$2:Z$229)*100+100 -> 173.25061 | H13: =G13*0.83285-13.6979 -> 130.59387 | I13: =(AA13-AVERAGE(AA$2:AA$229))/AVERAGE(AA$2:AA$229)*100+100 -> 149.29731 | J13: =(AB13-AVERAGE(AB$2:AB$229))/AVERAGE(AB$2:AB$229)*100+100 -> 137.20851 | K13: =(AC13-AVERAGE(AC$2:AC$229))/AVERAGE(AC$2:AC$229)*100+100 -> 124.18063 | L13: =(AF13-AVERAGE(AF$2:AF$229))/AVERAGE(AF$2:AF$229)*100+100 -> 117.83913 | M13: =(AI13-AVERAGE(AI$2:AI$229))/AVERAGE(AI$2:AI$229)*100+100 -> 189.37762 | N13: =(AVERAGE(AJ$2:AJ$229)-AJ13)/AVERAGE(AJ$2:AJ$229)*100+100 -> 20.121494 | O13: =(AK13-AVERAGE(AK$2:AK$229))/AVERAGE(AK$2:AK$229)*100+100 -> 192.70462 | P13: =(AL13-AVERAGE(AL$2:AL$229))/AVERAGE(AL$2:AL$229)*100+100 -> 110.15079 | Q13: =(AM13-AVERAGE(AM$2:AM$229))/AVERAGE(AM$2:AM$229)*100+100 -> 107.41895 | R13: =(AN13-AVERAGE(AN$2:AN$229))/AVERAGE(AN$2:AN$229)*100+100 -> 118.67215 | S13: =(AO13-AVERAGE(AO$2:AO$229))/AVERAGE(AO$2:AO$229)*100+100 -> 113.76254 | T13: =(F13*1.5+H13*2.5+I13+J13+K13*1.5+L13+O13*0.75+P13+S13)/11.25 -> 136.82306 | V13: ='2025_Fantasy_Hitters_modified'!F169 -> 155.53966 | W13: ='2025_Fantasy_Hitters_modified'!G169 -> 90.414997 | X13: ='2025_Fantasy_Hitters_modified'!H169 -> 30.476965 | Y13: ='2025_Fantasy_Hitters_modified'!I169 -> 2.045343 | Z13: ='2025_Fantasy_Hitters_modified'!J169 -> 31.6 | AA13: ='2025_Fantasy_Hitters_modified'!K169 -> 98.449848 | AB13: ='2025_Fantasy_Hitters_modified'!L169 -> 88 | AC13: ='2025_Fantasy_Hitters_modified'!M169 -> 56.748784 | ... AR13: ='2025_Fantasy_Hitters_modified'!AB169 -> 9.0220643
A14: ='2025_Fantasy_Hitters_modified'!A113 -> LAD | B14: ='2025_Fantasy_Hitters_modified'!B113 -> Mookie Betts | C14: ='2025_Fantasy_Hitters_modified'!D113 -> 565 | D14: ='2025_Fantasy_Hitters_modified'!E113 -> 653 | E14: =(V14-AVERAGE(V$2:V$229))/AVERAGE(V$2:V$229)*100+100 -> 131.01311 | F14: =E14*1.51744-31.775 -> 167.02954 | G14: =(Z14-AVERAGE(Z$2:Z$229))/AVERAGE(Z$2:Z$229)*100+100 -> 151.32016 | H14: =G14*0.83285-13.6979 -> 112.32909 | I14: =(AA14-AVERAGE(AA$2:AA$229))/AVERAGE(AA$2:AA$229)*100+100 -> 153.00644 | J14: =(AB14-AVERAGE(AB$2:AB$229))/AVERAGE(AB$2:AB$229)*100+100 -> 141.88607 | K14: =(AC14-AVERAGE(AC$2:AC$229))/AVERAGE(AC$2:AC$229)*100+100 -> 163.41504 | L14: =(AF14-AVERAGE(AF$2:AF$229))/AVERAGE(AF$2:AF$229)*100+100 -> 118.92784 | M14: =(AI14-AVERAGE(AI$2:AI$229))/AVERAGE(AI$2:AI$229)*100+100 -> 142.80125 | N14: =(AVERAGE(AJ$2:AJ$229)-AJ14)/AVERAGE(AJ$2:AJ$229)*100+100 -> 89.895875 | O14: =(AK14-AVERAGE(AK$2:AK$229))/AVERAGE(AK$2:AK$229)*100+100 -> 154.25322 | P14: =(AL14-AVERAGE(AL$2:AL$229))/AVERAGE(AL$2:AL$229)*100+100 -> 109.18411 | Q14: =(AM14-AVERAGE(AM$2:AM$229))/AVERAGE(AM$2:AM$229)*100+100 -> 112.43711 | R14: =(AN14-AVERAGE(AN$2:AN$229))/AVERAGE(AN$2:AN$229)*100+100 -> 114.73102 | S14: =(AO14-AVERAGE(AO$2:AO$229))/AVERAGE(AO$2:AO$229)*100+100 -> 113.73022 | T14: =(F14*1.5+H14*2.5+I14+J14+K14*1.5+L14+O14*0.75+P14+S14)/11.25 -> 135.90348 | V14: ='2025_Fantasy_Hitters_modified'!F113 -> 153.90224 | W14: ='2025_Fantasy_Hitters_modified'!G113 -> 92.034194 | X14: ='2025_Fantasy_Hitters_modified'!H113 -> 31.330789 | Y14: ='2025_Fantasy_Hitters_modified'!I113 -> 2.9652354 | Z14: ='2025_Fantasy_Hitters_modified'!J113 -> 27.6 | AA14: ='2025_Fantasy_Hitters_modified'!K113 -> 100.89573 | AB14: ='2025_Fantasy_Hitters_modified'!L113 -> 91 | AC14: ='2025_Fantasy_Hitters_modified'!M113 -> 74.67835 | ... AR14: ='2025_Fantasy_Hitters_modified'!AB113 -> 11.436195
A15: ='2025_Fantasy_Hitters_modified'!A180 -> SEA | B15: ='2025_Fantasy_Hitters_modified'!B180 -> Julio Rodriguez | C15: ='2025_Fantasy_Hitters_modified'!D180 -> 584 | D15: ='2025_Fantasy_Hitters_modified'!E180 -> 641 | E15: =(V15-AVERAGE(V$2:V$229))/AVERAGE(V$2:V$229)*100+100 -> 138.1403 | F15: =E15*1.51744-31.775 -> 177.84461 | G15: =(Z15-AVERAGE(Z$2:Z$229))/AVERAGE(Z$2:Z$229)*100+100 -> 148.03059 | H15: =G15*0.83285-13.6979 -> 109.58937 | I15: =(AA15-AVERAGE(AA$2:AA$229))/AVERAGE(AA$2:AA$229)*100+100 -> 136.19517 | J15: =(AB15-AVERAGE(AB$2:AB$229))/AVERAGE(AB$2:AB$229)*100+100 -> 130.97176 | K15: =(AC15-AVERAGE(AC$2:AC$229))/AVERAGE(AC$2:AC$229)*100+100 -> 102.47883 | L15: =(AF15-AVERAGE(AF$2:AF$229))/AVERAGE(AF$2:AF$229)*100+100 -> 151.70053 | M15: =(AI15-AVERAGE(AI$2:AI$229))/AVERAGE(AI$2:AI$229)*100+100 -> 257.48841 | N15: =(AVERAGE(AJ$2:AJ$229)-AJ15)/AVERAGE(AJ$2:AJ$229)*100+100 -> -56.453842 | O15: =(AK15-AVERAGE(AK$2:AK$229))/AVERAGE(AK$2:AK$229)*100+100 -> 257.85077 | P15: =(AL15-AVERAGE(AL$2:AL$229))/AVERAGE(AL$2:AL$229)*100+100 -> 111.37832 | Q15: =(AM15-AVERAGE(AM$2:AM$229))/AVERAGE(AM$2:AM$229)*100+100 -> 106.07583 | R15: =(AN15-AVERAGE(AN$2:AN$229))/AVERAGE(AN$2:AN$229)*100+100 -> 111.2735 | S15: =(AO15-AVERAGE(AO$2:AO$229))/AVERAGE(AO$2:AO$229)*100+100 -> 109.00583 | T15: =(F15*1.5+H15*2.5+I15+J15+K15*1.5+L15+O15*0.75+P15+S15)/11.25 -> 135.74207 | V15: ='2025_Fantasy_Hitters_modified'!F180 -> 162.27461 | W15: ='2025_Fantasy_Hitters_modified'!G180 -> 104.00796 | X15: ='2025_Fantasy_Hitters_modified'!H180 -> 27.669806 | Y15: ='2025_Fantasy_Hitters_modified'!I180 -> 2.4410455 | Z15: ='2025_Fantasy_Hitters_modified'!J180 -> 27 | AA15: ='2025_Fantasy_Hitters_modified'!K180 -> 89.810015 | AB15: ='2025_Fantasy_Hitters_modified'!L180 -> 84 | AC15: ='2025_Fantasy_Hitters_modified'!M180 -> 46.83137 | ... AR15: ='2025_Fantasy_Hitters_modified'!AB180 -> 7.3059859
A16: ='2025_Fantasy_Hitters_modified'!A52 -> CHC | B16: ='2025_Fantasy_Hitters_modified'!B52 -> Kyle Tucker | C16: ='2025_Fantasy_Hitters_modified'!D52 -> 551 | D16: ='2025_Fantasy_Hitters_modified'!E52 -> 642 | E16: =(V16-AVERAGE(V$2:V$229))/AVERAGE(V$2:V$229)*100+100 -> 127.74987 | F16: =E16*1.51744-31.775 -> 162.07777 | G16: =(Z16-AVERAGE(Z$2:Z$229))/AVERAGE(Z$2:Z$229)*100+100 -> 161.18886 | H16: =G16*0.83285-13.6979 -> 120.54824 | I16: =(AA16-AVERAGE(AA$2:AA$229))/AVERAGE(AA$2:AA$229)*100+100 -> 138.92151 | J16: =(AB16-AVERAGE(AB$2:AB$229))/AVERAGE(AB$2:AB$229)*100+100 -> 146.56363 | K16: =(AC16-AVERAGE(AC$2:AC$229))/AVERAGE(AC$2:AC$229)*100+100 -> 172.90776 | L16: =(AF16-AVERAGE(AF$2:AF$229))/AVERAGE(AF$2:AF$229)*100+100 -> 48.169798 | M16: =(AI16-AVERAGE(AI$2:AI$229))/AVERAGE(AI$2:AI$229)*100+100 -> 199.99611 | N16: =(AVERAGE(AJ$2:AJ$229)-AJ16)/AVERAGE(AJ$2:AJ$229)*100+100 -> 23.538512 | O16: =(AK16-AVERAGE(AK$2:AK$229))/AVERAGE(AK$2:AK$229)*100+100 -> 208.23897 | P16: =(AL16-AVERAGE(AL$2:AL$229))/AVERAGE(AL$2:AL$229)*100+100 -> 109.16967 | Q16: =(AM16-AVERAGE(AM$2:AM$229))/AVERAGE(AM$2:AM$229)*100+100 -> 113.34166 | R16: =(AN16-AVERAGE(AN$2:AN$229))/AVERAGE(AN$2:AN$229)*100+100 -> 115.87636 | S16: =(AO16-AVERAGE(AO$2:AO$229))/AVERAGE(AO$2:AO$229)*100+100 -> 114.77051 | T16: =(F16*1.5+H16*2.5+I16+J16+K16*1.5+L16+O16*0.75+P16+S16)/11.25 -> 134.89984 | V16: ='2025_Fantasy_Hitters_modified'!F52 -> 150.06889 | W16: ='2025_Fantasy_Hitters_modified'!G52 -> 88.188163 | X16: ='2025_Fantasy_Hitters_modified'!H52 -> 28.450389 | Y16: ='2025_Fantasy_Hitters_modified'!I52 -> 2.393596 | Z16: ='2025_Fantasy_Hitters_modified'!J52 -> 29.4 | AA16: ='2025_Fantasy_Hitters_modified'!K52 -> 91.60782 | AB16: ='2025_Fantasy_Hitters_modified'!L52 -> 94 | AC16: ='2025_Fantasy_Hitters_modified'!M52 -> 79.016391 | ... AR16: ='2025_Fantasy_Hitters_modified'!AB52 -> 12.307849
A17: ='2025_Fantasy_Hitters_modified'!A222 -> TOR | B17: ='2025_Fantasy_Hitters_modified'!B222 -> Vladimir Guerrero Jr. | C17: ='2025_Fantasy_Hitters_modified'!D222 -> 587 | D17: ='2025_Fantasy_Hitters_modified'!E222 -> 666 | E17: =(V17-AVERAGE(V$2:V$229))/AVERAGE(V$2:V$229)*100+100 -> 147.98449 | F17: =E17*1.51744-31.775 -> 192.78258 | G17: =(Z17-AVERAGE(Z$2:Z$229))/AVERAGE(Z$2:Z$229)*100+100 -> 174.34714 | H17: =G17*0.83285-13.6979 -> 131.50711 | I17: =(AA17-AVERAGE(AA$2:AA$229))/AVERAGE(AA$2:AA$229)*100+100 -> 146.31062 | J17: =(AB17-AVERAGE(AB$2:AB$229))/AVERAGE(AB$2:AB$229)*100+100 -> 154.35957 | K17: =(AC17-AVERAGE(AC$2:AC$229))/AVERAGE(AC$2:AC$229)*100+100 -> 147.34945 | L17: =(AF17-AVERAGE(AF$2:AF$229))/AVERAGE(AF$2:AF$229)*100+100 -> 117.77248 | M17: =(AI17-AVERAGE(AI$2:AI$229))/AVERAGE(AI$2:AI$229)*100+100 -> 39.139713 | N17: =(AVERAGE(AJ$2:AJ$229)-AJ17)/AVERAGE(AJ$2:AJ$229)*100+100 -> 126.38089 | O17: =(AK17-AVERAGE(AK$2:AK$229))/AVERAGE(AK$2:AK$229)*100+100 -> 27.063512 | P17: =(AL17-AVERAGE(AL$2:AL$229))/AVERAGE(AL$2:AL$229)*100+100 -> 118.7056 | Q17: =(AM17-AVERAGE(AM$2:AM$229))/AVERAGE(AM$2:AM$229)*100+100 -> 117.3627 | R17: =(AN17-AVERAGE(AN$2:AN$229))/AVERAGE(AN$2:AN$229)*100+100 -> 121.69327 | S17: =(AO17-AVERAGE(AO$2:AO$229))/AVERAGE(AO$2:AO$229)*100+100 -> 119.80391 | T17: =(F17*1.5+H17*2.5+I17+J17+K17*1.5+L17+O17*0.75+P17+S17)/11.25 -> 134.77472 | V17: ='2025_Fantasy_Hitters_modified'!F222 -> 173.83866 | W17: ='2025_Fantasy_Hitters_modified'!G222 -> 108.1721 | X17: ='2025_Fantasy_Hitters_modified'!H222 -> 31.784876 | Y17: ='2025_Fantasy_Hitters_modified'!I222 -> 0.99747431 | Z17: ='2025_Fantasy_Hitters_modified'!J222 -> 31.8 | AA17: ='2025_Fantasy_Hitters_modified'!K222 -> 96.480357 | AB17: ='2025_Fantasy_Hitters_modified'!L222 -> 99 | AC17: ='2025_Fantasy_Hitters_modified'!M222 -> 67.336607 | ... AR17: ='2025_Fantasy_Hitters_modified'!AB222 -> 10.110602
A18: ='2025_Fantasy_Hitters_modified'!A159 -> PHI | B18: ='2025_Fantasy_Hitters_modified'!B159 -> Kyle Schwarber | C18: ='2025_Fantasy_Hitters_modified'!D159 -> 551 | D18: ='2025_Fantasy_Hitters_modified'!E159 -> 660 | E18: =(V18-AVERAGE(V$2:V$229))/AVERAGE(V$2:V$229)*100+100 -> 102.88376 | F18: =E18*1.51744-31.775 -> 124.34494 | G18: =(Z18-AVERAGE(Z$2:Z$229))/AVERAGE(Z$2:Z$229)*100+100 -> 196.27759 | H18: =G18*0.83285-13.6979 -> 149.77189 | I18: =(AA18-AVERAGE(AA$2:AA$229))/AVERAGE(AA$2:AA$229)*100+100 -> 143.12629 | J18: =(AB18-AVERAGE(AB$2:AB$229))/AVERAGE(AB$2:AB$229)*100+100 -> 146.56363 | K18: =(AC18-AVERAGE(AC$2:AC$229))/AVERAGE(AC$2:AC$229)*100+100 -> 218.45272 | L18: =(AF18-AVERAGE(AF$2:AF$229))/AVERAGE(AF$2:AF$229)*100+100 -> 117.96283 | M18: =(AI18-AVERAGE(AI$2:AI$229))/AVERAGE(AI$2:AI$229)*100+100 -> 39.196901 | N18: =(AVERAGE(AJ$2:AJ$229)-AJ18)/AVERAGE(AJ$2:AJ$229)*100+100 -> 126.2927 | O18: =(AK18-AVERAGE(AK$2:AK$229))/AVERAGE(AK$2:AK$229)*100+100 -> 27.109843 | P18: =(AL18-AVERAGE(AL$2:AL$229))/AVERAGE(AL$2:AL$229)*100+100 -> 87.920137 | Q18: =(AM18-AVERAGE(AM$2:AM$229))/AVERAGE(AM$2:AM$229)*100+100 -> 107.43766 | R18: =(AN18-AVERAGE(AN$2:AN$229))/AVERAGE(AN$2:AN$229)*100+100 -> 108.92308 | S18: =(AO18-AVERAGE(AO$2:AO$229))/AVERAGE(AO$2:AO$229)*100+100 -> 108.27501 | T18: =(F18*1.5+H18*2.5+I18+J18+K18*1.5+L18+O18*0.75+P18+S18)/11.25 -> 134.47169 | V18: ='2025_Fantasy_Hitters_modified'!F159 -> 120.85845 | W18: ='2025_Fantasy_Hitters_modified'!G159 -> 63.443599 | X18: ='2025_Fantasy_Hitters_modified'!H159 -> 22.015129 | Y18: ='2025_Fantasy_Hitters_modified'!I159 -> 1.0006877 | Z18: ='2025_Fantasy_Hitters_modified'!J159 -> 35.8 | AA18: ='2025_Fantasy_Hitters_modified'!K159 -> 94.380547 | AB18: ='2025_Fantasy_Hitters_modified'!L159 -> 94 | AC18: ='2025_Fantasy_Hitters_modified'!M159 -> 99.829787 | ... AR18: ='2025_Fantasy_Hitters_modified'!AB159 -> 15.125725
A19: ='2025_Fantasy_Hitters_modified'!A19 -> ATL | B19: ='2025_Fantasy_Hitters_modified'!B19 -> Austin Riley | C19: ='2025_Fantasy_Hitters_modified'!D19 -> 579 | D19: ='2025_Fantasy_Hitters_modified'!E19 -> 648 | E19: =(V19-AVERAGE(V$2:V$229))/AVERAGE(V$2:V$229)*100+100 -> 132.53779 | F19: =E19*1.51744-31.775 -> 169.34315 | G19: =(Z19-AVERAGE(Z$2:Z$229))/AVERAGE(Z$2:Z$229)*100+100 -> 177.6367 | H19: =G19*0.83285-13.6979 -> 134.24683 | I19: =(AA19-AVERAGE(AA$2:AA$229))/AVERAGE(AA$2:AA$229)*100+100 -> 137.43113 | J19: =(AB19-AVERAGE(AB$2:AB$229))/AVERAGE(AB$2:AB$229)*100+100 -> 145.00445 | K19: =(AC19-AVERAGE(AC$2:AC$229))/AVERAGE(AC$2:AC$229)*100+100 -> 120.01321 | L19: =(AF19-AVERAGE(AF$2:AF$229))/AVERAGE(AF$2:AF$229)*100+100 -> 170.07472 | M19: =(AI19-AVERAGE(AI$2:AI$229))/AVERAGE(AI$2:AI$229)*100+100 -> 19.026092 | N19: =(AVERAGE(AJ$2:AJ$229)-AJ19)/AVERAGE(AJ$2:AJ$229)*100+100 -> 200 | O19: =(AK19-AVERAGE(AK$2:AK$229))/AVERAGE(AK$2:AK$229)*100+100 -> 25.689866 | P19: =(AL19-AVERAGE(AL$2:AL$229))/AVERAGE(AL$2:AL$229)*100+100 -> 107.784 | Q19: =(AM19-AVERAGE(AM$2:AM$229))/AVERAGE(AM$2:AM$229)*100+100 -> 106.16201 | R19: =(AN19-AVERAGE(AN$2:AN$229))/AVERAGE(AN$2:AN$229)*100+100 -> 117.4442 | S19: =(AO19-AVERAGE(AO$2:AO$229))/AVERAGE(AO$2:AO$229)*100+100 -> 112.52194 | T19: =(F19*1.5+H19*2.5+I19+J19+K19*1.5+L19+O19*0.75+P19+S19)/11.25 -> 129.93202 | V19: ='2025_Fantasy_Hitters_modified'!F19 -> 155.6933 | W19: ='2025_Fantasy_Hitters_modified'!G19 -> 90.179041 | X19: ='2025_Fantasy_Hitters_modified'!H19 -> 30.823325 | Y19: ='2025_Fantasy_Hitters_modified'!I19 -> 1.9983021 | Z19: ='2025_Fantasy_Hitters_modified'!J19 -> 32.4 | AA19: ='2025_Fantasy_Hitters_modified'!K19 -> 90.625037 | AB19: ='2025_Fantasy_Hitters_modified'!L19 -> 93 | AC19: ='2025_Fantasy_Hitters_modified'!M19 -> 54.84433 | ... AR19: ='2025_Fantasy_Hitters_modified'!AB19 -> 8.4636312
A20: ='2025_Fantasy_Hitters_modified'!A12 -> ATH | B20: ='2025_Fantasy_Hitters_modified'!B12 -> Brent Rooker | C20: ='2025_Fantasy_Hitters_modified'!D12 -> 533 | D20: ='2025_Fantasy_Hitters_modified'!E12 -> 603 | E20: =(V20-AVERAGE(V$2:V$229))/AVERAGE(V$2:V$229)*100+100 -> 113.45626 | F20: =E20*1.51744-31.775 -> 140.38807 | G20: =(Z20-AVERAGE(Z$2:Z$229))/AVERAGE(Z$2:Z$229)*100+100 -> 191.8915 | H20: =G20*0.83285-13.6979 -> 146.11894 | I20: =(AA20-AVERAGE(AA$2:AA$229))/AVERAGE(AA$2:AA$229)*100+100 -> 123.6158 | J20: =(AB20-AVERAGE(AB$2:AB$229))/AVERAGE(AB$2:AB$229)*100+100 -> 143.44526 | K20: =(AC20-AVERAGE(AC$2:AC$229))/AVERAGE(AC$2:AC$229)*100+100 -> 121.22677 | L20: =(AF20-AVERAGE(AF$2:AF$229))/AVERAGE(AF$2:AF$229)*100+100 -> 165.80579 | M20: =(AI20-AVERAGE(AI$2:AI$229))/AVERAGE(AI$2:AI$229)*100+100 -> 75.966681 | N20: =(AVERAGE(AJ$2:AJ$229)-AJ20)/AVERAGE(AJ$2:AJ$229)*100+100 -> 126.78421 | O20: =(AK20-AVERAGE(AK$2:AK$229))/AVERAGE(AK$2:AK$229)*100+100 -> 76.930164 | P20: =(AL20-AVERAGE(AL$2:AL$229))/AVERAGE(AL$2:AL$229)*100+100 -> 100.22922 | Q20: =(AM20-AVERAGE(AM$2:AM$229))/AVERAGE(AM$2:AM$229)*100+100 -> 103.52806 | R20: =(AN20-AVERAGE(AN$2:AN$229))/AVERAGE(AN$2:AN$229)*100+100 -> 118.3857 | S20: =(AO20-AVERAGE(AO$2:AO$229))/AVERAGE(AO$2:AO$229)*100+100 -> 111.90352 | T20: =(F20*1.5+H20*2.5+I20+J20+K20*1.5+L20+O20*0.75+P20+S20)/11.25 -> 129.81483 | V20: ='2025_Fantasy_Hitters_modified'!F12 -> 133.27806 | W20: ='2025_Fantasy_Hitters_modified'!G12 -> 71.811174 | X20: ='2025_Fantasy_Hitters_modified'!H12 -> 25.070933 | Y20: ='2025_Fantasy_Hitters_modified'!I12 -> 1.584607 | Z20: ='2025_Fantasy_Hitters_modified'!J12 -> 35 | AA20: ='2025_Fantasy_Hitters_modified'!K12 -> 81.514907 | AB20: ='2025_Fantasy_Hitters_modified'!L12 -> 92 | AC20: ='2025_Fantasy_Hitters_modified'!M12 -> 55.398913 | ... AR20: ='2025_Fantasy_Hitters_modified'!AB12 -> 9.1872161
A21: ='2025_Fantasy_Hitters_modified'!A152 -> NYY | B21: ='2025_Fantasy_Hitters_modified'!B152 -> Jazz Chisholm Jr. | C21: ='2025_Fantasy_Hitters_modified'!D152 -> 544 | D21: ='2025_Fantasy_Hitters_modified'!E152 -> 604 | E21: =(V21-AVERAGE(V$2:V$229))/AVERAGE(V$2:V$229)*100+100 -> 114.39619 | F21: =E21*1.51744-31.775 -> 141.81436 | G21: =(Z21-AVERAGE(Z$2:Z$229))/AVERAGE(Z$2:Z$229)*100+100 -> 145.83754 | H21: =G21*0.83285-13.6979 -> 107.7629 | I21: =(AA21-AVERAGE(AA$2:AA$229))/AVERAGE(AA$2:AA$229)*100+100 -> 124.96699 | J21: =(AB21-AVERAGE(AB$2:AB$229))/AVERAGE(AB$2:AB$229)*100+100 -> 118.49826 | K21: =(AC21-AVERAGE(AC$2:AC$229))/AVERAGE(AC$2:AC$229)*100+100 -> 113.47864 | L21: =(AF21-AVERAGE(AF$2:AF$229))/AVERAGE(AF$2:AF$229)*100+100 -> 84.26767 | M21: =(AI21-AVERAGE(AI$2:AI$229))/AVERAGE(AI$2:AI$229)*100+100 -> 359.0643 | N21: =(AVERAGE(AJ$2:AJ$229)-AJ21)/AVERAGE(AJ$2:AJ$229)*100+100 -> -131.30982 | O21: =(AK21-AVERAGE(AK$2:AK$229))/AVERAGE(AK$2:AK$229)*100+100 -> 368.78514 | P21: =(AL21-AVERAGE(AL$2:AL$229))/AVERAGE(AL$2:AL$229)*100+100 -> 99.016094 | Q21: =(AM21-AVERAGE(AM$2:AM$229))/AVERAGE(AM$2:AM$229)*100+100 -> 98.322764 | R21: =(AN21-AVERAGE(AN$2:AN$229))/AVERAGE(AN$2:AN$229)*100+100 -> 107.29878 | S21: =(AO21-AVERAGE(AO$2:AO$229))/AVERAGE(AO$2:AO$229)*100+100 -> 103.38267 | T21: =(F21*1.5+H21*2.5+I21+J21+K21*1.5+L21+O21*0.75+P21+S21)/11.25 -> 129.69487 | V21: ='2025_Fantasy_Hitters_modified'!F152 -> 134.38221 | W21: ='2025_Fantasy_Hitters_modified'!G152 -> 81.236728 | X21: ='2025_Fantasy_Hitters_modified'!H152 -> 24.403518 | Y21: ='2025_Fantasy_Hitters_modified'!I152 -> 3.4248551 | Z21: ='2025_Fantasy_Hitters_modified'!J152 -> 26.6 | AA21: ='2025_Fantasy_Hitters_modified'!K152 -> 82.405911 | AB21: ='2025_Fantasy_Hitters_modified'!L152 -> 76 | AC21: ='2025_Fantasy_Hitters_modified'!M152 -> 51.858128 | ... AR21: ='2025_Fantasy_Hitters_modified'!AB152 -> 8.5857828
A22: ='2025_Fantasy_Hitters_modified'!A26 -> ATL | B22: ='2025_Fantasy_Hitters_modified'!B26 -> Ronald Acuna Jr. | C22: ='2025_Fantasy_Hitters_modified'!D26 -> 452 | D22: ='2025_Fantasy_Hitters_modified'!E26 -> 525 | E22: =(V22-AVERAGE(V$2:V$229))/AVERAGE(V$2:V$229)*100+100 -> 111.80233 | F22: =E22*1.51744-31.775 -> 137.87833 | G22: =(Z22-AVERAGE(Z$2:Z$229))/AVERAGE(Z$2:Z$229)*100+100 -> 123.90708 | H22: =G22*0.83285-13.6979 -> 89.498115 | I22: =(AA22-AVERAGE(AA$2:AA$229))/AVERAGE(AA$2:AA$229)*100+100 -> 143.65873 | J22: =(AB22-AVERAGE(AB$2:AB$229))/AVERAGE(AB$2:AB$229)*100+100 -> 98.228818 | K22: =(AC22-AVERAGE(AC$2:AC$229))/AVERAGE(AC$2:AC$229)*100+100 -> 129.90737 | L22: =(AF22-AVERAGE(AF$2:AF$229))/AVERAGE(AF$2:AF$229)*100+100 -> 137.61882 | M22: =(AI22-AVERAGE(AI$2:AI$229))/AVERAGE(AI$2:AI$229)*100+100 -> 302.0152 | N22: =(AVERAGE(AJ$2:AJ$229)-AJ22)/AVERAGE(AJ$2:AJ$229)*100+100 -> -163.06136 | O22: =(AK22-AVERAGE(AK$2:AK$229))/AVERAGE(AK$2:AK$229)*100+100 -> 280.63415 | P22: =(AL22-AVERAGE(AL$2:AL$229))/AVERAGE(AL$2:AL$229)*100+100 -> 116.46771 | Q22: =(AM22-AVERAGE(AM$2:AM$229))/AVERAGE(AM$2:AM$229)*100+100 -> 118.99399 | R22: =(AN22-AVERAGE(AN$2:AN$229))/AVERAGE(AN$2:AN$229)*100+100 -> 121.41488 | S22: =(AO22-AVERAGE(AO$2:AO$229))/AVERAGE(AO$2:AO$229)*100+100 -> 120.35868 | T22: =(F22*1.5+H22*2.5+I22+J22+K22*1.5+L22+O22*0.75+P22+S22)/11.25 -> 129.08731 | V22: ='2025_Fantasy_Hitters_modified'!F26 -> 131.33517 | W22: ='2025_Fantasy_Hitters_modified'!G26 -> 82.152795 | X22: ='2025_Fantasy_Hitters_modified'!H26 -> 26.689542 | Y22: ='2025_Fantasy_Hitters_modified'!I26 -> 2.0102611 | Z22: ='2025_Fantasy_Hitters_modified'!J26 -> 22.6 | AA22: ='2025_Fantasy_Hitters_modified'!K26 -> 94.731646 | AB22: ='2025_Fantasy_Hitters_modified'!L26 -> 63 | AC22: ='2025_Fantasy_Hitters_modified'!M26 -> 59.365823 | ... AR22: ='2025_Fantasy_Hitters_modified'!AB26 -> 11.307776
A23: ='2025_Fantasy_Hitters_modified'!A23 -> ATL | B23: ='2025_Fantasy_Hitters_modified'!B23 -> Matt Olson | C23: ='2025_Fantasy_Hitters_modified'!D23 -> 575 | D23: ='2025_Fantasy_Hitters_modified'!E23 -> 664 | E23: =(V23-AVERAGE(V$2:V$229))/AVERAGE(V$2:V$229)*100+100 -> 121.42136 | F23: =E23*1.51744-31.775 -> 152.47463 | G23: =(Z23-AVERAGE(Z$2:Z$229))/AVERAGE(Z$2:Z$229)*100+100 -> 180.92627 | H23: =G23*0.83285-13.6979 -> 136.98655 | I23: =(AA23-AVERAGE(AA$2:AA$229))/AVERAGE(AA$2:AA$229)*100+100 -> 134.4053 | J23: =(AB23-AVERAGE(AB$2:AB$229))/AVERAGE(AB$2:AB$229)*100+100 -> 157.47795 | K23: =(AC23-AVERAGE(AC$2:AC$229))/AVERAGE(AC$2:AC$229)*100+100 -> 172.74111 | L23: =(AF23-AVERAGE(AF$2:AF$229))/AVERAGE(AF$2:AF$229)*100+100 -> 102.53816 | M23: =(AI23-AVERAGE(AI$2:AI$229))/AVERAGE(AI$2:AI$229)*100+100 -> 9.5260291 | N23: =(AVERAGE(AJ$2:AJ$229)-AJ23)/AVERAGE(AJ$2:AJ$229)*100+100 -> 200 | O23: =(AK23-AVERAGE(AK$2:AK$229))/AVERAGE(AK$2:AK$229)*100+100 -> 12.862463 | P23: =(AL23-AVERAGE(AL$2:AL$229))/AVERAGE(AL$2:AL$229)*100+100 -> 99.430669 | Q23: =(AM23-AVERAGE(AM$2:AM$229))/AVERAGE(AM$2:AM$229)*100+100 -> 107.37817 | R23: =(AN23-AVERAGE(AN$2:AN$229))/AVERAGE(AN$2:AN$229)*100+100 -> 111.97542 | S23: =(AO23-AVERAGE(AO$2:AO$229))/AVERAGE(AO$2:AO$229)*100+100 -> 109.9697 | T23: =(F23*1.5+H23*2.5+I23+J23+K23*1.5+L23+O23*0.75+P23+S23)/11.25 -> 128.3341 | V23: ='2025_Fantasy_Hitters_modified'!F23 -> 142.63473 | W23: ='2025_Fantasy_Hitters_modified'!G23 -> 80.332955 | X23: ='2025_Fantasy_Hitters_modified'!H23 -> 28.423819 | Y23: ='2025_Fantasy_Hitters_modified'!I23 -> 0.98770026 | Z23: ='2025_Fantasy_Hitters_modified'!J23 -> 33 | AA23: ='2025_Fantasy_Hitters_modified'!K23 -> 88.629738 | AB23: ='2025_Fantasy_Hitters_modified'!L23 -> 101 | AC23: ='2025_Fantasy_Hitters_modified'!M23 -> 78.940233 | ... AR23: ='2025_Fantasy_Hitters_modified'!AB23 -> 11.888589
A24: ='2025_Fantasy_Hitters_modified'!A109 -> LAD | B24: ='2025_Fantasy_Hitters_modified'!B109 -> Freddie Freeman | C24: ='2025_Fantasy_Hitters_modified'!D109 -> 562 | D24: ='2025_Fantasy_Hitters_modified'!E109 -> 651 | E24: =(V24-AVERAGE(V$2:V$229))/AVERAGE(V$2:V$229)*100+100 -> 134.57403 | F24: =E24*1.51744-31.775 -> 172.43302 | G24: =(Z24-AVERAGE(Z$2:Z$229))/AVERAGE(Z$2:Z$229)*100+100 -> 121.71404 | H24: =G24*0.83285-13.6979 -> 87.671637 | I24: =(AA24-AVERAGE(AA$2:AA$229))/AVERAGE(AA$2:AA$229)*100+100 -> 140.38782 | J24: =(AB24-AVERAGE(AB$2:AB$229))/AVERAGE(AB$2:AB$229)*100+100 -> 138.76769 | K24: =(AC24-AVERAGE(AC$2:AC$229))/AVERAGE(AC$2:AC$229)*100+100 -> 153.71202 | L24: =(AF24-AVERAGE(AF$2:AF$229))/AVERAGE(AF$2:AF$229)*100+100 -> 138.87553 | M24: =(AI24-AVERAGE(AI$2:AI$229))/AVERAGE(AI$2:AI$229)*100+100 -> 104.90214 | N24: =(AVERAGE(AJ$2:AJ$229)-AJ24)/AVERAGE(AJ$2:AJ$229)*100+100 -> 93.312019 | O24: =(AK24-AVERAGE(AK$2:AK$229))/AVERAGE(AK$2:AK$229)*100+100 -> 104.27666 | P24: =(AL24-AVERAGE(AL$2:AL$229))/AVERAGE(AL$2:AL$229)*100+100 -> 112.75039 | Q24: =(AM24-AVERAGE(AM$2:AM$229))/AVERAGE(AM$2:AM$229)*100+100 -> 115.99859 | R24: =(AN24-AVERAGE(AN$2:AN$229))/AVERAGE(AN$2:AN$229)*100+100 -> 109.22778 | S24: =(AO24-AVERAGE(AO$2:AO$229))/AVERAGE(AO$2:AO$229)*100+100 -> 112.18179 | T24: =(F24*1.5+H24*2.5+I24+J24+K24*1.5+L24+O24*0.75+P24+S24)/11.25 -> 127.07266 | V24: ='2025_Fantasy_Hitters_modified'!F109 -> 158.08529 | W24: ='2025_Fantasy_Hitters_modified'!G109 -> 101.82112 | X24: ='2025_Fantasy_Hitters_modified'!H109 -> 31.509632 | Y24: ='2025_Fantasy_Hitters_modified'!I109 -> 1.9412184 | Z24: ='2025_Fantasy_Hitters_modified'!J109 -> 22.2 | AA24: ='2025_Fantasy_Hitters_modified'!K109 -> 92.574737 | AB24: ='2025_Fantasy_Hitters_modified'!L109 -> 89 | AC24: ='2025_Fantasy_Hitters_modified'!M109 -> 70.244211 | ... AR24: ='2025_Fantasy_Hitters_modified'!AB109 -> 10.790201
A25: ='2025_Fantasy_Hitters_modified'!A45 -> BOS | B25: ='2025_Fantasy_Hitters_modified'!B45 -> Rafael Devers | C25: ='2025_Fantasy_Hitters_modified'!D45 -> 561 | D25: ='2025_Fantasy_Hitters_modified'!E45 -> 638 | E25: =(V25-AVERAGE(V$2:V$229))/AVERAGE(V$2:V$229)*100+100 -> 126.85295 | F25: =E25*1.51744-31.775 -> 160.71675 | G25: =(Z25-AVERAGE(Z$2:Z$229))/AVERAGE(Z$2:Z$229)*100+100 -> 174.34714 | H25: =G25*0.83285-13.6979 -> 131.50711 | I25: =(AA25-AVERAGE(AA$2:AA$229))/AVERAGE(AA$2:AA$229)*100+100 -> 134.49019 | J25: =(AB25-AVERAGE(AB$2:AB$229))/AVERAGE(AB$2:AB$229)*100+100 -> 146.56363 | K25: =(AC25-AVERAGE(AC$2:AC$229))/AVERAGE(AC$2:AC$229)*100+100 -> 140.23053 | L25: =(AF25-AVERAGE(AF$2:AF$229))/AVERAGE(AF$2:AF$229)*100+100 -> 117.97007 | M25: =(AI25-AVERAGE(AI$2:AI$229))/AVERAGE(AI$2:AI$229)*100+100 -> 37.995885 | N25: =(AVERAGE(AJ$2:AJ$229)-AJ25)/AVERAGE(AJ$2:AJ$229)*100+100 -> 163.38001 | O25: =(AK25-AVERAGE(AK$2:AK$229))/AVERAGE(AK$2:AK$229)*100+100 -> 38.477786 | P25: =(AL25-AVERAGE(AL$2:AL$229))/AVERAGE(AL$2:AL$229)*100+100 -> 106.47088 | Q25: =(AM25-AVERAGE(AM$2:AM$229))/AVERAGE(AM$2:AM$229)*100+100 -> 109.9653 | R25: =(AN25-AVERAGE(AN$2:AN$229))/AVERAGE(AN$2:AN$229)*100+100 -> 117.90476 | S25: =(AO25-AVERAGE(AO$2:AO$229))/AVERAGE(AO$2:AO$229)*100+100 -> 114.44089 | T25: =(F25*1.5+H25*2.5+I25+J25+K25*1.5+L25+O25*0.75+P25+S25)/11.25 -> 127.02068 | V25: ='2025_Fantasy_Hitters_modified'!F45 -> 149.01527 | W25: ='2025_Fantasy_Hitters_modified'!G45 -> 84.583913 | X25: ='2025_Fantasy_Hitters_modified'!H45 -> 30.055198 | Y25: ='2025_Fantasy_Hitters_modified'!I45 -> 2.5610059 | Z25: ='2025_Fantasy_Hitters_modified'!J45 -> 31.8 | AA25: ='2025_Fantasy_Hitters_modified'!K45 -> 88.685714 | AB25: ='2025_Fantasy_Hitters_modified'!L45 -> 94 | AC25: ='2025_Fantasy_Hitters_modified'!M45 -> 64.083358 | ... AR25: ='2025_Fantasy_Hitters_modified'!AB45 -> 10.044413
A26: ='2025_Fantasy_Hitters_modified'!A182 -> SEA | B26: ='2025_Fantasy_Hitters_modified'!B182 -> Randy Arozarena | C26: ='2025_Fantasy_Hitters_modified'!D182 -> 535 | D26: ='2025_Fantasy_Hitters_modified'!E182 -> 620 | E26: =(V26-AVERAGE(V$2:V$229))/AVERAGE(V$2:V$229)*100+100 -> 107.31289 | F26: =E26*1.51744-31.775 -> 131.06587 | G26: =(Z26-AVERAGE(Z$2:Z$229))/AVERAGE(Z$2:Z$229)*100+100 -> 117.32795 | H26: =G26*0.83285-13.6979 -> 84.018681 | I26: =(AA26-AVERAGE(AA$2:AA$229))/AVERAGE(AA$2:AA$229)*100+100 -> 120.0426 | J26: =(AB26-AVERAGE(AB$2:AB$229))/AVERAGE(AB$2:AB$229)*100+100 -> 109.14313 | K26: =(AC26-AVERAGE(AC$2:AC$229))/AVERAGE(AC$2:AC$229)*100+100 -> 140.06408 | L26: =(AF26-AVERAGE(AF$2:AF$229))/AVERAGE(AF$2:AF$229)*100+100 -> 259.03732 | M26: =(AI26-AVERAGE(AI$2:AI$229))/AVERAGE(AI$2:AI$229)*100+100 -> 200.4317 | N26: =(AVERAGE(AJ$2:AJ$229)-AJ26)/AVERAGE(AJ$2:AJ$229)*100+100 -> -96.508939 | O26: =(AK26-AVERAGE(AK$2:AK$229))/AVERAGE(AK$2:AK$229)*100+100 -> 166.78123 | P26: =(AL26-AVERAGE(AL$2:AL$229))/AVERAGE(AL$2:AL$229)*100+100 -> 94.447665 | Q26: =(AM26-AVERAGE(AM$2:AM$229))/AVERAGE(AM$2:AM$229)*100+100 -> 104.07969 | R26: =(AN26-AVERAGE(AN$2:AN$229))/AVERAGE(AN$2:AN$229)*100+100 -> 95.490217 | S26: =(AO26-AVERAGE(AO$2:AO$229))/AVERAGE(AO$2:AO$229)*100+100 -> 99.23768 | T26: =(F26*1.5+H26*2.5+I26+J26+K26*1.5+L26+O26*0.75+P26+S26)/11.25 -> 126.55431 | V26: ='2025_Fantasy_Hitters_modified'!F182 -> 126.06139 | W26: ='2025_Fantasy_Hitters_modified'!G182 -> 77.903618 | X26: ='2025_Fantasy_Hitters_modified'!H182 -> 24.152628 | Y26: ='2025_Fantasy_Hitters_modified'!I182 -> 1.374938 | Z26: ='2025_Fantasy_Hitters_modified'!J182 -> 21.4 | AA26: ='2025_Fantasy_Hitters_modified'!K182 -> 79.158663 | AB26: ='2025_Fantasy_Hitters_modified'!L182 -> 70 | AC26: ='2025_Fantasy_Hitters_modified'!M182 -> 64.007295 | ... AR26: ='2025_Fantasy_Hitters_modified'!AB182 -> 10.323757
A27: ='2025_Fantasy_Hitters_modified'!A42 -> BOS | B27: ='2025_Fantasy_Hitters_modified'!B42 -> Jarren Duran | C27: ='2025_Fantasy_Hitters_modified'!D42 -> 587 | D27: ='2025_Fantasy_Hitters_modified'!E42 -> 646 | E27: =(V27-AVERAGE(V$2:V$229))/AVERAGE(V$2:V$229)*100+100 -> 134.42019 | F27: =E27*1.51744-31.775 -> 172.19958 | G27: =(Z27-AVERAGE(Z$2:Z$229))/AVERAGE(Z$2:Z$229)*100+100 -> 103.07315 | H27: =G27*0.83285-13.6979 -> 72.146573 | I27: =(AA27-AVERAGE(AA$2:AA$229))/AVERAGE(AA$2:AA$229)*100+100 -> 140.0961 | J27: =(AB27-AVERAGE(AB$2:AB$229))/AVERAGE(AB$2:AB$229)*100+100 -> 107.58394 | K27: =(AC27-AVERAGE(AC$2:AC$229))/AVERAGE(AC$2:AC$229)*100+100 -> 109.21306 | L27: =(AF27-AVERAGE(AF$2:AF$229))/AVERAGE(AF$2:AF$229)*100+100 -> 117.90176 | M27: =(AI27-AVERAGE(AI$2:AI$229))/AVERAGE(AI$2:AI$229)*100+100 -> 284.30098 | N27: =(AVERAGE(AJ$2:AJ$229)-AJ27)/AVERAGE(AJ$2:AJ$229)*100+100 -> -20.651565 | O27: =(AK27-AVERAGE(AK$2:AK$229))/AVERAGE(AK$2:AK$229)*100+100 -> 306.59381 | P27: =(AL27-AVERAGE(AL$2:AL$229))/AVERAGE(AL$2:AL$229)*100+100 -> 107.82501 | Q27: =(AM27-AVERAGE(AM$2:AM$229))/AVERAGE(AM$2:AM$229)*100+100 -> 103.01708 | R27: =(AN27-AVERAGE(AN$2:AN$229))/AVERAGE(AN$2:AN$229)*100+100 -> 107.32409 | S27: =(AO27-AVERAGE(AO$2:AO$229))/AVERAGE(AO$2:AO$229)*100+100 -> 105.44501 | T27: =(F27*1.5+H27*2.5+I27+J27+K27*1.5+L27+O27*0.75+P27+S27)/11.25 -> 125.44734 | V27: ='2025_Fantasy_Hitters_modified'!F42 -> 157.90457 | W27: ='2025_Fantasy_Hitters_modified'!G42 -> 95.689325 | X27: ='2025_Fantasy_Hitters_modified'!H42 -> 36.288149 | Y27: ='2025_Fantasy_Hitters_modified'!I42 -> 7.6057175 | Z27: ='2025_Fantasy_Hitters_modified'!J42 -> 18.8 | AA27: ='2025_Fantasy_Hitters_modified'!K42 -> 92.382371 | AB27: ='2025_Fantasy_Hitters_modified'!L42 -> 69 | AC27: ='2025_Fantasy_Hitters_modified'!M42 -> 49.908815 | ... AR27: ='2025_Fantasy_Hitters_modified'!AB42 -> 7.7258227
A28: ='2025_Fantasy_Hitters_modified'!A156 -> PHI | B28: ='2025_Fantasy_Hitters_modified'!B156 -> Bryce Harper | C28: ='2025_Fantasy_Hitters_modified'!D156 -> 533 | D28: ='2025_Fantasy_Hitters_modified'!E156 -> 622 | E28: =(V28-AVERAGE(V$2:V$229))/AVERAGE(V$2:V$229)*100+100 -> 123.92144 | F28: =E28*1.51744-31.775 -> 156.26835 | G28: =(Z28-AVERAGE(Z$2:Z$229))/AVERAGE(Z$2:Z$229)*100+100 -> 143.6445 | H28: =G28*0.83285-13.6979 -> 105.93642 | I28: =(AA28-AVERAGE(AA$2:AA$229))/AVERAGE(AA$2:AA$229)*100+100 -> 133.01704 | J28: =(AB28-AVERAGE(AB$2:AB$229))/AVERAGE(AB$2:AB$229)*100+100 -> 137.20851 | K28: =(AC28-AVERAGE(AC$2:AC$229))/AVERAGE(AC$2:AC$229)*100+100 -> 173.39148 | L28: =(AF28-AVERAGE(AF$2:AF$229))/AVERAGE(AF$2:AF$229)*100+100 -> 82.444481 | M28: =(AI28-AVERAGE(AI$2:AI$229))/AVERAGE(AI$2:AI$229)*100+100 -> 86.347813 | N28: =(AVERAGE(AJ$2:AJ$229)-AJ28)/AVERAGE(AJ$2:AJ$229)*100+100 -> 57.029131 | O28: =(AK28-AVERAGE(AK$2:AK$229))/AVERAGE(AK$2:AK$229)*100+100 -> 66.51593 | P28: =(AL28-AVERAGE(AL$2:AL$229))/AVERAGE(AL$2:AL$229)*100+100 -> 109.47434 | Q28: =(AM28-AVERAGE(AM$2:AM$229))/AVERAGE(AM$2:AM$229)*100+100 -> 116.66967 | R28: =(AN28-AVERAGE(AN$2:AN$229))/AVERAGE(AN$2:AN$229)*100+100 -> 111.96451 | S28: =(AO28-AVERAGE(AO$2:AO$229))/AVERAGE(AO$2:AO$229)*100+100 -> 114.0173 | T28: =(F28*1.5+H28*2.5+I28+J28+K28*1.5+L28+O28*0.75+P28+S28)/11.25 -> 123.14484 | V28: ='2025_Fantasy_Hitters_modified'!F156 -> 145.57159 | W28: ='2025_Fantasy_Hitters_modified'!G156 -> 86.300049 | X28: ='2025_Fantasy_Hitters_modified'!H156 -> 29.090556 | Y28: ='2025_Fantasy_Hitters_modified'!I156 -> 0.98654209 | Z28: ='2025_Fantasy_Hitters_modified'!J156 -> 26.2 | AA28: ='2025_Fantasy_Hitters_modified'!K156 -> 87.714286 | AB28: ='2025_Fantasy_Hitters_modified'!L156 -> 88 | AC28: ='2025_Fantasy_Hitters_modified'!M156 -> 79.237444 | ... AR28: ='2025_Fantasy_Hitters_modified'!AB156 -> 12.739139
A29: ='2025_Fantasy_Hitters_modified'!A9 -> ARI | B29: ='2025_Fantasy_Hitters_modified'!B9 -> Ketel Marte | C29: ='2025_Fantasy_Hitters_modified'!D9 -> 537 | D29: ='2025_Fantasy_Hitters_modified'!E9 -> 614 | E29: =(V29-AVERAGE(V$2:V$229))/AVERAGE(V$2:V$229)*100+100 -> 125.56354 | F29: =E29*1.51744-31.775 -> 158.76014 | G29: =(Z29-AVERAGE(Z$2:Z$229))/AVERAGE(Z$2:Z$229)*100+100 -> 149.12711 | H29: =G29*0.83285-13.6979 -> 110.50261 | I29: =(AA29-AVERAGE(AA$2:AA$229))/AVERAGE(AA$2:AA$229)*100+100 -> 131.64101 | J29: =(AB29-AVERAGE(AB$2:AB$229))/AVERAGE(AB$2:AB$229)*100+100 -> 138.76769 | K29: =(AC29-AVERAGE(AC$2:AC$229))/AVERAGE(AC$2:AC$229)*100+100 -> 142.14465 | L29: =(AF29-AVERAGE(AF$2:AF$229))/AVERAGE(AF$2:AF$229)*100+100 -> 101.28548 | M29: =(AI29-AVERAGE(AI$2:AI$229))/AVERAGE(AI$2:AI$229)*100+100 -> 66.655199 | N29: =(AVERAGE(AJ$2:AJ$229)-AJ29)/AVERAGE(AJ$2:AJ$229)*100+100 -> 126.58115 | O29: =(AK29-AVERAGE(AK$2:AK$229))/AVERAGE(AK$2:AK$229)*100+100 -> 64.286271 | P29: =(AL29-AVERAGE(AL$2:AL$229))/AVERAGE(AL$2:AL$229)*100+100 -> 110.09875 | Q29: =(AM29-AVERAGE(AM$2:AM$229))/AVERAGE(AM$2:AM$229)*100+100 -> 111.40875 | R29: =(AN29-AVERAGE(AN$2:AN$229))/AVERAGE(AN$2:AN$229)*100+100 -> 117.85862 | S29: =(AO29-AVERAGE(AO$2:AO$229))/AVERAGE(AO$2:AO$229)*100+100 -> 115.04463 | T29: =(F29*1.5+H29*2.5+I29+J29+K29*1.5+L29+O29*0.75+P29+S29)/11.25 -> 122.01475 | V29: ='2025_Fantasy_Hitters_modified'!F9 -> 147.50059 | W29: ='2025_Fantasy_Hitters_modified'!G9 -> 86.550684 | X29: ='2025_Fantasy_Hitters_modified'!H9 -> 31.554252 | Y29: ='2025_Fantasy_Hitters_modified'!I9 -> 3.0176239 | Z29: ='2025_Fantasy_Hitters_modified'!J9 -> 27.2 | AA29: ='2025_Fantasy_Hitters_modified'!K9 -> 86.806907 | AB29: ='2025_Fantasy_Hitters_modified'!L9 -> 89 | AC29: ='2025_Fantasy_Hitters_modified'!M9 -> 64.958085 | ... AR29: ='2025_Fantasy_Hitters_modified'!AB9 -> 10.579493
A30: ='2025_Fantasy_Hitters_modified'!A223 -> WSN | B30: ='2025_Fantasy_Hitters_modified'!B223 -> CJ Abrams | C30: ='2025_Fantasy_Hitters_modified'!D223 -> 541 | D30: ='2025_Fantasy_Hitters_modified'!E223 -> 595 | E30: =(V30-AVERAGE(V$2:V$229))/AVERAGE(V$2:V$229)*100+100 -> 115.21952 | F30: =E30*1.51744-31.775 -> 143.06371 | G30: =(Z30-AVERAGE(Z$2:Z$229))/AVERAGE(Z$2:Z$229)*100+100 -> 98.687058 | H30: =G30*0.83285-13.6979 -> 68.493616 | I30: =(AA30-AVERAGE(AA$2:AA$229))/AVERAGE(AA$2:AA$229)*100+100 -> 119.84431 | J30: =(AB30-AVERAGE(AB$2:AB$229))/AVERAGE(AB$2:AB$229)*100+100 -> 99.788005 | K30: =(AC30-AVERAGE(AC$2:AC$229))/AVERAGE(AC$2:AC$229)*100+100 -> 82.624319 | L30: =(AF30-AVERAGE(AF$2:AF$229))/AVERAGE(AF$2:AF$229)*100+100 -> 192.72869 | M30: =(AI30-AVERAGE(AI$2:AI$229))/AVERAGE(AI$2:AI$229)*100+100 -> 323.60465 | N30: =(AVERAGE(AJ$2:AJ$229)-AJ30)/AVERAGE(AJ$2:AJ$229)*100+100 -> -127.55509 | O30: =(AK30-AVERAGE(AK$2:AK$229))/AVERAGE(AK$2:AK$229)*100+100 -> 322.22104 | P30: =(AL30-AVERAGE(AL$2:AL$229))/AVERAGE(AL$2:AL$229)*100+100 -> 100.28175 | Q30: =(AM30-AVERAGE(AM$2:AM$229))/AVERAGE(AM$2:AM$229)*100+100 -> 97.442243 | R30: =(AN30-AVERAGE(AN$2:AN$229))/AVERAGE(AN$2:AN$229)*100+100 -> 98.693467 | S30: =(AO30-AVERAGE(AO$2:AO$229))/AVERAGE(AO$2:AO$229)*100+100 -> 98.147576 | T30: =(F30*1.5+H30*2.5+I30+J30+K30*1.5+L30+O30*0.75+P30+S30)/11.25 -> 121.08642 | V30: ='2025_Fantasy_Hitters_modified'!F223 -> 135.34937 | W30: ='2025_Fantasy_Hitters_modified'!G223 -> 86.437402 | X30: ='2025_Fantasy_Hitters_modified'!H223 -> 27.551592 | Y30: ='2025_Fantasy_Hitters_modified'!I223 -> 4.0465301 | Z30: ='2025_Fantasy_Hitters_modified'!J223 -> 18 | AA30: ='2025_Fantasy_Hitters_modified'!K223 -> 79.027907 | AB30: ='2025_Fantasy_Hitters_modified'!L223 -> 64 | AC30: ='2025_Fantasy_Hitters_modified'!M223 -> 37.75814 | ... AR30: ='2025_Fantasy_Hitters_modified'!AB223 -> 6.3459058
A31: ='2025_Fantasy_Hitters_modified'!A125 -> MIL | B31: ='2025_Fantasy_Hitters_modified'!B125 -> Jackson Chourio | C31: ='2025_Fantasy_Hitters_modified'!D125 -> 582 | D31: ='2025_Fantasy_Hitters_modified'!E125 -> 633 | E31: =(V31-AVERAGE(V$2:V$229))/AVERAGE(V$2:V$229)*100+100 -> 134.43034 | F31: =E31*1.51744-31.775 -> 172.21498 | G31: =(Z31-AVERAGE(Z$2:Z$229))/AVERAGE(Z$2:Z$229)*100+100 -> 119.52099 | H31: =G31*0.83285-13.6979 -> 85.845159 | I31: =(AA31-AVERAGE(AA$2:AA$229))/AVERAGE(AA$2:AA$229)*100+100 -> 127.91263 | J31: =(AB31-AVERAGE(AB$2:AB$229))/AVERAGE(AB$2:AB$229)*100+100 -> 130.97176 | K31: =(AC31-AVERAGE(AC$2:AC$229))/AVERAGE(AC$2:AC$229)*100+100 -> 90.219495 | L31: =(AF31-AVERAGE(AF$2:AF$229))/AVERAGE(AF$2:AF$229)*100+100 -> 82.154922 | M31: =(AI31-AVERAGE(AI$2:AI$229))/AVERAGE(AI$2:AI$229)*100+100 -> 257.96929 | N31: =(AVERAGE(AJ$2:AJ$229)-AJ31)/AVERAGE(AJ$2:AJ$229)*100+100 -> -60.461568 | O31: =(AK31-AVERAGE(AK$2:AK$229))/AVERAGE(AK$2:AK$229)*100+100 -> 257.09638 | P31: =(AL31-AVERAGE(AL$2:AL$229))/AVERAGE(AL$2:AL$229)*100+100 -> 108.75956 | Q31: =(AM31-AVERAGE(AM$2:AM$229))/AVERAGE(AM$2:AM$229)*100+100 -> 100.25046 | R31: =(AN31-AVERAGE(AN$2:AN$229))/AVERAGE(AN$2:AN$229)*100+100 -> 105.1276 | S31: =(AO31-AVERAGE(AO$2:AO$229))/AVERAGE(AO$2:AO$229)*100+100 -> 102.99977 | T31: =(F31*1.5+H31*2.5+I31+J31+K31*1.5+L31+O31*0.75+P31+S31)/11.25 -> 120.34538 | V31: ='2025_Fantasy_Hitters_modified'!F125 -> 157.9165 | W31: ='2025_Fantasy_Hitters_modified'!G125 -> 101.43711 | X31: ='2025_Fantasy_Hitters_modified'!H125 -> 29.806532 | Y31: ='2025_Fantasy_Hitters_modified'!I125 -> 3.4537021 | Z31: ='2025_Fantasy_Hitters_modified'!J125 -> 21.8 | AA31: ='2025_Fantasy_Hitters_modified'!K125 -> 84.348328 | AB31: ='2025_Fantasy_Hitters_modified'!L125 -> 84 | AC31: ='2025_Fantasy_Hitters_modified'!M125 -> 41.229027 | ... AR31: ='2025_Fantasy_Hitters_modified'!AB125 -> 6.5132745
A32: ='2025_Fantasy_Hitters_modified'!A216 -> TOR | B32: ='2025_Fantasy_Hitters_modified'!B216 -> Anthony Santander | C32: ='2025_Fantasy_Hitters_modified'!D216 -> 567 | D32: ='2025_Fantasy_Hitters_modified'!E216 -> 634 | E32: =(V32-AVERAGE(V$2:V$229))/AVERAGE(V$2:V$229)*100+100 -> 115.44684 | F32: =E32*1.51744-31.775 -> 143.40865 | G32: =(Z32-AVERAGE(Z$2:Z$229))/AVERAGE(Z$2:Z$229)*100+100 -> 180.92627 | H32: =G32*0.83285-13.6979 -> 136.98655 | I32: =(AA32-AVERAGE(AA$2:AA$229))/AVERAGE(AA$2:AA$229)*100+100 -> 121.13974 | J32: =(AB32-AVERAGE(AB$2:AB$229))/AVERAGE(AB$2:AB$229)*100+100 -> 146.56363 | K32: =(AC32-AVERAGE(AC$2:AC$229))/AVERAGE(AC$2:AC$229)*100+100 -> 122.05561 | L32: =(AF32-AVERAGE(AF$2:AF$229))/AVERAGE(AF$2:AF$229)*100+100 -> 134.88012 | M32: =(AI32-AVERAGE(AI$2:AI$229))/AVERAGE(AI$2:AI$229)*100+100 -> 19.005273 | N32: =(AVERAGE(AJ$2:AJ$229)-AJ32)/AVERAGE(AJ$2:AJ$229)*100+100 -> 163.36588 | O32: =(AK32-AVERAGE(AK$2:AK$229))/AVERAGE(AK$2:AK$229)*100+100 -> 12.830878 | P32: =(AL32-AVERAGE(AL$2:AL$229))/AVERAGE(AL$2:AL$229)*100+100 -> 95.872067 | Q32: =(AM32-AVERAGE(AM$2:AM$229))/AVERAGE(AM$2:AM$229)*100+100 -> 97.704488 | R32: =(AN32-AVERAGE(AN$2:AN$229))/AVERAGE(AN$2:AN$229)*100+100 -> 109.47925 | S32: =(AO32-AVERAGE(AO$2:AO$229))/AVERAGE(AO$2:AO$229)*100+100 -> 104.34209 | T32: =(F32*1.5+H32*2.5+I32+J32+K32*1.5+L32+O32*0.75+P32+S32)/11.25 -> 120.27409 | V32: ='2025_Fantasy_Hitters_modified'!F216 -> 135.6164 | W32: ='2025_Fantasy_Hitters_modified'!G216 -> 74.037237 | X32: ='2025_Fantasy_Hitters_modified'!H216 -> 26.680265 | Y32: ='2025_Fantasy_Hitters_modified'!I216 -> 0.99244393 | Z32: ='2025_Fantasy_Hitters_modified'!J216 -> 33 | AA32: ='2025_Fantasy_Hitters_modified'!K216 -> 79.882143 | AB32: ='2025_Fantasy_Hitters_modified'!L216 -> 94 | AC32: ='2025_Fantasy_Hitters_modified'!M216 -> 55.777679 | ... AR32: ='2025_Fantasy_Hitters_modified'!AB216 -> 8.7977411
A33: ='2025_Fantasy_Hitters_modified'!A167 -> PIT | B33: ='2025_Fantasy_Hitters_modified'!B167 -> Oneil Cruz | C33: ='2025_Fantasy_Hitters_modified'!D167 -> 541 | D33: ='2025_Fantasy_Hitters_modified'!E167 -> 602 | E33: =(V33-AVERAGE(V$2:V$229))/AVERAGE(V$2:V$229)*100+100 -> 115.85729 | F33: =E33*1.51744-31.775 -> 144.03149 | G33: =(Z33-AVERAGE(Z$2:Z$229))/AVERAGE(Z$2:Z$229)*100+100 -> 143.6445 | H33: =G33*0.83285-13.6979 -> 105.93642 | I33: =(AA33-AVERAGE(AA$2:AA$229))/AVERAGE(AA$2:AA$229)*100+100 -> 123.11803 | J33: =(AB33-AVERAGE(AB$2:AB$229))/AVERAGE(AB$2:AB$229)*100+100 -> 124.73501 | K33: =(AC33-AVERAGE(AC$2:AC$229))/AVERAGE(AC$2:AC$229)*100+100 -> 118.05862 | L33: =(AF33-AVERAGE(AF$2:AF$229))/AVERAGE(AF$2:AF$229)*100+100 -> 66.689182 | M33: =(AI33-AVERAGE(AI$2:AI$229))/AVERAGE(AI$2:AI$229)*100+100 -> 207.48608 | N33: =(AVERAGE(AJ$2:AJ$229)-AJ33)/AVERAGE(AJ$2:AJ$229)*100+100 -> 53.285174 | O33: =(AK33-AVERAGE(AK$2:AK$229))/AVERAGE(AK$2:AK$229)*100+100 -> 228.77085 | P33: =(AL33-AVERAGE(AL$2:AL$229))/AVERAGE(AL$2:AL$229)*100+100 -> 100.83684 | Q33: =(AM33-AVERAGE(AM$2:AM$229))/AVERAGE(AM$2:AM$229)*100+100 -> 100.18562 | R33: =(AN33-AVERAGE(AN$2:AN$229))/AVERAGE(AN$2:AN$229)*100+100 -> 110.65495 | S33: =(AO33-AVERAGE(AO$2:AO$229))/AVERAGE(AO$2:AO$229)*100+100 -> 106.08733 | T33: =(F33*1.5+H33*2.5+I33+J33+K33*1.5+L33+O33*0.75+P33+S33)/11.25 -> 120.09073 | V33: ='2025_Fantasy_Hitters_modified'!F167 -> 136.09857 | W33: ='2025_Fantasy_Hitters_modified'!G167 -> 78.298604 | X33: ='2025_Fantasy_Hitters_modified'!H167 -> 30.52738 | Y33: ='2025_Fantasy_Hitters_modified'!I167 -> 2.9596236 | Z33: ='2025_Fantasy_Hitters_modified'!J167 -> 26.2 | AA33: ='2025_Fantasy_Hitters_modified'!K167 -> 81.186667 | AB33: ='2025_Fantasy_Hitters_modified'!L167 -> 80 | AC33: ='2025_Fantasy_Hitters_modified'!M167 -> 53.951111 | ... AR33: ='2025_Fantasy_Hitters_modified'!AB167 -> 8.9619786
A34: ='2025_Fantasy_Hitters_modified'!A162 -> PHI | B34: ='2025_Fantasy_Hitters_modified'!B162 -> Trea Turner | C34: ='2025_Fantasy_Hitters_modified'!D162 -> 587 | D34: ='2025_Fantasy_Hitters_modified'!E162 -> 635 | E34: =(V34-AVERAGE(V$2:V$229))/AVERAGE(V$2:V$229)*100+100 -> 137.90936 | F34: =E34*1.51744-31.775 -> 177.49418 | G34: =(Z34-AVERAGE(Z$2:Z$229))/AVERAGE(Z$2:Z$229)*100+100 -> 110.74881 | H34: =G34*0.83285-13.6979 -> 78.539246 | I34: =(AA34-AVERAGE(AA$2:AA$229))/AVERAGE(AA$2:AA$229)*100+100 -> 134.10024 | J34: =(AB34-AVERAGE(AB$2:AB$229))/AVERAGE(AB$2:AB$229)*100+100 -> 118.49826 | K34: =(AC34-AVERAGE(AC$2:AC$229))/AVERAGE(AC$2:AC$229)*100+100 -> 85.285487 | L34: =(AF34-AVERAGE(AF$2:AF$229))/AVERAGE(AF$2:AF$229)*100+100 -> 101.27982 | M34: =(AI34-AVERAGE(AI$2:AI$229))/AVERAGE(AI$2:AI$229)*100+100 -> 218.59335 | N34: =(AVERAGE(AJ$2:AJ$229)-AJ34)/AVERAGE(AJ$2:AJ$229)*100+100 -> 53.441609 | O34: =(AK34-AVERAGE(AK$2:AK$229))/AVERAGE(AK$2:AK$229)*100+100 -> 243.82316 | P34: =(AL34-AVERAGE(AL$2:AL$229))/AVERAGE(AL$2:AL$229)*100+100 -> 110.62385 | Q34: =(AM34-AVERAGE(AM$2:AM$229))/AVERAGE(AM$2:AM$229)*100+100 -> 100.4968 | R34: =(AN34-AVERAGE(AN$2:AN$229))/AVERAGE(AN$2:AN$229)*100+100 -> 104.49462 | S34: =(AO34-AVERAGE(AO$2:AO$229))/AVERAGE(AO$2:AO$229)*100+100 -> 102.75043 | T34: =(F34*1.5+H34*2.5+I34+J34+K34*1.5+L34+O34*0.75+P34+S34)/11.25 -> 119.16778 | V34: ='2025_Fantasy_Hitters_modified'!F162 -> 162.00332 | W34: ='2025_Fantasy_Hitters_modified'!G162 -> 106.34393 | X34: ='2025_Fantasy_Hitters_modified'!H162 -> 32.412188 | Y34: ='2025_Fantasy_Hitters_modified'!I162 -> 2.4314103 | Z34: ='2025_Fantasy_Hitters_modified'!J162 -> 20.2 | AA34: ='2025_Fantasy_Hitters_modified'!K162 -> 88.428571 | AB34: ='2025_Fantasy_Hitters_modified'!L162 -> 76 | AC34: ='2025_Fantasy_Hitters_modified'!M162 -> 38.974256 | ... AR34: ='2025_Fantasy_Hitters_modified'!AB162 -> 6.1376781
A35: ='2025_Fantasy_Hitters_modified'!A186 -> SFG | B35: ='2025_Fantasy_Hitters_modified'!B186 -> Matt Chapman | C35: ='2025_Fantasy_Hitters_modified'!D186 -> 549 | D35: ='2025_Fantasy_Hitters_modified'!E186 -> 624 | E35: =(V35-AVERAGE(V$2:V$229))/AVERAGE(V$2:V$229)*100+100 -> 112.49449 | F35: =E35*1.51744-31.775 -> 138.92864 | G35: =(Z35-AVERAGE(Z$2:Z$229))/AVERAGE(Z$2:Z$229)*100+100 -> 151.32016 | H35: =G35*0.83285-13.6979 -> 112.32909 | I35: =(AA35-AVERAGE(AA$2:AA$229))/AVERAGE(AA$2:AA$229)*100+100 -> 122.86577 | J35: =(AB35-AVERAGE(AB$2:AB$229))/AVERAGE(AB$2:AB$229)*100+100 -> 120.05744 | K35: =(AC35-AVERAGE(AC$2:AC$229))/AVERAGE(AC$2:AC$229)*100+100 -> 138.35198 | L35: =(AF35-AVERAGE(AF$2:AF$229))/AVERAGE(AF$2:AF$229)*100+100 -> 120.00399 | M35: =(AI35-AVERAGE(AI$2:AI$229))/AVERAGE(AI$2:AI$229)*100+100 -> 86.191659 | N35: =(AVERAGE(AJ$2:AJ$229)-AJ35)/AVERAGE(AJ$2:AJ$229)*100+100 -> 123.52614 | O35: =(AK35-AVERAGE(AK$2:AK$229))/AVERAGE(AK$2:AK$229)*100+100 -> 89.59526 | P35: =(AL35-AVERAGE(AL$2:AL$229))/AVERAGE(AL$2:AL$229)*100+100 -> 96.483272 | Q35: =(AM35-AVERAGE(AM$2:AM$229))/AVERAGE(AM$2:AM$229)*100+100 -> 100.66905 | R35: =(AN35-AVERAGE(AN$2:AN$229))/AVERAGE(AN$2:AN$229)*100+100 -> 107.9111 | S35: =(AO35-AVERAGE(AO$2:AO$229))/AVERAGE(AO$2:AO$229)*100+100 -> 104.7515 | T35: =(F35*1.5+H35*2.5+I35+J35+K35*1.5+L35+O35*0.75+P35+S35)/11.25 -> 118.05352 | V35: ='2025_Fantasy_Hitters_modified'!F186 -> 132.14826 | W35: ='2025_Fantasy_Hitters_modified'!G186 -> 72.622346 | X35: ='2025_Fantasy_Hitters_modified'!H186 -> 30.158151 | Y35: ='2025_Fantasy_Hitters_modified'!I186 -> 2.356069 | Z35: ='2025_Fantasy_Hitters_modified'!J186 -> 27.6 | AA35: ='2025_Fantasy_Hitters_modified'!K186 -> 81.020324 | AB35: ='2025_Fantasy_Hitters_modified'!L186 -> 77 | AC35: ='2025_Fantasy_Hitters_modified'!M186 -> 63.22489 | ... AR35: ='2025_Fantasy_Hitters_modified'!AB186 -> 10.132194
A36: ='2025_Fantasy_Hitters_modified'!A88 -> HOU | B36: ='2025_Fantasy_Hitters_modified'!B88 -> Christian Walker | C36: ='2025_Fantasy_Hitters_modified'!D88 -> 547 | D36: ='2025_Fantasy_Hitters_modified'!E88 -> 622 | E36: =(V36-AVERAGE(V$2:V$229))/AVERAGE(V$2:V$229)*100+100 -> 108.08989 | F36: =E36*1.51744-31.775 -> 132.24493 | G36: =(Z36-AVERAGE(Z$2:Z$229))/AVERAGE(Z$2:Z$229)*100+100 -> 162.28538 | H36: =G36*0.83285-13.6979 -> 121.46148 | I36: =(AA36-AVERAGE(AA$2:AA$229))/AVERAGE(AA$2:AA$229)*100+100 -> 118.86415 | J36: =(AB36-AVERAGE(AB$2:AB$229))/AVERAGE(AB$2:AB$229)*100+100 -> 140.32688 | K36: =(AC36-AVERAGE(AC$2:AC$229))/AVERAGE(AC$2:AC$229)*100+100 -> 129.78619 | L36: =(AF36-AVERAGE(AF$2:AF$229))/AVERAGE(AF$2:AF$229)*100+100 -> 138.26131 | M36: =(AI36-AVERAGE(AI$2:AI$229))/AVERAGE(AI$2:AI$229)*100+100 -> 47.570527 | N36: =(AVERAGE(AJ$2:AJ$229)-AJ36)/AVERAGE(AJ$2:AJ$229)*100+100 -> 163.32167 | O36: =(AK36-AVERAGE(AK$2:AK$229))/AVERAGE(AK$2:AK$229)*100+100 -> 51.385453 | P36: =(AL36-AVERAGE(AL$2:AL$229))/AVERAGE(AL$2:AL$229)*100+100 -> 93.044536 | Q36: =(AM36-AVERAGE(AM$2:AM$229))/AVERAGE(AM$2:AM$229)*100+100 -> 98.050718 | R36: =(AN36-AVERAGE(AN$2:AN$229))/AVERAGE(AN$2:AN$229)*100+100 -> 104.36589 | S36: =(AO36-AVERAGE(AO$2:AO$229))/AVERAGE(AO$2:AO$229)*100+100 -> 101.61067 | T36: =(F36*1.5+H36*2.5+I36+J36+K36*1.5+L36+O36*0.75+P36+S36)/11.25 -> 117.9864 | V36: ='2025_Fantasy_Hitters_modified'!F88 -> 126.97414 | W36: ='2025_Fantasy_Hitters_modified'!G88 -> 73.225352 | X36: ='2025_Fantasy_Hitters_modified'!H88 -> 23.369793 | Y36: ='2025_Fantasy_Hitters_modified'!I88 -> 0.97767569 | Z36: ='2025_Fantasy_Hitters_modified'!J88 -> 29.6 | AA36: ='2025_Fantasy_Hitters_modified'!K88 -> 78.381567 | AB36: ='2025_Fantasy_Hitters_modified'!L88 -> 90 | AC36: ='2025_Fantasy_Hitters_modified'!M88 -> 59.310445 | ... AR36: ='2025_Fantasy_Hitters_modified'!AB88 -> 9.5354414
A37: ='2025_Fantasy_Hitters_modified'!A115 -> LAD | B37: ='2025_Fantasy_Hitters_modified'!B115 -> Teoscar Hernandez | C37: ='2025_Fantasy_Hitters_modified'!D115 -> 566 | D37: ='2025_Fantasy_Hitters_modified'!E115 -> 621 | E37: =(V37-AVERAGE(V$2:V$229))/AVERAGE(V$2:V$229)*100+100 -> 125.3317 | F37: =E37*1.51744-31.775 -> 158.40834 | G37: =(Z37-AVERAGE(Z$2:Z$229))/AVERAGE(Z$2:Z$229)*100+100 -> 153.5132 | H37: =G37*0.83285-13.6979 -> 114.15557 | I37: =(AA37-AVERAGE(AA$2:AA$229))/AVERAGE(AA$2:AA$229)*100+100 -> 124.20747 | J37: =(AB37-AVERAGE(AB$2:AB$229))/AVERAGE(AB$2:AB$229)*100+100 -> 141.88607 | K37: =(AC37-AVERAGE(AC$2:AC$229))/AVERAGE(AC$2:AC$229)*100+100 -> 100.19572 | L37: =(AF37-AVERAGE(AF$2:AF$229))/AVERAGE(AF$2:AF$229)*100+100 -> 119.63939 | M37: =(AI37-AVERAGE(AI$2:AI$229))/AVERAGE(AI$2:AI$229)*100+100 -> 85.613736 | N37: =(AVERAGE(AJ$2:AJ$229)-AJ37)/AVERAGE(AJ$2:AJ$229)*100+100 -> 89.981991 | O37: =(AK37-AVERAGE(AK$2:AK$229))/AVERAGE(AK$2:AK$229)*100+100 -> 77.066287 | P37: =(AL37-AVERAGE(AL$2:AL$229))/AVERAGE(AL$2:AL$229)*100+100 -> 104.26478 | Q37: =(AM37-AVERAGE(AM$2:AM$229))/AVERAGE(AM$2:AM$229)*100+100 -> 100.02697 | R37: =(AN37-AVERAGE(AN$2:AN$229))/AVERAGE(AN$2:AN$229)*100+100 -> 108.75879 | S37: =(AO37-AVERAGE(AO$2:AO$229))/AVERAGE(AO$2:AO$229)*100+100 -> 104.94922 | T37: =(F37*1.5+H37*2.5+I37+J37+K37*1.5+L37+O37*0.75+P37+S37)/11.25 -> 117.87037 | V37: ='2025_Fantasy_Hitters_modified'!F115 -> 147.22824 | W37: ='2025_Fantasy_Hitters_modified'!G115 -> 89.418636 | X37: ='2025_Fantasy_Hitters_modified'!H115 -> 27.281039 | Y37: ='2025_Fantasy_Hitters_modified'!I115 -> 1.4026852 | Z37: ='2025_Fantasy_Hitters_modified'!J115 -> 28 | AA37: ='2025_Fantasy_Hitters_modified'!K115 -> 81.905069 | AB37: ='2025_Fantasy_Hitters_modified'!L115 -> 91 | AC37: ='2025_Fantasy_Hitters_modified'!M115 -> 45.788018 | ... AR37: ='2025_Fantasy_Hitters_modified'!AB115 -> 7.3732719
A38: ='2025_Fantasy_Hitters_modified'!A213 -> TEX | B38: ='2025_Fantasy_Hitters_modified'!B213 -> Wyatt Langford | C38: ='2025_Fantasy_Hitters_modified'!D213 -> 536 | D38: ='2025_Fantasy_Hitters_modified'!E213 -> 602 | E38: =(V38-AVERAGE(V$2:V$229))/AVERAGE(V$2:V$229)*100+100 -> 118.64473 | F38: =E38*1.51744-31.775 -> 148.26125 | G38: =(Z38-AVERAGE(Z$2:Z$229))/AVERAGE(Z$2:Z$229)*100+100 -> 121.71404 | H38: =G38*0.83285-13.6979 -> 87.671637 | I38: =(AA38-AVERAGE(AA$2:AA$229))/AVERAGE(AA$2:AA$229)*100+100 -> 126.02126 | J38: =(AB38-AVERAGE(AB$2:AB$229))/AVERAGE(AB$2:AB$229)*100+100 -> 118.49826 | K38: =(AC38-AVERAGE(AC$2:AC$229))/AVERAGE(AC$2:AC$229)*100+100 -> 120.79396 | L38: =(AF38-AVERAGE(AF$2:AF$229))/AVERAGE(AF$2:AF$229)*100+100 -> 100.82035 | M38: =(AI38-AVERAGE(AI$2:AI$229))/AVERAGE(AI$2:AI$229)*100+100 -> 180.96481 | N38: =(AVERAGE(AJ$2:AJ$229)-AJ38)/AVERAGE(AJ$2:AJ$229)*100+100 -> 49.566893 | O38: =(AK38-AVERAGE(AK$2:AK$229))/AVERAGE(AK$2:AK$229)*100+100 -> 191.65836 | P38: =(AL38-AVERAGE(AL$2:AL$229))/AVERAGE(AL$2:AL$229)*100+100 -> 104.22617 | Q38: =(AM38-AVERAGE(AM$2:AM$229))/AVERAGE(AM$2:AM$229)*100+100 -> 103.642 | R38: =(AN38-AVERAGE(AN$2:AN$229))/AVERAGE(AN$2:AN$229)*100+100 -> 106.83717 | S38: =(AO38-AVERAGE(AO$2:AO$229))/AVERAGE(AO$2:AO$229)*100+100 -> 105.44317 | T38: =(F38*1.5+H38*2.5+I38+J38+K38*1.5+L38+O38*0.75+P38+S38)/11.25 -> 117.46799 | V38: ='2025_Fantasy_Hitters_modified'!F213 -> 139.37299 | W38: ='2025_Fantasy_Hitters_modified'!G213 -> 84.781502 | X38: ='2025_Fantasy_Hitters_modified'!H213 -> 28.283136 | Y38: ='2025_Fantasy_Hitters_modified'!I213 -> 3.9655185 | Z38: ='2025_Fantasy_Hitters_modified'!J213 -> 22.2 | AA38: ='2025_Fantasy_Hitters_modified'!K213 -> 83.101124 | AB38: ='2025_Fantasy_Hitters_modified'!L213 -> 76 | AC38: ='2025_Fantasy_Hitters_modified'!M213 -> 55.201124 | ... AR38: ='2025_Fantasy_Hitters_modified'!AB213 -> 9.1696219
A39: ='2025_Fantasy_Hitters_modified'!A163 -> PIT | B39: ='2025_Fantasy_Hitters_modified'!B163 -> Bryan Reynolds | C39: ='2025_Fantasy_Hitters_modified'!D163 -> 573 | D39: ='2025_Fantasy_Hitters_modified'!E163 -> 642 | E39: =(V39-AVERAGE(V$2:V$229))/AVERAGE(V$2:V$229)*100+100 -> 129.95227 | F39: =E39*1.51744-31.775 -> 165.41978 | G39: =(Z39-AVERAGE(Z$2:Z$229))/AVERAGE(Z$2:Z$229)*100+100 -> 114.03838 | H39: =G39*0.83285-13.6979 -> 81.278963 | I39: =(AA39-AVERAGE(AA$2:AA$229))/AVERAGE(AA$2:AA$229)*100+100 -> 119.87923 | J39: =(AB39-AVERAGE(AB$2:AB$229))/AVERAGE(AB$2:AB$229)*100+100 -> 123.17582 | K39: =(AC39-AVERAGE(AC$2:AC$229))/AVERAGE(AC$2:AC$229)*100+100 -> 126.66105 | L39: =(AF39-AVERAGE(AF$2:AF$229))/AVERAGE(AF$2:AF$229)*100+100 -> 153.54849 | M39: =(AI39-AVERAGE(AI$2:AI$229))/AVERAGE(AI$2:AI$229)*100+100 -> 85.030685 | N39: =(AVERAGE(AJ$2:AJ$229)-AJ39)/AVERAGE(AJ$2:AJ$229)*100+100 -> 126.33798 | O39: =(AK39-AVERAGE(AK$2:AK$229))/AVERAGE(AK$2:AK$229)*100+100 -> 89.012492 | P39: =(AL39-AVERAGE(AL$2:AL$229))/AVERAGE(AL$2:AL$229)*100+100 -> 106.78798 | Q39: =(AM39-AVERAGE(AM$2:AM$229))/AVERAGE(AM$2:AM$229)*100+100 -> 106.64436 | R39: =(AN39-AVERAGE(AN$2:AN$229))/AVERAGE(AN$2:AN$229)*100+100 -> 105.17563 | S39: =(AO39-AVERAGE(AO$2:AO$229))/AVERAGE(AO$2:AO$229)*100+100 -> 105.81642 | T39: =(F39*1.5+H39*2.5+I39+J39+K39*1.5+L39+O39*0.75+P39+S39)/11.25 -> 117.09208 | V39: ='2025_Fantasy_Hitters_modified'!F163 -> 152.65607 | W39: ='2025_Fantasy_Hitters_modified'!G163 -> 99.403121 | X39: ='2025_Fantasy_Hitters_modified'!H163 -> 29.967288 | Y39: ='2025_Fantasy_Hitters_modified'!I163 -> 4.063592 | Z39: ='2025_Fantasy_Hitters_modified'!J163 -> 20.8 | AA39: ='2025_Fantasy_Hitters_modified'!K163 -> 79.050932 | AB39: ='2025_Fantasy_Hitters_modified'!L163 -> 79 | AC39: ='2025_Fantasy_Hitters_modified'!M163 -> 57.882298 | ... AR39: ='2025_Fantasy_Hitters_modified'!AB163 -> 9.0159343
A40: ='2025_Fantasy_Hitters_modified'!A197 -> STL | B40: ='2025_Fantasy_Hitters_modified'!B197 -> Willson Contreras | C40: ='2025_Fantasy_Hitters_modified'!D197 -> 474 | D40: ='2025_Fantasy_Hitters_modified'!E197 -> 552 | E40: =(V40-AVERAGE(V$2:V$229))/AVERAGE(V$2:V$229)*100+100 -> 99.926565 | F40: =E40*1.51744-31.775 -> 119.85757 | G40: =(Z40-AVERAGE(Z$2:Z$229))/AVERAGE(Z$2:Z$229)*100+100 -> 112.94186 | H40: =G40*0.83285-13.6979 -> 80.365724 | I40: =(AA40-AVERAGE(AA$2:AA$229))/AVERAGE(AA$2:AA$229)*100+100 -> 104.20088 | J40: =(AB40-AVERAGE(AB$2:AB$229))/AVERAGE(AB$2:AB$229)*100+100 -> 106.02476 | K40: =(AC40-AVERAGE(AC$2:AC$229))/AVERAGE(AC$2:AC$229)*100+100 -> 127.06837 | L40: =(AF40-AVERAGE(AF$2:AF$229))/AVERAGE(AF$2:AF$229)*100+100 -> 292.36659 | M40: =(AI40-AVERAGE(AI$2:AI$229))/AVERAGE(AI$2:AI$229)*100+100 -> 56.863818 | N40: =(AVERAGE(AJ$2:AJ$229)-AJ40)/AVERAGE(AJ$2:AJ$229)*100+100 -> 126.9271 | O40: =(AK40-AVERAGE(AK$2:AK$229))/AVERAGE(AK$2:AK$229)*100+100 -> 51.186684 | P40: =(AL40-AVERAGE(AL$2:AL$229))/AVERAGE(AL$2:AL$229)*100+100 -> 99.264904 | Q40: =(AM40-AVERAGE(AM$2:AM$229))/AVERAGE(AM$2:AM$229)*100+100 -> 110.56605 | R40: =(AN40-AVERAGE(AN$2:AN$229))/AVERAGE(AN$2:AN$229)*100+100 -> 101.31857 | S40: =(AO40-AVERAGE(AO$2:AO$229))/AVERAGE(AO$2:AO$229)*100+100 -> 105.35311 | T40: =(F40*1.5+H40*2.5+I40+J40+K40*1.5+L40+O40*0.75+P40+S40)/11.25 -> 117.05809 | V40: ='2025_Fantasy_Hitters_modified'!F197 -> 117.38461 | W40: ='2025_Fantasy_Hitters_modified'!G197 -> 73.193358 | X40: ='2025_Fantasy_Hitters_modified'!H197 -> 22.179805 | Y40: ='2025_Fantasy_Hitters_modified'!I197 -> 1.0124179 | Z40: ='2025_Fantasy_Hitters_modified'!J197 -> 20.6 | AA40: ='2025_Fantasy_Hitters_modified'!K197 -> 68.712292 | AB40: ='2025_Fantasy_Hitters_modified'!L197 -> 68 | AC40: ='2025_Fantasy_Hitters_modified'!M197 -> 58.068439 | ... AR40: ='2025_Fantasy_Hitters_modified'!AB197 -> 10.519645
A41: ='2025_Fantasy_Hitters_modified'!A51 -> CHC | B41: ='2025_Fantasy_Hitters_modified'!B51 -> Ian Happ | C41: ='2025_Fantasy_Hitters_modified'!D51 -> 559 | D41: ='2025_Fantasy_Hitters_modified'!E51 -> 647 | E41: =(V41-AVERAGE(V$2:V$229))/AVERAGE(V$2:V$229)*100+100 -> 114.42635 | F41: =E41*1.51744-31.775 -> 141.86012 | G41: =(Z41-AVERAGE(Z$2:Z$229))/AVERAGE(Z$2:Z$229)*100+100 -> 118.42447 | H41: =G41*0.83285-13.6979 -> 84.93192 | I41: =(AA41-AVERAGE(AA$2:AA$229))/AVERAGE(AA$2:AA$229)*100+100 -> 125.61878 | J41: =(AB41-AVERAGE(AB$2:AB$229))/AVERAGE(AB$2:AB$229)*100+100 -> 120.05744 | K41: =(AC41-AVERAGE(AC$2:AC$229))/AVERAGE(AC$2:AC$229)*100+100 -> 166.32049 | L41: =(AF41-AVERAGE(AF$2:AF$229))/AVERAGE(AF$2:AF$229)*100+100 -> 102.60743 | M41: =(AI41-AVERAGE(AI$2:AI$229))/AVERAGE(AI$2:AI$229)*100+100 -> 114.25349 | N41: =(AVERAGE(AJ$2:AJ$229)-AJ41)/AVERAGE(AJ$2:AJ$229)*100+100 -> 89.883836 | O41: =(AK41-AVERAGE(AK$2:AK$229))/AVERAGE(AK$2:AK$229)*100+100 -> 115.70256 | P41: =(AL41-AVERAGE(AL$2:AL$229))/AVERAGE(AL$2:AL$229)*100+100 -> 96.384536 | Q41: =(AM41-AVERAGE(AM$2:AM$229))/AVERAGE(AM$2:AM$229)*100+100 -> 104.16758 | R41: =(AN41-AVERAGE(AN$2:AN$229))/AVERAGE(AN$2:AN$229)*100+100 -> 98.015359 | S41: =(AO41-AVERAGE(AO$2:AO$229))/AVERAGE(AO$2:AO$229)*100+100 -> 100.69948 | T41: =(F41*1.5+H41*2.5+I41+J41+K41*1.5+L41+O41*0.75+P41+S41)/11.25 -> 116.15514 | V41: ='2025_Fantasy_Hitters_modified'!F51 -> 134.41763 | W41: ='2025_Fantasy_Hitters_modified'!G51 -> 81.268631 | X41: ='2025_Fantasy_Hitters_modified'!H51 -> 28.953198 | Y41: ='2025_Fantasy_Hitters_modified'!I51 -> 2.0039036 | Z41: ='2025_Fantasy_Hitters_modified'!J51 -> 21.6 | AA41: ='2025_Fantasy_Hitters_modified'!K51 -> 82.835714 | AB41: ='2025_Fantasy_Hitters_modified'!L51 -> 77 | AC41: ='2025_Fantasy_Hitters_modified'!M51 -> 76.006101 | ... AR41: ='2025_Fantasy_Hitters_modified'!AB51 -> 11.747465
A42: ='2025_Fantasy_Hitters_modified'!A22 -> ATL | B42: ='2025_Fantasy_Hitters_modified'!B22 -> Marcell Ozuna | C42: ='2025_Fantasy_Hitters_modified'!D22 -> 557 | D42: ='2025_Fantasy_Hitters_modified'!E22 -> 625 | E42: =(V42-AVERAGE(V$2:V$229))/AVERAGE(V$2:V$229)*100+100 -> 121.02166 | F42: =E42*1.51744-31.775 -> 151.8681 | G42: =(Z42-AVERAGE(Z$2:Z$229))/AVERAGE(Z$2:Z$229)*100+100 -> 171.05757 | H42: =G42*0.83285-13.6979 -> 128.7674 | I42: =(AA42-AVERAGE(AA$2:AA$229))/AVERAGE(AA$2:AA$229)*100+100 -> 122.42903 | J42: =(AB42-AVERAGE(AB$2:AB$229))/AVERAGE(AB$2:AB$229)*100+100 -> 143.44526 | K42: =(AC42-AVERAGE(AC$2:AC$229))/AVERAGE(AC$2:AC$229)*100+100 -> 135.26687 | L42: =(AF42-AVERAGE(AF$2:AF$229))/AVERAGE(AF$2:AF$229)*100+100 -> 66.880519 | M42: =(AI42-AVERAGE(AI$2:AI$229))/AVERAGE(AI$2:AI$229)*100+100 -> 9.4991936 | N42: =(AVERAGE(AJ$2:AJ$229)-AJ42)/AVERAGE(AJ$2:AJ$229)*100+100 -> 200 | O42: =(AK42-AVERAGE(AK$2:AK$229))/AVERAGE(AK$2:AK$229)*100+100 -> 12.826229 | P42: =(AL42-AVERAGE(AL$2:AL$229))/AVERAGE(AL$2:AL$229)*100+100 -> 102.30598 | Q42: =(AM42-AVERAGE(AM$2:AM$229))/AVERAGE(AM$2:AM$229)*100+100 -> 102.49556 | R42: =(AN42-AVERAGE(AN$2:AN$229))/AVERAGE(AN$2:AN$229)*100+100 -> 112.81027 | S42: =(AO42-AVERAGE(AO$2:AO$229))/AVERAGE(AO$2:AO$229)*100+100 -> 108.31011 | T42: =(F42*1.5+H42*2.5+I42+J42+K42*1.5+L42+O42*0.75+P42+S42)/11.25 -> 116.05436 | V42: ='2025_Fantasy_Hitters_modified'!F22 -> 142.16519 | W42: ='2025_Fantasy_Hitters_modified'!G22 -> 84.107689 | X42: ='2025_Fantasy_Hitters_modified'!H22 -> 27.741299 | Y42: ='2025_Fantasy_Hitters_modified'!I22 -> 0.39987457 | Z42: ='2025_Fantasy_Hitters_modified'!J22 -> 31.2 | AA42: ='2025_Fantasy_Hitters_modified'!K22 -> 80.732331 | AB42: ='2025_Fantasy_Hitters_modified'!L22 -> 92 | AC42: ='2025_Fantasy_Hitters_modified'!M22 -> 61.815038 | ... AR42: ='2025_Fantasy_Hitters_modified'!AB22 -> 9.890406
A43: ='2025_Fantasy_Hitters_modified'!A106 -> LAA | B43: ='2025_Fantasy_Hitters_modified'!B106 -> Taylor Ward | C43: ='2025_Fantasy_Hitters_modified'!D106 -> 562 | D43: ='2025_Fantasy_Hitters_modified'!E106 -> 639 | E43: =(V43-AVERAGE(V$2:V$229))/AVERAGE(V$2:V$229)*100+100 -> 120.33572 | F43: =E43*1.51744-31.775 -> 150.82724 | G43: =(Z43-AVERAGE(Z$2:Z$229))/AVERAGE(Z$2:Z$229)*100+100 -> 131.58274 | H43: =G43*0.83285-13.6979 -> 95.890789 | I43: =(AA43-AVERAGE(AA$2:AA$229))/AVERAGE(AA$2:AA$229)*100+100 -> 121.65615 | J43: =(AB43-AVERAGE(AB$2:AB$229))/AVERAGE(AB$2:AB$229)*100+100 -> 115.37988 | K43: =(AC43-AVERAGE(AC$2:AC$229))/AVERAGE(AC$2:AC$229)*100+100 -> 135.78341 | L43: =(AF43-AVERAGE(AF$2:AF$229))/AVERAGE(AF$2:AF$229)*100+100 -> 136.26946 | M43: =(AI43-AVERAGE(AI$2:AI$229))/AVERAGE(AI$2:AI$229)*100+100 -> 66.844803 | N43: =(AVERAGE(AJ$2:AJ$229)-AJ43)/AVERAGE(AJ$2:AJ$229)*100+100 -> 122.71667 | O43: =(AK43-AVERAGE(AK$2:AK$229))/AVERAGE(AK$2:AK$229)*100+100 -> 63.188771 | P43: =(AL43-AVERAGE(AL$2:AL$229))/AVERAGE(AL$2:AL$229)*100+100 -> 100.82109 | Q43: =(AM43-AVERAGE(AM$2:AM$229))/AVERAGE(AM$2:AM$229)*100+100 -> 102.79181 | R43: =(AN43-AVERAGE(AN$2:AN$229))/AVERAGE(AN$2:AN$229)*100+100 -> 102.08353 | S43: =(AO43-AVERAGE(AO$2:AO$229))/AVERAGE(AO$2:AO$229)*100+100 -> 102.39254 | T43: =(F43*1.5+H43*2.5+I43+J43+K43*1.5+L43+O43*0.75+P43+S43)/11.25 -> 114.98255 | V43: ='2025_Fantasy_Hitters_modified'!F106 -> 141.35942 | W43: ='2025_Fantasy_Hitters_modified'!G106 -> 87.533075 | X43: ='2025_Fantasy_Hitters_modified'!H106 -> 27.383865 | Y43: ='2025_Fantasy_Hitters_modified'!I106 -> 1.3975003 | Z43: ='2025_Fantasy_Hitters_modified'!J106 -> 24 | AA43: ='2025_Fantasy_Hitters_modified'!K106 -> 80.222671 | AB43: ='2025_Fantasy_Hitters_modified'!L106 -> 74 | AC43: ='2025_Fantasy_Hitters_modified'!M106 -> 62.051087 | ... AR43: ='2025_Fantasy_Hitters_modified'!AB106 -> 9.7106552
A44: ='2025_Fantasy_Hitters_modified'!A207 -> TEX | B44: ='2025_Fantasy_Hitters_modified'!B207 -> Corey Seager | C44: ='2025_Fantasy_Hitters_modified'!D207 -> 486 | D44: ='2025_Fantasy_Hitters_modified'!E207 -> 550 | E44: =(V44-AVERAGE(V$2:V$229))/AVERAGE(V$2:V$229)*100+100 -> 116.62445 | F44: =E44*1.51744-31.775 -> 145.19561 | G44: =(Z44-AVERAGE(Z$2:Z$229))/AVERAGE(Z$2:Z$229)*100+100 -> 168.86452 | H44: =G44*0.83285-13.6979 -> 126.94092 | I44: =(AA44-AVERAGE(AA$2:AA$229))/AVERAGE(AA$2:AA$229)*100+100 -> 119.11541 | J44: =(AB44-AVERAGE(AB$2:AB$229))/AVERAGE(AB$2:AB$229)*100+100 -> 129.41257 | K44: =(AC44-AVERAGE(AC$2:AC$229))/AVERAGE(AC$2:AC$229)*100+100 -> 120.44202 | L44: =(AF44-AVERAGE(AF$2:AF$229))/AVERAGE(AF$2:AF$229)*100+100 -> 85.300301 | M44: =(AI44-AVERAGE(AI$2:AI$229))/AVERAGE(AI$2:AI$229)*100+100 -> 19.127357 | N44: =(AVERAGE(AJ$2:AJ$229)-AJ44)/AVERAGE(AJ$2:AJ$229)*100+100 -> 163.13056 | O44: =(AK44-AVERAGE(AK$2:AK$229))/AVERAGE(AK$2:AK$229)*100+100 -> 12.913299 | P44: =(AL44-AVERAGE(AL$2:AL$229))/AVERAGE(AL$2:AL$229)*100+100 -> 112.99168 | Q44: =(AM44-AVERAGE(AM$2:AM$229))/AVERAGE(AM$2:AM$229)*100+100 -> 113.23139 | R44: =(AN44-AVERAGE(AN$2:AN$229))/AVERAGE(AN$2:AN$229)*100+100 -> 126.03839 | S44: =(AO44-AVERAGE(AO$2:AO$229))/AVERAGE(AO$2:AO$229)*100+100 -> 120.45088 | T44: =(F44*1.5+H44*2.5+I44+J44+K44*1.5+L44+O44*0.75+P44+S44)/11.25 -> 114.9124 | V44: ='2025_Fantasy_Hitters_modified'!F207 -> 136.99976 | W44: ='2025_Fantasy_Hitters_modified'!G207 -> 78.09156 | X44: ='2025_Fantasy_Hitters_modified'!H207 -> 27.308509 | Y44: ='2025_Fantasy_Hitters_modified'!I207 -> 1.0000832 | Z44: ='2025_Fantasy_Hitters_modified'!J207 -> 30.8 | AA44: ='2025_Fantasy_Hitters_modified'!K207 -> 78.547253 | AB44: ='2025_Fantasy_Hitters_modified'!L207 -> 83 | AC44: ='2025_Fantasy_Hitters_modified'!M207 -> 55.040293 | ... AR44: ='2025_Fantasy_Hitters_modified'!AB207 -> 10.007326
A45: ='2025_Fantasy_Hitters_modified'!A215 -> TOR | B45: ='2025_Fantasy_Hitters_modified'!B215 -> Andres Gimenez | C45: ='2025_Fantasy_Hitters_modified'!D215 -> 539 | D45: ='2025_Fantasy_Hitters_modified'!E215 -> 596 | E45: =(V45-AVERAGE(V$2:V$229))/AVERAGE(V$2:V$229)*100+100 -> 118.21024 | F45: =E45*1.51744-31.775 -> 147.60194 | G45: =(Z45-AVERAGE(Z$2:Z$229))/AVERAGE(Z$2:Z$229)*100+100 -> 60.308758 | H45: =G45*0.83285-13.6979 -> 36.530249 | I45: =(AA45-AVERAGE(AA$2:AA$229))/AVERAGE(AA$2:AA$229)*100+100 -> 105.93845 | J45: =(AB45-AVERAGE(AB$2:AB$229))/AVERAGE(AB$2:AB$229)*100+100 -> 91.992067 | K45: =(AC45-AVERAGE(AC$2:AC$229))/AVERAGE(AC$2:AC$229)*100+100 -> 67.808669 | L45: =(AF45-AVERAGE(AF$2:AF$229))/AVERAGE(AF$2:AF$229)*100+100 -> 279.10303 | M45: =(AI45-AVERAGE(AI$2:AI$229))/AVERAGE(AI$2:AI$229)*100+100 -> 247.76849 | N45: =(AVERAGE(AJ$2:AJ$229)-AJ45)/AVERAGE(AJ$2:AJ$229)*100+100 -> 16.973414 | O45: =(AK45-AVERAGE(AK$2:AK$229))/AVERAGE(AK$2:AK$229)*100+100 -> 270.44395 | P45: =(AL45-AVERAGE(AL$2:AL$229))/AVERAGE(AL$2:AL$229)*100+100 -> 103.26649 | Q45: =(AM45-AVERAGE(AM$2:AM$229))/AVERAGE(AM$2:AM$229)*100+100 -> 99.879549 | R45: =(AN45-AVERAGE(AN$2:AN$229))/AVERAGE(AN$2:AN$229)*100+100 -> 88.682237 | S45: =(AO45-AVERAGE(AO$2:AO$229))/AVERAGE(AO$2:AO$229)*100+100 -> 93.567465 | T45: =(F45*1.5+H45*2.5+I45+J45+K45*1.5+L45+O45*0.75+P45+S45)/11.25 -> 114.76818 | V45: ='2025_Fantasy_Hitters_modified'!F215 -> 138.86259 | W45: ='2025_Fantasy_Hitters_modified'!G215 -> 98.665623 | X45: ='2025_Fantasy_Hitters_modified'!H215 -> 25.169802 | Y45: ='2025_Fantasy_Hitters_modified'!I215 -> 3.0109375 | Z45: ='2025_Fantasy_Hitters_modified'!J215 -> 11 | AA45: ='2025_Fantasy_Hitters_modified'!K215 -> 69.858085 | AB45: ='2025_Fantasy_Hitters_modified'!L215 -> 59 | AC45: ='2025_Fantasy_Hitters_modified'!M215 -> 30.987598 | ... AR45: ='2025_Fantasy_Hitters_modified'!AB215 -> 5.1992614
A46: ='2025_Fantasy_Hitters_modified'!A174 -> SDP | B46: ='2025_Fantasy_Hitters_modified'!B174 -> Manny Machado | C46: ='2025_Fantasy_Hitters_modified'!D174 -> 575 | D46: ='2025_Fantasy_Hitters_modified'!E174 -> 631 | E46: =(V46-AVERAGE(V$2:V$229))/AVERAGE(V$2:V$229)*100+100 -> 127.777 | F46: =E46*1.51744-31.775 -> 162.11893 | G46: =(Z46-AVERAGE(Z$2:Z$229))/AVERAGE(Z$2:Z$229)*100+100 -> 161.18886 | H46: =G46*0.83285-13.6979 -> 120.54824 | I46: =(AA46-AVERAGE(AA$2:AA$229))/AVERAGE(AA$2:AA$229)*100+100 -> 121.65688 | J46: =(AB46-AVERAGE(AB$2:AB$229))/AVERAGE(AB$2:AB$229)*100+100 -> 148.12282 | K46: =(AC46-AVERAGE(AC$2:AC$229))/AVERAGE(AC$2:AC$229)*100+100 -> 111.44553 | L46: =(AF46-AVERAGE(AF$2:AF$229))/AVERAGE(AF$2:AF$229)*100+100 -> 32.496268 | M46: =(AI46-AVERAGE(AI$2:AI$229))/AVERAGE(AI$2:AI$229)*100+100 -> 76.062529 | N46: =(AVERAGE(AJ$2:AJ$229)-AJ46)/AVERAGE(AJ$2:AJ$229)*100+100 -> 126.69183 | O46: =(AK46-AVERAGE(AK$2:AK$229))/AVERAGE(AK$2:AK$229)*100+100 -> 77.027228 | P46: =(AL46-AVERAGE(AL$2:AL$229))/AVERAGE(AL$2:AL$229)*100+100 -> 104.63523 | Q46: =(AM46-AVERAGE(AM$2:AM$229))/AVERAGE(AM$2:AM$229)*100+100 -> 99.68414 | R46: =(AN46-AVERAGE(AN$2:AN$229))/AVERAGE(AN$2:AN$229)*100+100 -> 109.31673 | S46: =(AO46-AVERAGE(AO$2:AO$229))/AVERAGE(AO$2:AO$229)*100+100 -> 105.11417 | T46: =(F46*1.5+H46*2.5+I46+J46+K46*1.5+L46+O46*0.75+P46+S46)/11.25 -> 113.91227 | V46: ='2025_Fantasy_Hitters_modified'!F174 -> 150.10075 | W46: ='2025_Fantasy_Hitters_modified'!G174 -> 93.974276 | X46: ='2025_Fantasy_Hitters_modified'!H174 -> 25.572193 | Y46: ='2025_Fantasy_Hitters_modified'!I174 -> 0.98779491 | Z46: ='2025_Fantasy_Hitters_modified'!J174 -> 29.4 | AA46: ='2025_Fantasy_Hitters_modified'!K174 -> 80.223158 | AB46: ='2025_Fantasy_Hitters_modified'!L174 -> 95 | AC46: ='2025_Fantasy_Hitters_modified'!M174 -> 50.929023 | ... AR46: ='2025_Fantasy_Hitters_modified'!AB174 -> 8.0711605
A47: ='2025_Fantasy_Hitters_modified'!A59 -> CHW | B47: ='2025_Fantasy_Hitters_modified'!B59 -> Luis Robert Jr. | C47: ='2025_Fantasy_Hitters_modified'!D59 -> 529 | D47: ='2025_Fantasy_Hitters_modified'!E59 -> 574 | E47: =(V47-AVERAGE(V$2:V$229))/AVERAGE(V$2:V$229)*100+100 -> 112.62559 | F47: =E47*1.51744-31.775 -> 139.12757 | G47: =(Z47-AVERAGE(Z$2:Z$229))/AVERAGE(Z$2:Z$229)*100+100 -> 127.19665 | H47: =G47*0.83285-13.6979 -> 92.237832 | I47: =(AA47-AVERAGE(AA$2:AA$229))/AVERAGE(AA$2:AA$229)*100+100 -> 111.88694 | J47: =(AB47-AVERAGE(AB$2:AB$229))/AVERAGE(AB$2:AB$229)*100+100 -> 106.02476 | K47: =(AC47-AVERAGE(AC$2:AC$229))/AVERAGE(AC$2:AC$229)*100+100 -> 78.424123 | L47: =(AF47-AVERAGE(AF$2:AF$229))/AVERAGE(AF$2:AF$229)*100+100 -> 136.89989 | M47: =(AI47-AVERAGE(AI$2:AI$229))/AVERAGE(AI$2:AI$229)*100+100 -> 219.73165 | N47: =(AVERAGE(AJ$2:AJ$229)-AJ47)/AVERAGE(AJ$2:AJ$229)*100+100 -> -18.440078 | O47: =(AK47-AVERAGE(AK$2:AK$229))/AVERAGE(AK$2:AK$229)*100+100 -> 220.18401 | P47: =(AL47-AVERAGE(AL$2:AL$229))/AVERAGE(AL$2:AL$229)*100+100 -> 100.24772 | Q47: =(AM47-AVERAGE(AM$2:AM$229))/AVERAGE(AM$2:AM$229)*100+100 -> 95.631413 | R47: =(AN47-AVERAGE(AN$2:AN$229))/AVERAGE(AN$2:AN$229)*100+100 -> 103.90308 | S47: =(AO47-AVERAGE(AO$2:AO$229))/AVERAGE(AO$2:AO$229)*100+100 -> 100.29427 | T47: =(F47*1.5+H47*2.5+I47+J47+K47*1.5+L47+O47*0.75+P47+S47)/11.25 -> 113.54788 | V47: ='2025_Fantasy_Hitters_modified'!F59 -> 132.30226 | W47: ='2025_Fantasy_Hitters_modified'!G59 -> 79.665233 | X47: ='2025_Fantasy_Hitters_modified'!H59 -> 27.790197 | Y47: ='2025_Fantasy_Hitters_modified'!I59 -> 1.4257248 | Z47: ='2025_Fantasy_Hitters_modified'!J59 -> 23.2 | AA47: ='2025_Fantasy_Hitters_modified'!K59 -> 73.780645 | AB47: ='2025_Fantasy_Hitters_modified'!L59 -> 68 | AC47: ='2025_Fantasy_Hitters_modified'!M59 -> 35.83871 | ... AR47: ='2025_Fantasy_Hitters_modified'!AB59 -> 6.2436776
A48: ='2025_Fantasy_Hitters_modified'!A188 -> SFG | B48: ='2025_Fantasy_Hitters_modified'!B188 -> Willy Adames | C48: ='2025_Fantasy_Hitters_modified'!D188 -> 571 | D48: ='2025_Fantasy_Hitters_modified'!E188 -> 642 | E48: =(V48-AVERAGE(V$2:V$229))/AVERAGE(V$2:V$229)*100+100 -> 119.0354 | F48: =E48*1.51744-31.775 -> 148.85408 | G48: =(Z48-AVERAGE(Z$2:Z$229))/AVERAGE(Z$2:Z$229)*100+100 -> 137.06536 | H48: =G48*0.83285-13.6979 -> 100.45698 | I48: =(AA48-AVERAGE(AA$2:AA$229))/AVERAGE(AA$2:AA$229)*100+100 -> 120.67667 | J48: =(AB48-AVERAGE(AB$2:AB$229))/AVERAGE(AB$2:AB$229)*100+100 -> 129.41257 | K48: =(AC48-AVERAGE(AC$2:AC$229))/AVERAGE(AC$2:AC$229)*100+100 -> 138.08065 | L48: =(AF48-AVERAGE(AF$2:AF$229))/AVERAGE(AF$2:AF$229)*100+100 -> 49.476231 | M48: =(AI48-AVERAGE(AI$2:AI$229))/AVERAGE(AI$2:AI$229)*100+100 -> 124.59518 | N48: =(AVERAGE(AJ$2:AJ$229)-AJ48)/AVERAGE(AJ$2:AJ$229)*100+100 -> 86.446304 | O48: =(AK48-AVERAGE(AK$2:AK$229))/AVERAGE(AK$2:AK$229)*100+100 -> 128.46239 | P48: =(AL48-AVERAGE(AL$2:AL$229))/AVERAGE(AL$2:AL$229)*100+100 -> 98.159681 | Q48: =(AM48-AVERAGE(AM$2:AM$229))/AVERAGE(AM$2:AM$229)*100+100 -> 99.157239 | R48: =(AN48-AVERAGE(AN$2:AN$229))/AVERAGE(AN$2:AN$229)*100+100 -> 101.75779 | S48: =(AO48-AVERAGE(AO$2:AO$229))/AVERAGE(AO$2:AO$229)*100+100 -> 100.62321 | T48: =(F48*1.5+H48*2.5+I48+J48+K48*1.5+L48+O48*0.75+P48+S48)/11.25 -> 113.44353 | V48: ='2025_Fantasy_Hitters_modified'!F188 -> 139.83192 | W48: ='2025_Fantasy_Hitters_modified'!G188 -> 83.048085 | X48: ='2025_Fantasy_Hitters_modified'!H188 -> 29.733265 | Y48: ='2025_Fantasy_Hitters_modified'!I188 -> 1.025285 | Z48: ='2025_Fantasy_Hitters_modified'!J188 -> 25 | AA48: ='2025_Fantasy_Hitters_modified'!K188 -> 79.576786 | AB48: ='2025_Fantasy_Hitters_modified'!L188 -> 83 | AC48: ='2025_Fantasy_Hitters_modified'!M188 -> 63.100893 | ... AR48: ='2025_Fantasy_Hitters_modified'!AB188 -> 9.8287995
A49: ='2025_Fantasy_Hitters_modified'!A95 -> KCR | B49: ='2025_Fantasy_Hitters_modified'!B95 -> Jonathan India | C49: ='2025_Fantasy_Hitters_modified'!D95 -> 493 | D49: ='2025_Fantasy_Hitters_modified'!E95 -> 576 | E49: =(V49-AVERAGE(V$2:V$229))/AVERAGE(V$2:V$229)*100+100 -> 106.96888 | F49: =E49*1.51744-31.775 -> 130.54386 | G49: =(Z49-AVERAGE(Z$2:Z$229))/AVERAGE(Z$2:Z$229)*100+100 -> 76.756601 | H49: =G49*0.83285-13.6979 -> 50.228835 | I49: =(AA49-AVERAGE(AA$2:AA$229))/AVERAGE(AA$2:AA$229)*100+100 -> 113.59283 | J49: =(AB49-AVERAGE(AB$2:AB$229))/AVERAGE(AB$2:AB$229)*100+100 -> 88.873692 | K49: =(AC49-AVERAGE(AC$2:AC$229))/AVERAGE(AC$2:AC$229)*100+100 -> 133.90446 | L49: =(AF49-AVERAGE(AF$2:AF$229))/AVERAGE(AF$2:AF$229)*100+100 -> 258.96056 | M49: =(AI49-AVERAGE(AI$2:AI$229))/AVERAGE(AI$2:AI$229)*100+100 -> 114.31392 | N49: =(AVERAGE(AJ$2:AJ$229)-AJ49)/AVERAGE(AJ$2:AJ$229)*100+100 -> 93.392189 | O49: =(AK49-AVERAGE(AK$2:AK$229))/AVERAGE(AK$2:AK$229)*100+100 -> 117.01294 | P49: =(AL49-AVERAGE(AL$2:AL$229))/AVERAGE(AL$2:AL$229)*100+100 -> 102.16535 | Q49: =(AM49-AVERAGE(AM$2:AM$229))/AVERAGE(AM$2:AM$229)*100+100 -> 110.63646 | R49: =(AN49-AVERAGE(AN$2:AN$229))/AVERAGE(AN$2:AN$229)*100+100 -> 95.558839 | S49: =(AO49-AVERAGE(AO$2:AO$229))/AVERAGE(AO$2:AO$229)*100+100 -> 102.13699 | T49: =(F49*1.5+H49*2.5+I49+J49+K49*1.5+L49+O49*0.75+P49+S49)/11.25 -> 113.39855 | V49: ='2025_Fantasy_Hitters_modified'!F95 -> 125.65728 | W49: ='2025_Fantasy_Hitters_modified'!G95 -> 82.681202 | X49: ='2025_Fantasy_Hitters_modified'!H95 -> 27.159878 | Y49: ='2025_Fantasy_Hitters_modified'!I95 -> 2.0413073 | Z49: ='2025_Fantasy_Hitters_modified'!J95 -> 14 | AA49: ='2025_Fantasy_Hitters_modified'!K95 -> 74.905546 | AB49: ='2025_Fantasy_Hitters_modified'!L95 -> 57 | AC49: ='2025_Fantasy_Hitters_modified'!M95 -> 61.192437 | ... AR49: ='2025_Fantasy_Hitters_modified'!AB95 -> 10.623687
A50: ='2025_Fantasy_Hitters_modified'!A128 -> MIL | B50: ='2025_Fantasy_Hitters_modified'!B128 -> William Contreras | C50: ='2025_Fantasy_Hitters_modified'!D128 -> 546 | D50: ='2025_Fantasy_Hitters_modified'!E128 -> 620 | E50: =(V50-AVERAGE(V$2:V$229))/AVERAGE(V$2:V$229)*100+100 -> 124.14699 | F50: =E50*1.51744-31.775 -> 156.61061 | G50: =(Z50-AVERAGE(Z$2:Z$229))/AVERAGE(Z$2:Z$229)*100+100 -> 128.29318 | H50: =G50*0.83285-13.6979 -> 93.151071 | I50: =(AA50-AVERAGE(AA$2:AA$229))/AVERAGE(AA$2:AA$229)*100+100 -> 120.29133 | J50: =(AB50-AVERAGE(AB$2:AB$229))/AVERAGE(AB$2:AB$229)*100+100 -> 129.41257 | K50: =(AC50-AVERAGE(AC$2:AC$229))/AVERAGE(AC$2:AC$229)*100+100 -> 138.81137 | L50: =(AF50-AVERAGE(AF$2:AF$229))/AVERAGE(AF$2:AF$229)*100+100 -> 82.396547 | M50: =(AI50-AVERAGE(AI$2:AI$229))/AVERAGE(AI$2:AI$229)*100+100 -> 66.832623 | N50: =(AVERAGE(AJ$2:AJ$229)-AJ50)/AVERAGE(AJ$2:AJ$229)*100+100 -> 126.38572 | O50: =(AK50-AVERAGE(AK$2:AK$229))/AVERAGE(AK$2:AK$229)*100+100 -> 64.45739 | P50: =(AL50-AVERAGE(AL$2:AL$229))/AVERAGE(AL$2:AL$229)*100+100 -> 107.06233 | Q50: =(AM50-AVERAGE(AM$2:AM$229))/AVERAGE(AM$2:AM$229)*100+100 -> 107.70466 | R50: =(AN50-AVERAGE(AN$2:AN$229))/AVERAGE(AN$2:AN$229)*100+100 -> 107.61281 | S50: =(AO50-AVERAGE(AO$2:AO$229))/AVERAGE(AO$2:AO$229)*100+100 -> 107.65288 | T50: =(F50*1.5+H50*2.5+I50+J50+K50*1.5+L50+O50*0.75+P50+S50)/11.25 -> 112.99283 | V50: ='2025_Fantasy_Hitters_modified'!F128 -> 145.83655 | W50: ='2025_Fantasy_Hitters_modified'!G128 -> 93.446737 | X50: ='2025_Fantasy_Hitters_modified'!H128 -> 28.568529 | Y50: ='2025_Fantasy_Hitters_modified'!I128 -> 1.3887702 | Z50: ='2025_Fantasy_Hitters_modified'!J128 -> 23.4 | AA50: ='2025_Fantasy_Hitters_modified'!K128 -> 79.322684 | AB50: ='2025_Fantasy_Hitters_modified'!L128 -> 83 | AC50: ='2025_Fantasy_Hitters_modified'!M128 -> 63.434824 | ... AR50: ='2025_Fantasy_Hitters_modified'!AB128 -> 10.231423
A51: ='2025_Fantasy_Hitters_modified'!A75 -> COL | B51: ='2025_Fantasy_Hitters_modified'!B75 -> Brenton Doyle | C51: ='2025_Fantasy_Hitters_modified'!D75 -> 544 | D51: ='2025_Fantasy_Hitters_modified'!E75 -> 596 | E51: =(V51-AVERAGE(V$2:V$229))/AVERAGE(V$2:V$229)*100+100 -> 117.53925 | F51: =E51*1.51744-31.775 -> 146.58375 | G51: =(Z51-AVERAGE(Z$2:Z$229))/AVERAGE(Z$2:Z$229)*100+100 -> 115.1349 | H51: =G51*0.83285-13.6979 -> 82.192202 | I51: =(AA51-AVERAGE(AA$2:AA$229))/AVERAGE(AA$2:AA$229)*100+100 -> 117.84311 | J51: =(AB51-AVERAGE(AB$2:AB$229))/AVERAGE(AB$2:AB$229)*100+100 -> 106.02476 | K51: =(AC51-AVERAGE(AC$2:AC$229))/AVERAGE(AC$2:AC$229)*100+100 -> 87.210227 | L51: =(AF51-AVERAGE(AF$2:AF$229))/AVERAGE(AF$2:AF$229)*100+100 -> 84.195537 | M51: =(AI51-AVERAGE(AI$2:AI$229))/AVERAGE(AI$2:AI$229)*100+100 -> 256.20949 | N51: =(AVERAGE(AJ$2:AJ$229)-AJ51)/AVERAGE(AJ$2:AJ$229)*100+100 -> -18.761054 | O51: =(AK51-AVERAGE(AK$2:AK$229))/AVERAGE(AK$2:AK$229)*100+100 -> 269.32558 | P51: =(AL51-AVERAGE(AL$2:AL$229))/AVERAGE(AL$2:AL$229)*100+100 -> 101.73658 | Q51: =(AM51-AVERAGE(AM$2:AM$229))/AVERAGE(AM$2:AM$229)*100+100 -> 95.378854 | R51: =(AN51-AVERAGE(AN$2:AN$229))/AVERAGE(AN$2:AN$229)*100+100 -> 102.56703 | S51: =(AO51-AVERAGE(AO$2:AO$229))/AVERAGE(AO$2:AO$229)*100+100 -> 99.430931 | T51: =(F51*1.5+H51*2.5+I51+J51+K51*1.5+L51+O51*0.75+P51+S51)/11.25 -> 112.65747 | V51: ='2025_Fantasy_Hitters_modified'!F75 -> 138.07438 | W51: ='2025_Fantasy_Hitters_modified'!G75 -> 87.459102 | X51: ='2025_Fantasy_Hitters_modified'!H75 -> 26.016528 | Y51: ='2025_Fantasy_Hitters_modified'!I75 -> 4.1153963 | Z51: ='2025_Fantasy_Hitters_modified'!J75 -> 21 | AA51: ='2025_Fantasy_Hitters_modified'!K75 -> 77.708271 | AB51: ='2025_Fantasy_Hitters_modified'!L75 -> 68 | AC51: ='2025_Fantasy_Hitters_modified'!M75 -> 39.853835 | ... AR51: ='2025_Fantasy_Hitters_modified'!AB75 -> 6.686885
A52: ='2025_Fantasy_Hitters_modified'!A66 -> CIN | B52: ='2025_Fantasy_Hitters_modified'!B66 -> Spencer Steer | C52: ='2025_Fantasy_Hitters_modified'!D66 -> 520 | D52: ='2025_Fantasy_Hitters_modified'!E66 -> 591 | E52: =(V52-AVERAGE(V$2:V$229))/AVERAGE(V$2:V$229)*100+100 -> 107.33843 | F52: =E52*1.51744-31.775 -> 131.10462 | G52: =(Z52-AVERAGE(Z$2:Z$229))/AVERAGE(Z$2:Z$229)*100+100 -> 104.16967 | H52: =G52*0.83285-13.6979 -> 73.059812 | I52: =(AA52-AVERAGE(AA$2:AA$229))/AVERAGE(AA$2:AA$229)*100+100 -> 107.98612 | J52: =(AB52-AVERAGE(AB$2:AB$229))/AVERAGE(AB$2:AB$229)*100+100 -> 115.37988 | K52: =(AC52-AVERAGE(AC$2:AC$229))/AVERAGE(AC$2:AC$229)*100+100 -> 123.80626 | L52: =(AF52-AVERAGE(AF$2:AF$229))/AVERAGE(AF$2:AF$229)*100+100 -> 153.92265 | M52: =(AI52-AVERAGE(AI$2:AI$229))/AVERAGE(AI$2:AI$229)*100+100 -> 160.97674 | N52: =(AVERAGE(AJ$2:AJ$229)-AJ52)/AVERAGE(AJ$2:AJ$229)*100+100 -> 55.987097 | O52: =(AK52-AVERAGE(AK$2:AK$229))/AVERAGE(AK$2:AK$229)*100+100 -> 166.91822 | P52: =(AL52-AVERAGE(AL$2:AL$229))/AVERAGE(AL$2:AL$229)*100+100 -> 97.195241 | Q52: =(AM52-AVERAGE(AM$2:AM$229))/AVERAGE(AM$2:AM$229)*100+100 -> 101.10647 | R52: =(AN52-AVERAGE(AN$2:AN$229))/AVERAGE(AN$2:AN$229)*100+100 -> 97.925753 | S52: =(AO52-AVERAGE(AO$2:AO$229))/AVERAGE(AO$2:AO$229)*100+100 -> 99.313456 | T52: =(F52*1.5+H52*2.5+I52+J52+K52*1.5+L52+O52*0.75+P52+S52)/11.25 -> 112.35572 | V52: ='2025_Fantasy_Hitters_modified'!F66 -> 126.09139 | W52: ='2025_Fantasy_Hitters_modified'!G66 -> 76.406486 | X52: ='2025_Fantasy_Hitters_modified'!H66 -> 27.509714 | Y52: ='2025_Fantasy_Hitters_modified'!I66 -> 2.6022206 | Z52: ='2025_Fantasy_Hitters_modified'!J66 -> 19 | AA52: ='2025_Fantasy_Hitters_modified'!K66 -> 71.208362 | AB52: ='2025_Fantasy_Hitters_modified'!L66 -> 74 | AC52: ='2025_Fantasy_Hitters_modified'!M66 -> 56.5777 | ... AR52: ='2025_Fantasy_Hitters_modified'!AB66 -> 9.5732149
A53: ='2025_Fantasy_Hitters_modified'!A170 -> SDP | B53: ='2025_Fantasy_Hitters_modified'!B170 -> Jackson Merrill | C53: ='2025_Fantasy_Hitters_modified'!D170 -> 582 | D53: ='2025_Fantasy_Hitters_modified'!E170 -> 629 | E53: =(V53-AVERAGE(V$2:V$229))/AVERAGE(V$2:V$229)*100+100 -> 136.56248 | F53: =E53*1.51744-31.775 -> 175.45037 | G53: =(Z53-AVERAGE(Z$2:Z$229))/AVERAGE(Z$2:Z$229)*100+100 -> 132.67927 | H53: =G53*0.83285-13.6979 -> 96.804028 | I53: =(AA53-AVERAGE(AA$2:AA$229))/AVERAGE(AA$2:AA$229)*100+100 -> 122.03361 | J53: =(AB53-AVERAGE(AB$2:AB$229))/AVERAGE(AB$2:AB$229)*100+100 -> 135.64932 | K53: =(AC53-AVERAGE(AC$2:AC$229))/AVERAGE(AC$2:AC$229)*100+100 -> 80.940968 | L53: =(AF53-AVERAGE(AF$2:AF$229))/AVERAGE(AF$2:AF$229)*100+100 -> 47.867969 | M53: =(AI53-AVERAGE(AI$2:AI$229))/AVERAGE(AI$2:AI$229)*100+100 -> 151.17514 | N53: =(AVERAGE(AJ$2:AJ$229)-AJ53)/AVERAGE(AJ$2:AJ$229)*100+100 -> 53.427989 | O53: =(AK53-AVERAGE(AK$2:AK$229))/AVERAGE(AK$2:AK$229)*100+100 -> 152.78736 | P53: =(AL53-AVERAGE(AL$2:AL$229))/AVERAGE(AL$2:AL$229)*100+100 -> 110.48454 | Q53: =(AM53-AVERAGE(AM$2:AM$229))/AVERAGE(AM$2:AM$229)*100+100 -> 98.876184 | R53: =(AN53-AVERAGE(AN$2:AN$229))/AVERAGE(AN$2:AN$229)*100+100 -> 112.58817 | S53: =(AO53-AVERAGE(AO$2:AO$229))/AVERAGE(AO$2:AO$229)*100+100 -> 106.60583 | T53: =(F53*1.5+H53*2.5+I53+J53+K53*1.5+L53+O53*0.75+P53+S53)/11.25 -> 112.34034 | V53: ='2025_Fantasy_Hitters_modified'!F170 -> 160.42113 | W53: ='2025_Fantasy_Hitters_modified'!G170 -> 100.1626 | X53: ='2025_Fantasy_Hitters_modified'!H170 -> 33.053657 | Y53: ='2025_Fantasy_Hitters_modified'!I170 -> 4.6313989 | Z53: ='2025_Fantasy_Hitters_modified'!J170 -> 24.2 | AA53: ='2025_Fantasy_Hitters_modified'!K170 -> 80.471579 | AB53: ='2025_Fantasy_Hitters_modified'!L170 -> 87 | AC53: ='2025_Fantasy_Hitters_modified'!M170 -> 36.988872 | ... AR53: ='2025_Fantasy_Hitters_modified'!AB170 -> 5.8805838
A54: ='2025_Fantasy_Hitters_modified'!A24 -> ATL | B54: ='2025_Fantasy_Hitters_modified'!B24 -> Michael Harris II | C54: ='2025_Fantasy_Hitters_modified'!D24 -> 548 | D54: ='2025_Fantasy_Hitters_modified'!E24 -> 591 | E54: =(V54-AVERAGE(V$2:V$229))/AVERAGE(V$2:V$229)*100+100 -> 129.93456 | F54: =E54*1.51744-31.775 -> 165.39289 | G54: =(Z54-AVERAGE(Z$2:Z$229))/AVERAGE(Z$2:Z$229)*100+100 -> 112.94186 | H54: =G54*0.83285-13.6979 -> 80.365724 | I54: =(AA54-AVERAGE(AA$2:AA$229))/AVERAGE(AA$2:AA$229)*100+100 -> 127.16775 | J54: =(AB54-AVERAGE(AB$2:AB$229))/AVERAGE(AB$2:AB$229)*100+100 -> 110.70232 | K54: =(AC54-AVERAGE(AC$2:AC$229))/AVERAGE(AC$2:AC$229)*100+100 -> 83.9924 | L54: =(AF54-AVERAGE(AF$2:AF$229))/AVERAGE(AF$2:AF$229)*100+100 -> 102.96431 | M54: =(AI54-AVERAGE(AI$2:AI$229))/AVERAGE(AI$2:AI$229)*100+100 -> 171.85181 | N54: =(AVERAGE(AJ$2:AJ$229)-AJ54)/AVERAGE(AJ$2:AJ$229)*100+100 -> 16.928108 | O54: =(AK54-AVERAGE(AK$2:AK$229))/AVERAGE(AK$2:AK$229)*100+100 -> 167.92205 | P54: =(AL54-AVERAGE(AL$2:AL$229))/AVERAGE(AL$2:AL$229)*100+100 -> 111.64447 | Q54: =(AM54-AVERAGE(AM$2:AM$229))/AVERAGE(AM$2:AM$229)*100+100 -> 103.0238 | R54: =(AN54-AVERAGE(AN$2:AN$229))/AVERAGE(AN$2:AN$229)*100+100 -> 109.06426 | S54: =(AO54-AVERAGE(AO$2:AO$229))/AVERAGE(AO$2:AO$229)*100+100 -> 106.42889 | T54: =(F54*1.5+H54*2.5+I54+J54+K54*1.5+L54+O54*0.75+P54+S54)/11.25 -> 111.98591 | V54: ='2025_Fantasy_Hitters_modified'!F24 -> 152.63525 | W54: ='2025_Fantasy_Hitters_modified'!G24 -> 97.951736 | X54: ='2025_Fantasy_Hitters_modified'!H24 -> 30.705873 | Y54: ='2025_Fantasy_Hitters_modified'!I24 -> 3.619428 | Z54: ='2025_Fantasy_Hitters_modified'!J24 -> 20.6 | AA54: ='2025_Fantasy_Hitters_modified'!K24 -> 83.857143 | AB54: ='2025_Fantasy_Hitters_modified'!L24 -> 71 | AC54: ='2025_Fantasy_Hitters_modified'!M24 -> 38.383333 | ... AR54: ='2025_Fantasy_Hitters_modified'!AB24 -> 6.4946419
A55: ='2025_Fantasy_Hitters_modified'!A91 -> HOU | B55: ='2025_Fantasy_Hitters_modified'!B91 -> Jose Altuve | C55: ='2025_Fantasy_Hitters_modified'!D91 -> 570 | D55: ='2025_Fantasy_Hitters_modified'!E91 -> 632 | E55: =(V55-AVERAGE(V$2:V$229))/AVERAGE(V$2:V$229)*100+100 -> 127.2414 | F55: =E55*1.51744-31.775 -> 161.30619 | G55: =(Z55-AVERAGE(Z$2:Z$229))/AVERAGE(Z$2:Z$229)*100+100 -> 99.783581 | H55: =G55*0.83285-13.6979 -> 69.406855 | I55: =(AA55-AVERAGE(AA$2:AA$229))/AVERAGE(AA$2:AA$229)*100+100 -> 130.07073 | J55: =(AB55-AVERAGE(AB$2:AB$229))/AVERAGE(AB$2:AB$229)*100+100 -> 102.90638 | K55: =(AC55-AVERAGE(AC$2:AC$229))/AVERAGE(AC$2:AC$229)*100+100 -> 109.82098 | L55: =(AF55-AVERAGE(AF$2:AF$229))/AVERAGE(AF$2:AF$229)*100+100 -> 118.5987 | M55: =(AI55-AVERAGE(AI$2:AI$229))/AVERAGE(AI$2:AI$229)*100+100 -> 161.82156 | N55: =(AVERAGE(AJ$2:AJ$229)-AJ55)/AVERAGE(AJ$2:AJ$229)*100+100 -> 16.515637 | O55: =(AK55-AVERAGE(AK$2:AK$229))/AVERAGE(AK$2:AK$229)*100+100 -> 154.2343 | P55: =(AL55-AVERAGE(AL$2:AL$229))/AVERAGE(AL$2:AL$229)*100+100 -> 105.11064 | Q55: =(AM55-AVERAGE(AM$2:AM$229))/AVERAGE(AM$2:AM$229)*100+100 -> 101.63822 | R55: =(AN55-AVERAGE(AN$2:AN$229))/AVERAGE(AN$2:AN$229)*100+100 -> 97.102412 | S55: =(AO55-AVERAGE(AO$2:AO$229))/AVERAGE(AO$2:AO$229)*100+100 -> 99.081321 | T55: =(F55*1.5+H55*2.5+I55+J55+K55*1.5+L55+O55*0.75+P55+S55)/11.25 -> 111.2579 | V55: ='2025_Fantasy_Hitters_modified'!F91 -> 149.47158 | W55: ='2025_Fantasy_Hitters_modified'!G91 -> 101.64385 | X55: ='2025_Fantasy_Hitters_modified'!H91 -> 28.273879 | Y55: ='2025_Fantasy_Hitters_modified'!I91 -> 0.98425849 | Z55: ='2025_Fantasy_Hitters_modified'!J91 -> 18.2 | AA55: ='2025_Fantasy_Hitters_modified'!K91 -> 85.771429 | AB55: ='2025_Fantasy_Hitters_modified'!L91 -> 66 | AC55: ='2025_Fantasy_Hitters_modified'!M91 -> 50.186626 | ... AR55: ='2025_Fantasy_Hitters_modified'!AB91 -> 7.9409219
A56: ='2025_Fantasy_Hitters_modified'!A39 -> BOS | B56: ='2025_Fantasy_Hitters_modified'!B39 -> Alex Bregman | C56: ='2025_Fantasy_Hitters_modified'!D39 -> 555 | D56: ='2025_Fantasy_Hitters_modified'!E39 -> 629 | E56: =(V56-AVERAGE(V$2:V$229))/AVERAGE(V$2:V$229)*100+100 -> 122.4203 | F56: =E56*1.51744-31.775 -> 153.99046 | G56: =(Z56-AVERAGE(Z$2:Z$229))/AVERAGE(Z$2:Z$229)*100+100 -> 122.81056 | H56: =G56*0.83285-13.6979 -> 88.584876 | I56: =(AA56-AVERAGE(AA$2:AA$229))/AVERAGE(AA$2:AA$229)*100+100 -> 120.88162 | J56: =(AB56-AVERAGE(AB$2:AB$229))/AVERAGE(AB$2:AB$229)*100+100 -> 124.73501 | K56: =(AC56-AVERAGE(AC$2:AC$229))/AVERAGE(AC$2:AC$229)*100+100 -> 133.9194 | L56: =(AF56-AVERAGE(AF$2:AF$229))/AVERAGE(AF$2:AF$229)*100+100 -> 119.54016 | M56: =(AI56-AVERAGE(AI$2:AI$229))/AVERAGE(AI$2:AI$229)*100+100 -> 28.458913 | N56: =(AVERAGE(AJ$2:AJ$229)-AJ56)/AVERAGE(AJ$2:AJ$229)*100+100 -> 163.42885 | O56: =(AK56-AVERAGE(AK$2:AK$229))/AVERAGE(AK$2:AK$229)*100+100 -> 25.61765 | P56: =(AL56-AVERAGE(AL$2:AL$229))/AVERAGE(AL$2:AL$229)*100+100 -> 103.86126 | Q56: =(AM56-AVERAGE(AM$2:AM$229))/AVERAGE(AM$2:AM$229)*100+100 -> 104.32068 | R56: =(AN56-AVERAGE(AN$2:AN$229))/AVERAGE(AN$2:AN$229)*100+100 -> 104.07286 | S56: =(AO56-AVERAGE(AO$2:AO$229))/AVERAGE(AO$2:AO$229)*100+100 -> 104.18098 | T56: =(F56*1.5+H56*2.5+I56+J56+K56*1.5+L56+O56*0.75+P56+S56)/11.25 -> 110.73238 | V56: ='2025_Fantasy_Hitters_modified'!F39 -> 143.80819 | W56: ='2025_Fantasy_Hitters_modified'!G39 -> 90.303614 | X56: ='2025_Fantasy_Hitters_modified'!H39 -> 29.097831 | Y56: ='2025_Fantasy_Hitters_modified'!I39 -> 2.0134361 | Z56: ='2025_Fantasy_Hitters_modified'!J39 -> 22.4 | AA56: ='2025_Fantasy_Hitters_modified'!K39 -> 79.711929 | AB56: ='2025_Fantasy_Hitters_modified'!L39 -> 80 | AC56: ='2025_Fantasy_Hitters_modified'!M39 -> 61.199264 | ... AR56: ='2025_Fantasy_Hitters_modified'!AB39 -> 9.7296127
A57: ='2025_Fantasy_Hitters_modified'!A225 -> WSN | B57: ='2025_Fantasy_Hitters_modified'!B225 -> James Wood | C57: ='2025_Fantasy_Hitters_modified'!D225 -> 518 | D57: ='2025_Fantasy_Hitters_modified'!E225 -> 590 | E57: =(V57-AVERAGE(V$2:V$229))/AVERAGE(V$2:V$229)*100+100 -> 115.68551 | F57: =E57*1.51744-31.775 -> 143.77082 | G57: =(Z57-AVERAGE(Z$2:Z$229))/AVERAGE(Z$2:Z$229)*100+100 -> 99.783581 | H57: =G57*0.83285-13.6979 -> 69.406855 | I57: =(AA57-AVERAGE(AA$2:AA$229))/AVERAGE(AA$2:AA$229)*100+100 -> 116.01452 | J57: =(AB57-AVERAGE(AB$2:AB$229))/AVERAGE(AB$2:AB$229)*100+100 -> 113.82069 | K57: =(AC57-AVERAGE(AC$2:AC$229))/AVERAGE(AC$2:AC$229)*100+100 -> 132.79347 | L57: =(AF57-AVERAGE(AF$2:AF$229))/AVERAGE(AF$2:AF$229)*100+100 -> 81.91797 | M57: =(AI57-AVERAGE(AI$2:AI$229))/AVERAGE(AI$2:AI$229)*100+100 -> 188.68553 | N57: =(AVERAGE(AJ$2:AJ$229)-AJ57)/AVERAGE(AJ$2:AJ$229)*100+100 -> -20.365042 | O57: =(AK57-AVERAGE(AK$2:AK$229))/AVERAGE(AK$2:AK$229)*100+100 -> 177.58997 | P57: =(AL57-AVERAGE(AL$2:AL$229))/AVERAGE(AL$2:AL$229)*100+100 -> 105.158 | Q57: =(AM57-AVERAGE(AM$2:AM$229))/AVERAGE(AM$2:AM$229)*100+100 -> 106.40412 | R57: =(AN57-AVERAGE(AN$2:AN$229))/AVERAGE(AN$2:AN$229)*100+100 -> 103.04926 | S57: =(AO57-AVERAGE(AO$2:AO$229))/AVERAGE(AO$2:AO$229)*100+100 -> 104.51294 | T57: =(F57*1.5+H57*2.5+I57+J57+K57*1.5+L57+O57*0.75+P57+S57)/11.25 -> 110.48713 | V57: ='2025_Fantasy_Hitters_modified'!F225 -> 135.89678 | W57: ='2025_Fantasy_Hitters_modified'!G225 -> 85.592927 | X57: ='2025_Fantasy_Hitters_modified'!H225 -> 28.166751 | Y57: ='2025_Fantasy_Hitters_modified'!I225 -> 3.6320222 | Z57: ='2025_Fantasy_Hitters_modified'!J225 -> 18.2 | AA57: ='2025_Fantasy_Hitters_modified'!K225 -> 76.502463 | AB57: ='2025_Fantasy_Hitters_modified'!L225 -> 73 | AC57: ='2025_Fantasy_Hitters_modified'!M225 -> 60.684729 | ... AR57: ='2025_Fantasy_Hitters_modified'!AB225 -> 10.285547
A58: ='2025_Fantasy_Hitters_modified'!A138 -> NYM | B58: ='2025_Fantasy_Hitters_modified'!B138 -> Brandon Nimmo | C58: ='2025_Fantasy_Hitters_modified'!D138 -> 521 | D58: ='2025_Fantasy_Hitters_modified'!E138 -> 603 | E58: =(V58-AVERAGE(V$2:V$229))/AVERAGE(V$2:V$229)*100+100 -> 108.72808 | F58: =E58*1.51744-31.775 -> 133.21333 | G58: =(Z58-AVERAGE(Z$2:Z$229))/AVERAGE(Z$2:Z$229)*100+100 -> 94.300967 | H58: =G58*0.83285-13.6979 -> 64.84066 | I58: =(AA58-AVERAGE(AA$2:AA$229))/AVERAGE(AA$2:AA$229)*100+100 -> 116.65784 | J58: =(AB58-AVERAGE(AB$2:AB$229))/AVERAGE(AB$2:AB$229)*100+100 -> 106.02476 | K58: =(AC58-AVERAGE(AC$2:AC$229))/AVERAGE(AC$2:AC$229)*100+100 -> 152.62209 | L58: =(AF58-AVERAGE(AF$2:AF$229))/AVERAGE(AF$2:AF$229)*100+100 -> 171.79561 | M58: =(AI58-AVERAGE(AI$2:AI$229))/AVERAGE(AI$2:AI$229)*100+100 -> 76.742915 | N58: =(AVERAGE(AJ$2:AJ$229)-AJ58)/AVERAGE(AJ$2:AJ$229)*100+100 -> 126.03609 | O58: =(AK58-AVERAGE(AK$2:AK$229))/AVERAGE(AK$2:AK$229)*100+100 -> 77.716244 | P58: =(AL58-AVERAGE(AL$2:AL$229))/AVERAGE(AL$2:AL$229)*100+100 -> 98.264602 | Q58: =(AM58-AVERAGE(AM$2:AM$229))/AVERAGE(AM$2:AM$229)*100+100 -> 107.28417 | R58: =(AN58-AVERAGE(AN$2:AN$229))/AVERAGE(AN$2:AN$229)*100+100 -> 96.182708 | S58: =(AO58-AVERAGE(AO$2:AO$229))/AVERAGE(AO$2:AO$229)*100+100 -> 101.02612 | T58: =(F58*1.5+H58*2.5+I58+J58+K58*1.5+L58+O58*0.75+P58+S58)/11.25 -> 110.48097 | V58: ='2025_Fantasy_Hitters_modified'!F138 -> 127.72382 | W58: ='2025_Fantasy_Hitters_modified'!G138 -> 82.235621 | X58: ='2025_Fantasy_Hitters_modified'!H138 -> 24.33552 | Y58: ='2025_Fantasy_Hitters_modified'!I138 -> 4.0337968 | Z58: ='2025_Fantasy_Hitters_modified'!J138 -> 17.2 | AA58: ='2025_Fantasy_Hitters_modified'!K138 -> 76.926678 | AB58: ='2025_Fantasy_Hitters_modified'!L138 -> 68 | AC58: ='2025_Fantasy_Hitters_modified'!M138 -> 69.746127 | ... AR58: ='2025_Fantasy_Hitters_modified'!AB138 -> 11.566522
A59: ='2025_Fantasy_Hitters_modified'!A56 -> CHC | B59: ='2025_Fantasy_Hitters_modified'!B56 -> Seiya Suzuki | C59: ='2025_Fantasy_Hitters_modified'!D56 -> 511 | D59: ='2025_Fantasy_Hitters_modified'!E56 -> 582 | E59: =(V59-AVERAGE(V$2:V$229))/AVERAGE(V$2:V$229)*100+100 -> 112.79095 | F59: =E59*1.51744-31.775 -> 139.37851 | G59: =(Z59-AVERAGE(Z$2:Z$229))/AVERAGE(Z$2:Z$229)*100+100 -> 117.32795 | H59: =G59*0.83285-13.6979 -> 84.018681 | I59: =(AA59-AVERAGE(AA$2:AA$229))/AVERAGE(AA$2:AA$229)*100+100 -> 113.84763 | J59: =(AB59-AVERAGE(AB$2:AB$229))/AVERAGE(AB$2:AB$229)*100+100 -> 115.37988 | K59: =(AC59-AVERAGE(AC$2:AC$229))/AVERAGE(AC$2:AC$229)*100+100 -> 133.78034 | L59: =(AF59-AVERAGE(AF$2:AF$229))/AVERAGE(AF$2:AF$229)*100+100 -> 99.239751 | M59: =(AI59-AVERAGE(AI$2:AI$229))/AVERAGE(AI$2:AI$229)*100+100 -> 122.73846 | N59: =(AVERAGE(AJ$2:AJ$229)-AJ59)/AVERAGE(AJ$2:AJ$229)*100+100 -> 15.064056 | O59: =(AK59-AVERAGE(AK$2:AK$229))/AVERAGE(AK$2:AK$229)*100+100 -> 100.95416 | P59: =(AL59-AVERAGE(AL$2:AL$229))/AVERAGE(AL$2:AL$229)*100+100 -> 103.93133 | Q59: =(AM59-AVERAGE(AM$2:AM$229))/AVERAGE(AM$2:AM$229)*100+100 -> 106.65204 | R59: =(AN59-AVERAGE(AN$2:AN$229))/AVERAGE(AN$2:AN$229)*100+100 -> 106.96733 | S59: =(AO59-AVERAGE(AO$2:AO$229))/AVERAGE(AO$2:AO$229)*100+100 -> 106.82978 | T59: =(F59*1.5+H59*2.5+I59+J59+K59*1.5+L59+O59*0.75+P59+S59)/11.25 -> 109.75369 | V59: ='2025_Fantasy_Hitters_modified'!F56 -> 132.49652 | W59: ='2025_Fantasy_Hitters_modified'!G56 -> 81.676266 | X59: ='2025_Fantasy_Hitters_modified'!H56 -> 28.024346 | Y59: ='2025_Fantasy_Hitters_modified'!I56 -> 2.5703746 | Z59: ='2025_Fantasy_Hitters_modified'!J56 -> 21.4 | AA59: ='2025_Fantasy_Hitters_modified'!K56 -> 75.073571 | AB59: ='2025_Fantasy_Hitters_modified'!L56 -> 74 | AC59: ='2025_Fantasy_Hitters_modified'!M56 -> 61.135714 | ... AR59: ='2025_Fantasy_Hitters_modified'!AB56 -> 10.504418
A60: ='2025_Fantasy_Hitters_modified'!A206 -> TEX | B60: ='2025_Fantasy_Hitters_modified'!B206 -> Adolis Garcia | C60: ='2025_Fantasy_Hitters_modified'!D206 -> 549 | D60: ='2025_Fantasy_Hitters_modified'!E206 -> 607 | E60: =(V60-AVERAGE(V$2:V$229))/AVERAGE(V$2:V$229)*100+100 -> 105.11974 | F60: =E60*1.51744-31.775 -> 127.7379 | G60: =(Z60-AVERAGE(Z$2:Z$229))/AVERAGE(Z$2:Z$229)*100+100 -> 141.45145 | H60: =G60*0.83285-13.6979 -> 104.10994 | I60: =(AA60-AVERAGE(AA$2:AA$229))/AVERAGE(AA$2:AA$229)*100+100 -> 115.13881 | J60: =(AB60-AVERAGE(AB$2:AB$229))/AVERAGE(AB$2:AB$229)*100+100 -> 130.97176 | K60: =(AC60-AVERAGE(AC$2:AC$229))/AVERAGE(AC$2:AC$229)*100+100 -> 104.45137 | L60: =(AF60-AVERAGE(AF$2:AF$229))/AVERAGE(AF$2:AF$229)*100+100 -> 117.91119 | M60: =(AI60-AVERAGE(AI$2:AI$229))/AVERAGE(AI$2:AI$229)*100+100 -> 105.91157 | N60: =(AVERAGE(AJ$2:AJ$229)-AJ60)/AVERAGE(AJ$2:AJ$229)*100+100 -> 86.003716 | O60: =(AK60-AVERAGE(AK$2:AK$229))/AVERAGE(AK$2:AK$229)*100+100 -> 103.07994 | P60: =(AL60-AVERAGE(AL$2:AL$229))/AVERAGE(AL$2:AL$229)*100+100 -> 90.158162 | Q60: =(AM60-AVERAGE(AM$2:AM$229))/AVERAGE(AM$2:AM$229)*100+100 -> 90.990131 | R60: =(AN60-AVERAGE(AN$2:AN$229))/AVERAGE(AN$2:AN$229)*100+100 -> 97.515858 | S60: =(AO60-AVERAGE(AO$2:AO$229))/AVERAGE(AO$2:AO$229)*100+100 -> 94.668776 | T60: =(F60*1.5+H60*2.5+I60+J60+K60*1.5+L60+O60*0.75+P60+S60)/11.25 -> 109.75266 | V60: ='2025_Fantasy_Hitters_modified'!F206 -> 123.48507 | W60: ='2025_Fantasy_Hitters_modified'!G206 -> 72.619088 | X60: ='2025_Fantasy_Hitters_modified'!H206 -> 23.16244 | Y60: ='2025_Fantasy_Hitters_modified'!I206 -> 1.3802682 | Z60: ='2025_Fantasy_Hitters_modified'!J206 -> 25.8 | AA60: ='2025_Fantasy_Hitters_modified'!K206 -> 75.925 | AB60: ='2025_Fantasy_Hitters_modified'!L206 -> 84 | AC60: ='2025_Fantasy_Hitters_modified'!M206 -> 47.732792 | ... AR60: ='2025_Fantasy_Hitters_modified'!AB206 -> 7.8637219
A61: ='2025_Fantasy_Hitters_modified'!A25 -> ATL | B61: ='2025_Fantasy_Hitters_modified'!B25 -> Ozzie Albies | C61: ='2025_Fantasy_Hitters_modified'!D25 -> 571 | D61: ='2025_Fantasy_Hitters_modified'!E25 -> 626 | E61: =(V61-AVERAGE(V$2:V$229))/AVERAGE(V$2:V$229)*100+100 -> 126.42341 | F61: =E61*1.51744-31.775 -> 160.06494 | G61: =(Z61-AVERAGE(Z$2:Z$229))/AVERAGE(Z$2:Z$229)*100+100 -> 112.94186 | H61: =G61*0.83285-13.6979 -> 80.365724 | I61: =(AA61-AVERAGE(AA$2:AA$229))/AVERAGE(AA$2:AA$229)*100+100 -> 122.97231 | J61: =(AB61-AVERAGE(AB$2:AB$229))/AVERAGE(AB$2:AB$229)*100+100 -> 126.29419 | K61: =(AC61-AVERAGE(AC$2:AC$229))/AVERAGE(AC$2:AC$229)*100+100 -> 95.814835 | L61: =(AF61-AVERAGE(AF$2:AF$229))/AVERAGE(AF$2:AF$229)*100+100 -> 102.50991 | M61: =(AI61-AVERAGE(AI$2:AI$229))/AVERAGE(AI$2:AI$229)*100+100 -> 114.12241 | N61: =(AVERAGE(AJ$2:AJ$229)-AJ61)/AVERAGE(AJ$2:AJ$229)*100+100 -> 90.010167 | O61: =(AK61-AVERAGE(AK$2:AK$229))/AVERAGE(AK$2:AK$229)*100+100 -> 115.56982 | P61: =(AL61-AVERAGE(AL$2:AL$229))/AVERAGE(AL$2:AL$229)*100+100 -> 104.25202 | Q61: =(AM61-AVERAGE(AM$2:AM$229))/AVERAGE(AM$2:AM$229)*100+100 -> 97.982044 | R61: =(AN61-AVERAGE(AN$2:AN$229))/AVERAGE(AN$2:AN$229)*100+100 -> 103.92956 | S61: =(AO61-AVERAGE(AO$2:AO$229))/AVERAGE(AO$2:AO$229)*100+100 -> 101.33474 | T61: =(F61*1.5+H61*2.5+I61+J61+K61*1.5+L61+O61*0.75+P61+S61)/11.25 -> 109.2244 | V61: ='2025_Fantasy_Hitters_modified'!F25 -> 148.51068 | W61: ='2025_Fantasy_Hitters_modified'!G25 -> 91.765839 | X61: ='2025_Fantasy_Hitters_modified'!H25 -> 33.236633 | Y61: ='2025_Fantasy_Hitters_modified'!I25 -> 3.3976274 | Z61: ='2025_Fantasy_Hitters_modified'!J25 -> 20.6 | AA61: ='2025_Fantasy_Hitters_modified'!K25 -> 81.090578 | AB61: ='2025_Fantasy_Hitters_modified'!L25 -> 81 | AC61: ='2025_Fantasy_Hitters_modified'!M25 -> 43.786018 | ... AR61: ='2025_Fantasy_Hitters_modified'!AB25 -> 6.9945716
A62: ='2025_Fantasy_Hitters_modified'!A183 -> SEA | B62: ='2025_Fantasy_Hitters_modified'!B183 -> Victor Robles | C62: ='2025_Fantasy_Hitters_modified'!D183 -> 441 | D62: ='2025_Fantasy_Hitters_modified'!E183 -> 504 | E62: =(V62-AVERAGE(V$2:V$229))/AVERAGE(V$2:V$229)*100+100 -> 90.184946 | F62: =E62*1.51744-31.775 -> 105.07525 | G62: =(Z62-AVERAGE(Z$2:Z$229))/AVERAGE(Z$2:Z$229)*100+100 -> 50.440052 | H62: =G62*0.83285-13.6979 -> 28.311097 | I62: =(AA62-AVERAGE(AA$2:AA$229))/AVERAGE(AA$2:AA$229)*100+100 -> 95.211963 | J62: =(AB62-AVERAGE(AB$2:AB$229))/AVERAGE(AB$2:AB$229)*100+100 -> 63.926691 | K62: =(AC62-AVERAGE(AC$2:AC$229))/AVERAGE(AC$2:AC$229)*100+100 -> 80.846211 | L62: =(AF62-AVERAGE(AF$2:AF$229))/AVERAGE(AF$2:AF$229)*100+100 -> 226.55438 | M62: =(AI62-AVERAGE(AI$2:AI$229))/AVERAGE(AI$2:AI$229)*100+100 -> 358.19394 | N62: =(AVERAGE(AJ$2:AJ$229)-AJ62)/AVERAGE(AJ$2:AJ$229)*100+100 -> -19.095991 | O62: =(AK62-AVERAGE(AK$2:AK$229))/AVERAGE(AK$2:AK$229)*100+100 -> 406.91216 | P62: =(AL62-AVERAGE(AL$2:AL$229))/AVERAGE(AL$2:AL$229)*100+100 -> 96.291638 | Q62: =(AM62-AVERAGE(AM$2:AM$229))/AVERAGE(AM$2:AM$229)*100+100 -> 99.256405 | R62: =(AN62-AVERAGE(AN$2:AN$229))/AVERAGE(AN$2:AN$229)*100+100 -> 82.540391 | S62: =(AO62-AVERAGE(AO$2:AO$229))/AVERAGE(AO$2:AO$229)*100+100 -> 89.83335 | T62: =(F62*1.5+H62*2.5+I62+J62+K62*1.5+L62+O62*0.75+P62+S62)/11.25 -> 109.03663 | V62: ='2025_Fantasy_Hitters_modified'!F183 -> 105.94104 | W62: ='2025_Fantasy_Hitters_modified'!G183 -> 75.027139 | X62: ='2025_Fantasy_Hitters_modified'!H183 -> 18.138945 | Y62: ='2025_Fantasy_Hitters_modified'!I183 -> 1.9168029 | Z62: ='2025_Fantasy_Hitters_modified'!J183 -> 9.2 | AA62: ='2025_Fantasy_Hitters_modified'!K183 -> 62.78481 | AB62: ='2025_Fantasy_Hitters_modified'!L183 -> 41 | AC62: ='2025_Fantasy_Hitters_modified'!M183 -> 36.94557 | ... AR62: ='2025_Fantasy_Hitters_modified'!AB183 -> 7.3304702
A63: ='2025_Fantasy_Hitters_modified'!A107 -> LAA | B63: ='2025_Fantasy_Hitters_modified'!B107 -> Zach Neto | C63: ='2025_Fantasy_Hitters_modified'!D107 -> 456 | D63: ='2025_Fantasy_Hitters_modified'!E107 -> 510 | E63: =(V63-AVERAGE(V$2:V$229))/AVERAGE(V$2:V$229)*100+100 -> 95.85051 | F63: =E63*1.51744-31.775 -> 113.6724 | G63: =(Z63-AVERAGE(Z$2:Z$229))/AVERAGE(Z$2:Z$229)*100+100 -> 101.97663 | H63: =G63*0.83285-13.6979 -> 71.233334 | I63: =(AA63-AVERAGE(AA$2:AA$229))/AVERAGE(AA$2:AA$229)*100+100 -> 99.697785 | J63: =(AB63-AVERAGE(AB$2:AB$229))/AVERAGE(AB$2:AB$229)*100+100 -> 95.110442 | K63: =(AC63-AVERAGE(AC$2:AC$229))/AVERAGE(AC$2:AC$229)*100+100 -> 72.763281 | L63: =(AF63-AVERAGE(AF$2:AF$229))/AVERAGE(AF$2:AF$229)*100+100 -> 229.52557 | M63: =(AI63-AVERAGE(AI$2:AI$229))/AVERAGE(AI$2:AI$229)*100+100 -> 200.63903 | N63: =(AVERAGE(AJ$2:AJ$229)-AJ63)/AVERAGE(AJ$2:AJ$229)*100+100 -> -22.436296 | O63: =(AK63-AVERAGE(AK$2:AK$229))/AVERAGE(AK$2:AK$229)*100+100 -> 193.00467 | P63: =(AL63-AVERAGE(AL$2:AL$229))/AVERAGE(AL$2:AL$229)*100+100 -> 98.974359 | Q63: =(AM63-AVERAGE(AM$2:AM$229))/AVERAGE(AM$2:AM$229)*100+100 -> 99.1719 | R63: =(AN63-AVERAGE(AN$2:AN$229))/AVERAGE(AN$2:AN$229)*100+100 -> 100.15481 | S63: =(AO63-AVERAGE(AO$2:AO$229))/AVERAGE(AO$2:AO$229)*100+100 -> 99.725981 | T63: =(F63*1.5+H63*2.5+I63+J63+K63*1.5+L63+O63*0.75+P63+S63)/11.25 -> 108.93551 | V63: ='2025_Fantasy_Hitters_modified'!F107 -> 112.59643 | W63: ='2025_Fantasy_Hitters_modified'!G107 -> 69.152008 | X63: ='2025_Fantasy_Hitters_modified'!H107 -> 23.246429 | Y63: ='2025_Fantasy_Hitters_modified'!I107 -> 0.99794737 | Z63: ='2025_Fantasy_Hitters_modified'!J107 -> 18.6 | AA63: ='2025_Fantasy_Hitters_modified'!K107 -> 65.742857 | AB63: ='2025_Fantasy_Hitters_modified'!L107 -> 61 | AC63: ='2025_Fantasy_Hitters_modified'!M107 -> 33.251786 | ... AR63: ='2025_Fantasy_Hitters_modified'!AB107 -> 6.519958
A64: ='2025_Fantasy_Hitters_modified'!A209 -> TEX | B64: ='2025_Fantasy_Hitters_modified'!B209 -> Jake Burger | C64: ='2025_Fantasy_Hitters_modified'!D209 -> 532 | D64: ='2025_Fantasy_Hitters_modified'!E209 -> 582 | E64: =(V64-AVERAGE(V$2:V$229))/AVERAGE(V$2:V$229)*100+100 -> 109.21314 | F64: =E64*1.51744-31.775 -> 133.94939 | G64: =(Z64-AVERAGE(Z$2:Z$229))/AVERAGE(Z$2:Z$229)*100+100 -> 165.57495 | H64: =G64*0.83285-13.6979 -> 124.2012 | I64: =(AA64-AVERAGE(AA$2:AA$229))/AVERAGE(AA$2:AA$229)*100+100 -> 108.7563 | J64: =(AB64-AVERAGE(AB$2:AB$229))/AVERAGE(AB$2:AB$229)*100+100 -> 127.85338 | K64: =(AC64-AVERAGE(AC$2:AC$229))/AVERAGE(AC$2:AC$229)*100+100 -> 80.311685 | L64: =(AF64-AVERAGE(AF$2:AF$229))/AVERAGE(AF$2:AF$229)*100+100 -> 155.91016 | M64: =(AI64-AVERAGE(AI$2:AI$229))/AVERAGE(AI$2:AI$229)*100+100 -> 10.406849 | N64: =(AVERAGE(AJ$2:AJ$229)-AJ64)/AVERAGE(AJ$2:AJ$229)*100+100 -> 163.3609 | O64: =(AK64-AVERAGE(AK$2:AK$229))/AVERAGE(AK$2:AK$229)*100+100 -> 1.2191621 | P64: =(AL64-AVERAGE(AL$2:AL$229))/AVERAGE(AL$2:AL$229)*100+100 -> 96.662133 | Q64: =(AM64-AVERAGE(AM$2:AM$229))/AVERAGE(AM$2:AM$229)*100+100 -> 93.31397 | R64: =(AN64-AVERAGE(AN$2:AN$229))/AVERAGE(AN$2:AN$229)*100+100 -> 109.6938 | S64: =(AO64-AVERAGE(AO$2:AO$229))/AVERAGE(AO$2:AO$229)*100+100 -> 102.54751 | T64: =(F64*1.5+H64*2.5+I64+J64+K64*1.5+L64+O64*0.75+P64+S64)/11.25 -> 108.84786 | V64: ='2025_Fantasy_Hitters_modified'!F209 -> 128.29363 | W64: ='2025_Fantasy_Hitters_modified'!G209 -> 72.331664 | X64: ='2025_Fantasy_Hitters_modified'!H209 -> 23.780273 | Y64: ='2025_Fantasy_Hitters_modified'!I209 -> 1.9897779 | Z64: ='2025_Fantasy_Hitters_modified'!J209 -> 30.2 | AA64: ='2025_Fantasy_Hitters_modified'!K209 -> 71.716234 | AB64: ='2025_Fantasy_Hitters_modified'!L209 -> 82 | AC64: ='2025_Fantasy_Hitters_modified'!M209 -> 36.701299 | ... AR64: ='2025_Fantasy_Hitters_modified'!AB209 -> 6.3060651
A65: ='2025_Fantasy_Hitters_modified'!A89 -> HOU | B65: ='2025_Fantasy_Hitters_modified'!B89 -> Isaac Paredes | C65: ='2025_Fantasy_Hitters_modified'!D89 -> 510 | D65: ='2025_Fantasy_Hitters_modified'!E89 -> 593 | E65: =(V65-AVERAGE(V$2:V$229))/AVERAGE(V$2:V$229)*100+100 -> 101.04234 | F65: =E65*1.51744-31.775 -> 121.55069 | G65: =(Z65-AVERAGE(Z$2:Z$229))/AVERAGE(Z$2:Z$229)*100+100 -> 116.23142 | H65: =G65*0.83285-13.6979 -> 83.105442 | I65: =(AA65-AVERAGE(AA$2:AA$229))/AVERAGE(AA$2:AA$229)*100+100 -> 107.69703 | J65: =(AB65-AVERAGE(AB$2:AB$229))/AVERAGE(AB$2:AB$229)*100+100 -> 118.49826 | K65: =(AC65-AVERAGE(AC$2:AC$229))/AVERAGE(AC$2:AC$229)*100+100 -> 135.05035 | L65: =(AF65-AVERAGE(AF$2:AF$229))/AVERAGE(AF$2:AF$229)*100+100 -> 208.0084 | M65: =(AI65-AVERAGE(AI$2:AI$229))/AVERAGE(AI$2:AI$229)*100+100 -> 10.462129 | N65: =(AVERAGE(AJ$2:AJ$229)-AJ65)/AVERAGE(AJ$2:AJ$229)*100+100 -> 163.25434 | O65: =(AK65-AVERAGE(AK$2:AK$229))/AVERAGE(AK$2:AK$229)*100+100 -> 1.2564829 | P65: =(AL65-AVERAGE(AL$2:AL$229))/AVERAGE(AL$2:AL$229)*100+100 -> 93.288122 | Q65: =(AM65-AVERAGE(AM$2:AM$229))/AVERAGE(AM$2:AM$229)*100+100 -> 102.36938 | R65: =(AN65-AVERAGE(AN$2:AN$229))/AVERAGE(AN$2:AN$229)*100+100 -> 95.439309 | S65: =(AO65-AVERAGE(AO$2:AO$229))/AVERAGE(AO$2:AO$229)*100+100 -> 98.462801 | T65: =(F65*1.5+H65*2.5+I65+J65+K65*1.5+L65+O65*0.75+P65+S65)/11.25 -> 108.40552 | V65: ='2025_Fantasy_Hitters_modified'!F89 -> 118.69532 | W65: ='2025_Fantasy_Hitters_modified'!G89 -> 74.647933 | X65: ='2025_Fantasy_Hitters_modified'!H89 -> 21.665627 | Y65: ='2025_Fantasy_Hitters_modified'!I89 -> 0.98480122 | Z65: ='2025_Fantasy_Hitters_modified'!J89 -> 21.2 | AA65: ='2025_Fantasy_Hitters_modified'!K89 -> 71.017734 | AB65: ='2025_Fantasy_Hitters_modified'!L89 -> 76 | AC65: ='2025_Fantasy_Hitters_modified'!M89 -> 61.716092 | ... AR65: ='2025_Fantasy_Hitters_modified'!AB89 -> 10.407435
A66: ='2025_Fantasy_Hitters_modified'!A8 -> ARI | B66: ='2025_Fantasy_Hitters_modified'!B8 -> Josh Naylor | C66: ='2025_Fantasy_Hitters_modified'!D8 -> 535 | D66: ='2025_Fantasy_Hitters_modified'!E8 -> 596 | E66: =(V66-AVERAGE(V$2:V$229))/AVERAGE(V$2:V$229)*100+100 -> 119.43448 | F66: =E66*1.51744-31.775 -> 149.45965 | G66: =(Z66-AVERAGE(Z$2:Z$229))/AVERAGE(Z$2:Z$229)*100+100 -> 116.23142 | H66: =G66*0.83285-13.6979 -> 83.105442 | I66: =(AA66-AVERAGE(AA$2:AA$229))/AVERAGE(AA$2:AA$229)*100+100 -> 107.18158 | J66: =(AB66-AVERAGE(AB$2:AB$229))/AVERAGE(AB$2:AB$229)*100+100 -> 141.88607 | K66: =(AC66-AVERAGE(AC$2:AC$229))/AVERAGE(AC$2:AC$229)*100+100 -> 109.17903 | L66: =(AF66-AVERAGE(AF$2:AF$229))/AVERAGE(AF$2:AF$229)*100+100 -> 118.0034 | M66: =(AI66-AVERAGE(AI$2:AI$229))/AVERAGE(AI$2:AI$229)*100+100 -> 66.753941 | N66: =(AVERAGE(AJ$2:AJ$229)-AJ66)/AVERAGE(AJ$2:AJ$229)*100+100 -> 126.47239 | O66: =(AK66-AVERAGE(AK$2:AK$229))/AVERAGE(AK$2:AK$229)*100+100 -> 64.381504 | P66: =(AL66-AVERAGE(AL$2:AL$229))/AVERAGE(AL$2:AL$229)*100+100 -> 105.11605 | Q66: =(AM66-AVERAGE(AM$2:AM$229))/AVERAGE(AM$2:AM$229)*100+100 -> 104.08671 | R66: =(AN66-AVERAGE(AN$2:AN$229))/AVERAGE(AN$2:AN$229)*100+100 -> 102.61348 | S66: =(AO66-AVERAGE(AO$2:AO$229))/AVERAGE(AO$2:AO$229)*100+100 -> 103.25623 | T66: =(F66*1.5+H66*2.5+I66+J66+K66*1.5+L66+O66*0.75+P66+S66)/11.25 -> 108.39565 | V66: ='2025_Fantasy_Hitters_modified'!F8 -> 140.30072 | W66: ='2025_Fantasy_Hitters_modified'!G8 -> 89.528254 | X66: ='2025_Fantasy_Hitters_modified'!H8 -> 28.261188 | Y66: ='2025_Fantasy_Hitters_modified'!I8 -> 0.3970024 | Z66: ='2025_Fantasy_Hitters_modified'!J8 -> 21.2 | AA66: ='2025_Fantasy_Hitters_modified'!K8 -> 70.677833 | AB66: ='2025_Fantasy_Hitters_modified'!L8 -> 91 | AC66: ='2025_Fantasy_Hitters_modified'!M8 -> 49.893268 | ... AR66: ='2025_Fantasy_Hitters_modified'!AB8 -> 8.3713536
A67: ='2025_Fantasy_Hitters_modified'!A15 -> ATH | B67: ='2025_Fantasy_Hitters_modified'!B15 -> Lawrence Butler | C67: ='2025_Fantasy_Hitters_modified'!D15 -> 534 | D67: ='2025_Fantasy_Hitters_modified'!E15 -> 585 | E67: =(V67-AVERAGE(V$2:V$229))/AVERAGE(V$2:V$229)*100+100 -> 112.71017 | F67: =E67*1.51744-31.775 -> 139.25592 | G67: =(Z67-AVERAGE(Z$2:Z$229))/AVERAGE(Z$2:Z$229)*100+100 -> 133.77579 | H67: =G67*0.83285-13.6979 -> 97.717267 | I67: =(AA67-AVERAGE(AA$2:AA$229))/AVERAGE(AA$2:AA$229)*100+100 -> 117.40246 | J67: =(AB67-AVERAGE(AB$2:AB$229))/AVERAGE(AB$2:AB$229)*100+100 -> 107.58394 | K67: =(AC67-AVERAGE(AC$2:AC$229))/AVERAGE(AC$2:AC$229)*100+100 -> 100.73128 | L67: =(AF67-AVERAGE(AF$2:AF$229))/AVERAGE(AF$2:AF$229)*100+100 -> 32.55112 | M67: =(AI67-AVERAGE(AI$2:AI$229))/AVERAGE(AI$2:AI$229)*100+100 -> 180.78147 | N67: =(AVERAGE(AJ$2:AJ$229)-AJ67)/AVERAGE(AJ$2:AJ$229)*100+100 -> 90.485243 | O67: =(AK67-AVERAGE(AK$2:AK$229))/AVERAGE(AK$2:AK$229)*100+100 -> 205.7422 | P67: =(AL67-AVERAGE(AL$2:AL$229))/AVERAGE(AL$2:AL$229)*100+100 -> 99.383655 | Q67: =(AM67-AVERAGE(AM$2:AM$229))/AVERAGE(AM$2:AM$229)*100+100 -> 94.894865 | R67: =(AN67-AVERAGE(AN$2:AN$229))/AVERAGE(AN$2:AN$229)*100+100 -> 105.49421 | S67: =(AO67-AVERAGE(AO$2:AO$229))/AVERAGE(AO$2:AO$229)*100+100 -> 100.86986 | T67: =(F67*1.5+H67*2.5+I67+J67+K67*1.5+L67+O67*0.75+P67+S67)/11.25 -> 108.12193 | V67: ='2025_Fantasy_Hitters_modified'!F15 -> 132.40162 | W67: ='2025_Fantasy_Hitters_modified'!G15 -> 79.22761 | X67: ='2025_Fantasy_Hitters_modified'!H15 -> 26.743258 | Y67: ='2025_Fantasy_Hitters_modified'!I15 -> 2.5986195 | Z67: ='2025_Fantasy_Hitters_modified'!J15 -> 24.4 | AA67: ='2025_Fantasy_Hitters_modified'!K15 -> 77.417702 | AB67: ='2025_Fantasy_Hitters_modified'!L15 -> 69 | AC67: ='2025_Fantasy_Hitters_modified'!M15 -> 46.032764 | ... AR67: ='2025_Fantasy_Hitters_modified'!AB15 -> 7.8688485
A68: ='2025_Fantasy_Hitters_modified'!A85 -> DET | B68: ='2025_Fantasy_Hitters_modified'!B85 -> Riley Greene | C68: ='2025_Fantasy_Hitters_modified'!D85 -> 533 | D68: ='2025_Fantasy_Hitters_modified'!E85 -> 603 | E68: =(V68-AVERAGE(V$2:V$229))/AVERAGE(V$2:V$229)*100+100 -> 120.92994 | F68: =E68*1.51744-31.775 -> 151.72893 | G68: =(Z68-AVERAGE(Z$2:Z$229))/AVERAGE(Z$2:Z$229)*100+100 -> 116.23142 | H68: =G68*0.83285-13.6979 -> 83.105442 | I68: =(AA68-AVERAGE(AA$2:AA$229))/AVERAGE(AA$2:AA$229)*100+100 -> 119.05875 | J68: =(AB68-AVERAGE(AB$2:AB$229))/AVERAGE(AB$2:AB$229)*100+100 -> 112.26151 | K68: =(AC68-AVERAGE(AC$2:AC$229))/AVERAGE(AC$2:AC$229)*100+100 -> 137.95262 | L68: =(AF68-AVERAGE(AF$2:AF$229))/AVERAGE(AF$2:AF$229)*100+100 -> 84.083721 | M68: =(AI68-AVERAGE(AI$2:AI$229))/AVERAGE(AI$2:AI$229)*100+100 -> 57.03401 | N68: =(AVERAGE(AJ$2:AJ$229)-AJ68)/AVERAGE(AJ$2:AJ$229)*100+100 -> 126.70839 | O68: =(AK68-AVERAGE(AK$2:AK$229))/AVERAGE(AK$2:AK$229)*100+100 -> 51.339885 | P68: =(AL68-AVERAGE(AL$2:AL$229))/AVERAGE(AL$2:AL$229)*100+100 -> 106.83161 | Q68: =(AM68-AVERAGE(AM$2:AM$229))/AVERAGE(AM$2:AM$229)*100+100 -> 107.85696 | R68: =(AN68-AVERAGE(AN$2:AN$229))/AVERAGE(AN$2:AN$229)*100+100 -> 108.91677 | S68: =(AO68-AVERAGE(AO$2:AO$229))/AVERAGE(AO$2:AO$229)*100+100 -> 108.45439 | T68: =(F68*1.5+H68*2.5+I68+J68+K68*1.5+L68+O68*0.75+P68+S68)/11.25 -> 107.68718 | V68: ='2025_Fantasy_Hitters_modified'!F85 -> 142.05746 | W68: ='2025_Fantasy_Hitters_modified'!G85 -> 87.984435 | X68: ='2025_Fantasy_Hitters_modified'!H85 -> 28.678041 | Y68: ='2025_Fantasy_Hitters_modified'!I85 -> 5.0780444 | Z68: ='2025_Fantasy_Hitters_modified'!J85 -> 21.2 | AA68: ='2025_Fantasy_Hitters_modified'!K85 -> 78.50989 | AB68: ='2025_Fantasy_Hitters_modified'!L85 -> 72 | AC68: ='2025_Fantasy_Hitters_modified'!M85 -> 63.042386 | ... AR68: ='2025_Fantasy_Hitters_modified'!AB85 -> 10.45479
A69: ='2025_Fantasy_Hitters_modified'!A64 -> CIN | B69: ='2025_Fantasy_Hitters_modified'!B64 -> Matt McLain | C69: ='2025_Fantasy_Hitters_modified'!D64 -> 480 | D69: ='2025_Fantasy_Hitters_modified'!E64 -> 540 | E69: =(V69-AVERAGE(V$2:V$229))/AVERAGE(V$2:V$229)*100+100 -> 104.66948 | F69: =E69*1.51744-31.775 -> 127.05466 | G69: =(Z69-AVERAGE(Z$2:Z$229))/AVERAGE(Z$2:Z$229)*100+100 -> 108.55576 | H69: =G69*0.83285-13.6979 -> 76.712768 | I69: =(AA69-AVERAGE(AA$2:AA$229))/AVERAGE(AA$2:AA$229)*100+100 -> 108.55288 | J69: =(AB69-AVERAGE(AB$2:AB$229))/AVERAGE(AB$2:AB$229)*100+100 -> 106.02476 | K69: =(AC69-AVERAGE(AC$2:AC$229))/AVERAGE(AC$2:AC$229)*100+100 -> 102.18646 | L69: =(AF69-AVERAGE(AF$2:AF$229))/AVERAGE(AF$2:AF$229)*100+100 -> 138.3512 | M69: =(AI69-AVERAGE(AI$2:AI$229))/AVERAGE(AI$2:AI$229)*100+100 -> 162.20527 | N69: =(AVERAGE(AJ$2:AJ$229)-AJ69)/AVERAGE(AJ$2:AJ$229)*100+100 -> 13.66344 | O69: =(AK69-AVERAGE(AK$2:AK$229))/AVERAGE(AK$2:AK$229)*100+100 -> 153.75343 | P69: =(AL69-AVERAGE(AL$2:AL$229))/AVERAGE(AL$2:AL$229)*100+100 -> 102.67671 | Q69: =(AM69-AVERAGE(AM$2:AM$229))/AVERAGE(AM$2:AM$229)*100+100 -> 102.9659 | R69: =(AN69-AVERAGE(AN$2:AN$229))/AVERAGE(AN$2:AN$229)*100+100 -> 104.99904 | S69: =(AO69-AVERAGE(AO$2:AO$229))/AVERAGE(AO$2:AO$229)*100+100 -> 104.11201 | T69: =(F69*1.5+H69*2.5+I69+J69+K69*1.5+L69+O69*0.75+P69+S69)/11.25 -> 107.61567 | V69: ='2025_Fantasy_Hitters_modified'!F64 -> 122.95615 | W69: ='2025_Fantasy_Hitters_modified'!G64 -> 74.263093 | X69: ='2025_Fantasy_Hitters_modified'!H64 -> 25.28337 | Y69: ='2025_Fantasy_Hitters_modified'!I64 -> 2.9989967 | Z69: ='2025_Fantasy_Hitters_modified'!J64 -> 19.8 | AA69: ='2025_Fantasy_Hitters_modified'!K64 -> 71.5821 | AB69: ='2025_Fantasy_Hitters_modified'!L64 -> 68 | AC69: ='2025_Fantasy_Hitters_modified'!M64 -> 46.697762 | ... AR69: ='2025_Fantasy_Hitters_modified'!AB64 -> 8.6477338
A70: ='2025_Fantasy_Hitters_modified'!A212 -> TEX | B70: ='2025_Fantasy_Hitters_modified'!B212 -> Marcus Semien | C70: ='2025_Fantasy_Hitters_modified'!D212 -> 590 | D70: ='2025_Fantasy_Hitters_modified'!E212 -> 656 | E70: =(V70-AVERAGE(V$2:V$229))/AVERAGE(V$2:V$229)*100+100 -> 125.30638 | F70: =E70*1.51744-31.775 -> 158.36992 | G70: =(Z70-AVERAGE(Z$2:Z$229))/AVERAGE(Z$2:Z$229)*100+100 -> 112.94186 | H70: =G70*0.83285-13.6979 -> 80.365724 | I70: =(AA70-AVERAGE(AA$2:AA$229))/AVERAGE(AA$2:AA$229)*100+100 -> 134.11255 | J70: =(AB70-AVERAGE(AB$2:AB$229))/AVERAGE(AB$2:AB$229)*100+100 -> 113.82069 | K70: =(AC70-AVERAGE(AC$2:AC$229))/AVERAGE(AC$2:AC$229)*100+100 -> 127.17856 | L70: =(AF70-AVERAGE(AF$2:AF$229))/AVERAGE(AF$2:AF$229)*100+100 -> 66.451368 | M70: =(AI70-AVERAGE(AI$2:AI$229))/AVERAGE(AI$2:AI$229)*100+100 -> 95.437435 | N70: =(AVERAGE(AJ$2:AJ$229)-AJ70)/AVERAGE(AJ$2:AJ$229)*100+100 -> 93.256617 | O70: =(AK70-AVERAGE(AK$2:AK$229))/AVERAGE(AK$2:AK$229)*100+100 -> 91.477595 | P70: =(AL70-AVERAGE(AL$2:AL$229))/AVERAGE(AL$2:AL$229)*100+100 -> 100.00329 | Q70: =(AM70-AVERAGE(AM$2:AM$229))/AVERAGE(AM$2:AM$229)*100+100 -> 98.321096 | R70: =(AN70-AVERAGE(AN$2:AN$229))/AVERAGE(AN$2:AN$229)*100+100 -> 97.693698 | S70: =(AO70-AVERAGE(AO$2:AO$229))/AVERAGE(AO$2:AO$229)*100+100 -> 97.967422 | T70: =(F70*1.5+H70*2.5+I70+J70+K70*1.5+L70+O70*0.75+P70+S70)/11.25 -> 107.57338 | V70: ='2025_Fantasy_Hitters_modified'!F212 -> 147.1985 | W70: ='2025_Fantasy_Hitters_modified'!G212 -> 92.807319 | X70: ='2025_Fantasy_Hitters_modified'!H212 -> 29.607714 | Y70: ='2025_Fantasy_Hitters_modified'!I212 -> 3.0682496 | Z70: ='2025_Fantasy_Hitters_modified'!J212 -> 20.6 | AA70: ='2025_Fantasy_Hitters_modified'!K212 -> 88.436692 | AB70: ='2025_Fantasy_Hitters_modified'!L212 -> 73 | AC70: ='2025_Fantasy_Hitters_modified'!M212 -> 58.118797 | ... AR70: ='2025_Fantasy_Hitters_modified'!AB212 -> 8.8595727
A71: ='2025_Fantasy_Hitters_modified'!A104 -> LAA | B71: ='2025_Fantasy_Hitters_modified'!B104 -> Mike Trout | C71: ='2025_Fantasy_Hitters_modified'!D104 -> 399 | D71: ='2025_Fantasy_Hitters_modified'!E104 -> 464 | E71: =(V71-AVERAGE(V$2:V$229))/AVERAGE(V$2:V$229)*100+100 -> 86.520994 | F71: =E71*1.51744-31.775 -> 99.515417 | G71: =(Z71-AVERAGE(Z$2:Z$229))/AVERAGE(Z$2:Z$229)*100+100 -> 153.5132 | H71: =G71*0.83285-13.6979 -> 114.15557 | I71: =(AA71-AVERAGE(AA$2:AA$229))/AVERAGE(AA$2:AA$229)*100+100 -> 100.7673 | J71: =(AB71-AVERAGE(AB$2:AB$229))/AVERAGE(AB$2:AB$229)*100+100 -> 104.46557 | K71: =(AC71-AVERAGE(AC$2:AC$229))/AVERAGE(AC$2:AC$229)*100+100 -> 120.34233 | L71: =(AF71-AVERAGE(AF$2:AF$229))/AVERAGE(AF$2:AF$229)*100+100 -> 119.70001 | M71: =(AI71-AVERAGE(AI$2:AI$229))/AVERAGE(AI$2:AI$229)*100+100 -> 66.875185 | N71: =(AVERAGE(AJ$2:AJ$229)-AJ71)/AVERAGE(AJ$2:AJ$229)*100+100 -> 127.25694 | O71: =(AK71-AVERAGE(AK$2:AK$229))/AVERAGE(AK$2:AK$229)*100+100 -> 64.819996 | P71: =(AL71-AVERAGE(AL$2:AL$229))/AVERAGE(AL$2:AL$229)*100+100 -> 102.10376 | Q71: =(AM71-AVERAGE(AM$2:AM$229))/AVERAGE(AM$2:AM$229)*100+100 -> 111.27887 | R71: =(AN71-AVERAGE(AN$2:AN$229))/AVERAGE(AN$2:AN$229)*100+100 -> 125.14035 | S71: =(AO71-AVERAGE(AO$2:AO$229))/AVERAGE(AO$2:AO$229)*100+100 -> 119.09278 | T71: =(F71*1.5+H71*2.5+I71+J71+K71*1.5+L71+O71*0.75+P71+S71)/11.25 -> 107.54844 | V71: ='2025_Fantasy_Hitters_modified'!F104 -> 101.63696 | W71: ='2025_Fantasy_Hitters_modified'!G104 -> 52.600046 | X71: ='2025_Fantasy_Hitters_modified'!H104 -> 19.378149 | Y71: ='2025_Fantasy_Hitters_modified'!I104 -> 2.5633624 | Z71: ='2025_Fantasy_Hitters_modified'!J104 -> 28 | AA71: ='2025_Fantasy_Hitters_modified'!K104 -> 66.44812 | AB71: ='2025_Fantasy_Hitters_modified'!L104 -> 67 | AC71: ='2025_Fantasy_Hitters_modified'!M104 -> 54.994737 | ... AR71: ='2025_Fantasy_Hitters_modified'!AB104 -> 11.852314
A72: ='2025_Fantasy_Hitters_modified'!A220 -> TOR | B72: ='2025_Fantasy_Hitters_modified'!B220 -> George Springer | C72: ='2025_Fantasy_Hitters_modified'!D220 -> 537 | D72: ='2025_Fantasy_Hitters_modified'!E220 -> 602 | E72: =(V72-AVERAGE(V$2:V$229))/AVERAGE(V$2:V$229)*100+100 -> 110.71472 | F72: =E72*1.51744-31.775 -> 136.22795 | G72: =(Z72-AVERAGE(Z$2:Z$229))/AVERAGE(Z$2:Z$229)*100+100 -> 101.97663 | H72: =G72*0.83285-13.6979 -> 71.233334 | I72: =(AA72-AVERAGE(AA$2:AA$229))/AVERAGE(AA$2:AA$229)*100+100 -> 116.5494 | J72: =(AB72-AVERAGE(AB$2:AB$229))/AVERAGE(AB$2:AB$229)*100+100 -> 99.788005 | K72: =(AC72-AVERAGE(AC$2:AC$229))/AVERAGE(AC$2:AC$229)*100+100 -> 118.4624 | L72: =(AF72-AVERAGE(AF$2:AF$229))/AVERAGE(AF$2:AF$229)*100+100 -> 116.84027 | M72: =(AI72-AVERAGE(AI$2:AI$229))/AVERAGE(AI$2:AI$229)*100+100 -> 142.24071 | N72: =(AVERAGE(AJ$2:AJ$229)-AJ72)/AVERAGE(AJ$2:AJ$229)*100+100 -> 89.599691 | O72: =(AK72-AVERAGE(AK$2:AK$229))/AVERAGE(AK$2:AK$229)*100+100 -> 153.39261 | P72: =(AL72-AVERAGE(AL$2:AL$229))/AVERAGE(AL$2:AL$229)*100+100 -> 97.078755 | Q72: =(AM72-AVERAGE(AM$2:AM$229))/AVERAGE(AM$2:AM$229)*100+100 -> 98.192724 | R72: =(AN72-AVERAGE(AN$2:AN$229))/AVERAGE(AN$2:AN$229)*100+100 -> 93.595267 | S72: =(AO72-AVERAGE(AO$2:AO$229))/AVERAGE(AO$2:AO$229)*100+100 -> 95.601072 | T72: =(F72*1.5+H72*2.5+I72+J72+K72*1.5+L72+O72*0.75+P72+S72)/11.25 -> 106.75741 | V72: ='2025_Fantasy_Hitters_modified'!F220 -> 130.05755 | W72: ='2025_Fantasy_Hitters_modified'!G220 -> 86.621077 | X72: ='2025_Fantasy_Hitters_modified'!H220 -> 22.686049 | Y72: ='2025_Fantasy_Hitters_modified'!I220 -> 2.0155468 | Z72: ='2025_Fantasy_Hitters_modified'!J220 -> 18.6 | AA72: ='2025_Fantasy_Hitters_modified'!K220 -> 76.855172 | AB72: ='2025_Fantasy_Hitters_modified'!L220 -> 64 | AC72: ='2025_Fantasy_Hitters_modified'!M220 -> 54.135632 | ... AR72: ='2025_Fantasy_Hitters_modified'!AB220 -> 8.9926299
A73: ='2025_Fantasy_Hitters_modified'!A4 -> ARI | B73: ='2025_Fantasy_Hitters_modified'!B4 -> Eugenio Suarez | C73: ='2025_Fantasy_Hitters_modified'!D4 -> 533 | D73: ='2025_Fantasy_Hitters_modified'!E4 -> 603 | E73: =(V73-AVERAGE(V$2:V$229))/AVERAGE(V$2:V$229)*100+100 -> 105.48861 | F73: =E73*1.51744-31.775 -> 128.29764 | G73: =(Z73-AVERAGE(Z$2:Z$229))/AVERAGE(Z$2:Z$229)*100+100 -> 129.3897 | H73: =G73*0.83285-13.6979 -> 94.06431 | I73: =(AA73-AVERAGE(AA$2:AA$229))/AVERAGE(AA$2:AA$229)*100+100 -> 104.91956 | J73: =(AB73-AVERAGE(AB$2:AB$229))/AVERAGE(AB$2:AB$229)*100+100 -> 129.41257 | K73: =(AC73-AVERAGE(AC$2:AC$229))/AVERAGE(AC$2:AC$229)*100+100 -> 118.48252 | L73: =(AF73-AVERAGE(AF$2:AF$229))/AVERAGE(AF$2:AF$229)*100+100 -> 155.33117 | M73: =(AI73-AVERAGE(AI$2:AI$229))/AVERAGE(AI$2:AI$229)*100+100 -> 19.094524 | N73: =(AVERAGE(AJ$2:AJ$229)-AJ73)/AVERAGE(AJ$2:AJ$229)*100+100 -> 163.19385 | O73: =(AK73-AVERAGE(AK$2:AK$229))/AVERAGE(AK$2:AK$229)*100+100 -> 12.891133 | P73: =(AL73-AVERAGE(AL$2:AL$229))/AVERAGE(AL$2:AL$229)*100+100 -> 93.190465 | Q73: =(AM73-AVERAGE(AM$2:AM$229))/AVERAGE(AM$2:AM$229)*100+100 -> 96.697986 | R73: =(AN73-AVERAGE(AN$2:AN$229))/AVERAGE(AN$2:AN$229)*100+100 -> 98.957887 | S73: =(AO73-AVERAGE(AO$2:AO$229))/AVERAGE(AO$2:AO$229)*100+100 -> 97.971924 | T73: =(F73*1.5+H73*2.5+I73+J73+K73*1.5+L73+O73*0.75+P73+S73)/11.25 -> 106.29556 | V73: ='2025_Fantasy_Hitters_modified'!F4 -> 123.91839 | W73: ='2025_Fantasy_Hitters_modified'!G4 -> 73.897903 | X73: ='2025_Fantasy_Hitters_modified'!H4 -> 25.824536 | Y73: ='2025_Fantasy_Hitters_modified'!I4 -> 0.99722439 | Z73: ='2025_Fantasy_Hitters_modified'!J4 -> 23.6 | AA73: ='2025_Fantasy_Hitters_modified'!K4 -> 69.186207 | AB73: ='2025_Fantasy_Hitters_modified'!L4 -> 83 | AC73: ='2025_Fantasy_Hitters_modified'!M4 -> 54.144828 | ... AR73: ='2025_Fantasy_Hitters_modified'!AB4 -> 8.9792417
A74: ='2025_Fantasy_Hitters_modified'!A224 -> WSN | B74: ='2025_Fantasy_Hitters_modified'!B224 -> Dylan Crews | C74: ='2025_Fantasy_Hitters_modified'!D224 -> 521 | D74: ='2025_Fantasy_Hitters_modified'!E224 -> 576 | E74: =(V74-AVERAGE(V$2:V$229))/AVERAGE(V$2:V$229)*100+100 -> 108.01117 | F74: =E74*1.51744-31.775 -> 132.12547 | G74: =(Z74-AVERAGE(Z$2:Z$229))/AVERAGE(Z$2:Z$229)*100+100 -> 82.239215 | H74: =G74*0.83285-13.6979 -> 54.79503 | I74: =(AA74-AVERAGE(AA$2:AA$229))/AVERAGE(AA$2:AA$229)*100+100 -> 105.13855 | J74: =(AB74-AVERAGE(AB$2:AB$229))/AVERAGE(AB$2:AB$229)*100+100 -> 96.66963 | K74: =(AC74-AVERAGE(AC$2:AC$229))/AVERAGE(AC$2:AC$229)*100+100 -> 83.412588 | L74: =(AF74-AVERAGE(AF$2:AF$229))/AVERAGE(AF$2:AF$229)*100+100 -> 142.22073 | M74: =(AI74-AVERAGE(AI$2:AI$229))/AVERAGE(AI$2:AI$229)*100+100 -> 264.23238 | N74: =(AVERAGE(AJ$2:AJ$229)-AJ74)/AVERAGE(AJ$2:AJ$229)*100+100 -> -57.370834 | O74: =(AK74-AVERAGE(AK$2:AK$229))/AVERAGE(AK$2:AK$229)*100+100 -> 266.63559 | P74: =(AL74-AVERAGE(AL$2:AL$229))/AVERAGE(AL$2:AL$229)*100+100 -> 97.616689 | Q74: =(AM74-AVERAGE(AM$2:AM$229))/AVERAGE(AM$2:AM$229)*100+100 -> 94.194588 | R74: =(AN74-AVERAGE(AN$2:AN$229))/AVERAGE(AN$2:AN$229)*100+100 -> 92.485192 | S74: =(AO74-AVERAGE(AO$2:AO$229))/AVERAGE(AO$2:AO$229)*100+100 -> 93.230977 | T74: =(F74*1.5+H74*2.5+I74+J74+K74*1.5+L74+O74*0.75+P74+S74)/11.25 -> 106.23537 | V74: ='2025_Fantasy_Hitters_modified'!F224 -> 126.88167 | W74: ='2025_Fantasy_Hitters_modified'!G224 -> 83.806097 | X74: ='2025_Fantasy_Hitters_modified'!H224 -> 24.535453 | Y74: ='2025_Fantasy_Hitters_modified'!I224 -> 3.5961964 | Z74: ='2025_Fantasy_Hitters_modified'!J224 -> 15 | AA74: ='2025_Fantasy_Hitters_modified'!K224 -> 69.330612 | AB74: ='2025_Fantasy_Hitters_modified'!L224 -> 62 | AC74: ='2025_Fantasy_Hitters_modified'!M224 -> 38.118367 | ... AR74: ='2025_Fantasy_Hitters_modified'!AB224 -> 6.6177721
A75: ='2025_Fantasy_Hitters_modified'!A133 -> MIN | B75: ='2025_Fantasy_Hitters_modified'!B133 -> Matt Wallner | C75: ='2025_Fantasy_Hitters_modified'!D133 -> 438 | D75: ='2025_Fantasy_Hitters_modified'!E133 -> 508 | E75: =(V75-AVERAGE(V$2:V$229))/AVERAGE(V$2:V$229)*100+100 -> 83.724933 | F75: =E75*1.51744-31.775 -> 95.272563 | G75: =(Z75-AVERAGE(Z$2:Z$229))/AVERAGE(Z$2:Z$229)*100+100 -> 129.3897 | H75: =G75*0.83285-13.6979 -> 94.06431 | I75: =(AA75-AVERAGE(AA$2:AA$229))/AVERAGE(AA$2:AA$229)*100+100 -> 93.53935 | J75: =(AB75-AVERAGE(AB$2:AB$229))/AVERAGE(AB$2:AB$229)*100+100 -> 106.02476 | K75: =(AC75-AVERAGE(AC$2:AC$229))/AVERAGE(AC$2:AC$229)*100+100 -> 107.66115 | L75: =(AF75-AVERAGE(AF$2:AF$229))/AVERAGE(AF$2:AF$229)*100+100 -> 225.94672 | M75: =(AI75-AVERAGE(AI$2:AI$229))/AVERAGE(AI$2:AI$229)*100+100 -> 38.152913 | N75: =(AVERAGE(AJ$2:AJ$229)-AJ75)/AVERAGE(AJ$2:AJ$229)*100+100 -> 163.22867 | O75: =(AK75-AVERAGE(AK$2:AK$229))/AVERAGE(AK$2:AK$229)*100+100 -> 38.636805 | P75: =(AL75-AVERAGE(AL$2:AL$229))/AVERAGE(AL$2:AL$229)*100+100 -> 90.006487 | Q75: =(AM75-AVERAGE(AM$2:AM$229))/AVERAGE(AM$2:AM$229)*100+100 -> 101.31059 | R75: =(AN75-AVERAGE(AN$2:AN$229))/AVERAGE(AN$2:AN$229)*100+100 -> 104.82912 | S75: =(AO75-AVERAGE(AO$2:AO$229))/AVERAGE(AO$2:AO$229)*100+100 -> 103.29403 | T75: =(F75*1.5+H75*2.5+I75+J75+K75*1.5+L75+O75*0.75+P75+S75)/11.25 -> 105.54225 | V75: ='2025_Fantasy_Hitters_modified'!F133 -> 98.352408 | W75: ='2025_Fantasy_Hitters_modified'!G133 -> 52.133654 | X75: ='2025_Fantasy_Hitters_modified'!H133 -> 20.930674 | Y75: ='2025_Fantasy_Hitters_modified'!I133 -> 1.892466 | Z75: ='2025_Fantasy_Hitters_modified'!J133 -> 23.6 | AA75: ='2025_Fantasy_Hitters_modified'!K133 -> 61.681853 | AB75: ='2025_Fantasy_Hitters_modified'!L133 -> 68 | AC75: ='2025_Fantasy_Hitters_modified'!M133 -> 49.199614 | ... AR75: ='2025_Fantasy_Hitters_modified'!AB133 -> 9.6849634
A76: ='2025_Fantasy_Hitters_modified'!A90 -> HOU | B76: ='2025_Fantasy_Hitters_modified'!B90 -> Jeremy Pena | C76: ='2025_Fantasy_Hitters_modified'!D90 -> 586 | D76: ='2025_Fantasy_Hitters_modified'!E90 -> 634 | E76: =(V76-AVERAGE(V$2:V$229))/AVERAGE(V$2:V$229)*100+100 -> 131.22153 | F76: =E76*1.51744-31.775 -> 167.3458 | G76: =(Z76-AVERAGE(Z$2:Z$229))/AVERAGE(Z$2:Z$229)*100+100 -> 77.853124 | H76: =G76*0.83285-13.6979 -> 51.142074 | I76: =(AA76-AVERAGE(AA$2:AA$229))/AVERAGE(AA$2:AA$229)*100+100 -> 113.82495 | J76: =(AB76-AVERAGE(AB$2:AB$229))/AVERAGE(AB$2:AB$229)*100+100 -> 104.46557 | K76: =(AC76-AVERAGE(AC$2:AC$229))/AVERAGE(AC$2:AC$229)*100+100 -> 68.407847 | L76: =(AF76-AVERAGE(AF$2:AF$229))/AVERAGE(AF$2:AF$229)*100+100 -> 171.0197 | M76: =(AI76-AVERAGE(AI$2:AI$229))/AVERAGE(AI$2:AI$229)*100+100 -> 161.38681 | N76: =(AVERAGE(AJ$2:AJ$229)-AJ76)/AVERAGE(AJ$2:AJ$229)*100+100 -> 13.568518 | O76: =(AK76-AVERAGE(AK$2:AK$229))/AVERAGE(AK$2:AK$229)*100+100 -> 152.61506 | P76: =(AL76-AVERAGE(AL$2:AL$229))/AVERAGE(AL$2:AL$229)*100+100 -> 105.43884 | Q76: =(AM76-AVERAGE(AM$2:AM$229))/AVERAGE(AM$2:AM$229)*100+100 -> 96.267337 | R76: =(AN76-AVERAGE(AN$2:AN$229))/AVERAGE(AN$2:AN$229)*100+100 -> 92.517588 | S76: =(AO76-AVERAGE(AO$2:AO$229))/AVERAGE(AO$2:AO$229)*100+100 -> 94.15355 | T76: =(F76*1.5+H76*2.5+I76+J76+K76*1.5+L76+O76*0.75+P76+S76)/11.25 -> 105.31996 | V76: ='2025_Fantasy_Hitters_modified'!F90 -> 154.14708 | W76: ='2025_Fantasy_Hitters_modified'!G90 -> 108.72114 | X76: ='2025_Fantasy_Hitters_modified'!H90 -> 28.783441 | Y76: ='2025_Fantasy_Hitters_modified'!I90 -> 2.0223819 | Z76: ='2025_Fantasy_Hitters_modified'!J90 -> 14.2 | AA76: ='2025_Fantasy_Hitters_modified'!K90 -> 75.058616 | AB76: ='2025_Fantasy_Hitters_modified'!L90 -> 67 | AC76: ='2025_Fantasy_Hitters_modified'!M90 -> 31.261414 | ... AR76: ='2025_Fantasy_Hitters_modified'!AB90 -> 4.9308224
A77: ='2025_Fantasy_Hitters_modified'!A50 -> CHC | B77: ='2025_Fantasy_Hitters_modified'!B50 -> Dansby Swanson | C77: ='2025_Fantasy_Hitters_modified'!D50 -> 560 | D77: ='2025_Fantasy_Hitters_modified'!E50 -> 623 | E77: =(V77-AVERAGE(V$2:V$229))/AVERAGE(V$2:V$229)*100+100 -> 116.80042 | F77: =E77*1.51744-31.775 -> 145.46262 | G77: =(Z77-AVERAGE(Z$2:Z$229))/AVERAGE(Z$2:Z$229)*100+100 -> 108.55576 | H77: =G77*0.83285-13.6979 -> 76.712768 | I77: =(AA77-AVERAGE(AA$2:AA$229))/AVERAGE(AA$2:AA$229)*100+100 -> 115.39325 | J77: =(AB77-AVERAGE(AB$2:AB$229))/AVERAGE(AB$2:AB$229)*100+100 -> 115.37988 | K77: =(AC77-AVERAGE(AC$2:AC$229))/AVERAGE(AC$2:AC$229)*100+100 -> 116.42628 | L77: =(AF77-AVERAGE(AF$2:AF$229))/AVERAGE(AF$2:AF$229)*100+100 -> 66.728164 | M77: =(AI77-AVERAGE(AI$2:AI$229))/AVERAGE(AI$2:AI$229)*100+100 -> 142.16789 | N77: =(AVERAGE(AJ$2:AJ$229)-AJ77)/AVERAGE(AJ$2:AJ$229)*100+100 -> 53.845618 | O77: =(AK77-AVERAGE(AK$2:AK$229))/AVERAGE(AK$2:AK$229)*100+100 -> 140.77165 | P77: =(AL77-AVERAGE(AL$2:AL$229))/AVERAGE(AL$2:AL$229)*100+100 -> 98.208591 | Q77: =(AM77-AVERAGE(AM$2:AM$229))/AVERAGE(AM$2:AM$229)*100+100 -> 96.444172 | R77: =(AN77-AVERAGE(AN$2:AN$229))/AVERAGE(AN$2:AN$229)*100+100 -> 96.291572 | S77: =(AO77-AVERAGE(AO$2:AO$229))/AVERAGE(AO$2:AO$229)*100+100 -> 96.358149 | T77: =(F77*1.5+H77*2.5+I77+J77+K77*1.5+L77+O77*0.75+P77+S77)/11.25 -> 105.08996 | V77: ='2025_Fantasy_Hitters_modified'!F50 -> 137.20647 | W77: ='2025_Fantasy_Hitters_modified'!G50 -> 89.259107 | X77: ='2025_Fantasy_Hitters_modified'!H50 -> 27.327367 | Y77: ='2025_Fantasy_Hitters_modified'!I50 -> 1.6023344 | Z77: ='2025_Fantasy_Hitters_modified'!J50 -> 19.8 | AA77: ='2025_Fantasy_Hitters_modified'!K50 -> 76.092784 | AB77: ='2025_Fantasy_Hitters_modified'!L50 -> 74 | AC77: ='2025_Fantasy_Hitters_modified'!M50 -> 53.205155 | ... AR77: ='2025_Fantasy_Hitters_modified'!AB50 -> 8.5401532
A78: ='2025_Fantasy_Hitters_modified'!A31 -> BAL | B78: ='2025_Fantasy_Hitters_modified'!B31 -> Colton Cowser | C78: ='2025_Fantasy_Hitters_modified'!D31 -> 484 | D78: ='2025_Fantasy_Hitters_modified'!E31 -> 555 | E78: =(V78-AVERAGE(V$2:V$229))/AVERAGE(V$2:V$229)*100+100 -> 99.973231 | F78: =E78*1.51744-31.775 -> 119.92838 | G78: =(Z78-AVERAGE(Z$2:Z$229))/AVERAGE(Z$2:Z$229)*100+100 -> 115.1349 | H78: =G78*0.83285-13.6979 -> 82.192202 | I78: =(AA78-AVERAGE(AA$2:AA$229))/AVERAGE(AA$2:AA$229)*100+100 -> 110.7004 | J78: =(AB78-AVERAGE(AB$2:AB$229))/AVERAGE(AB$2:AB$229)*100+100 -> 106.02476 | K78: =(AC78-AVERAGE(AC$2:AC$229))/AVERAGE(AC$2:AC$229)*100+100 -> 123.0833 | L78: =(AF78-AVERAGE(AF$2:AF$229))/AVERAGE(AF$2:AF$229)*100+100 -> 138.12667 | M78: =(AI78-AVERAGE(AI$2:AI$229))/AVERAGE(AI$2:AI$229)*100+100 -> 84.986166 | N78: =(AVERAGE(AJ$2:AJ$229)-AJ78)/AVERAGE(AJ$2:AJ$229)*100+100 -> 89.571333 | O78: =(AK78-AVERAGE(AK$2:AK$229))/AVERAGE(AK$2:AK$229)*100+100 -> 76.075084 | P78: =(AL78-AVERAGE(AL$2:AL$229))/AVERAGE(AL$2:AL$229)*100+100 -> 97.259376 | Q78: =(AM78-AVERAGE(AM$2:AM$229))/AVERAGE(AM$2:AM$229)*100+100 -> 103.10751 | R78: =(AN78-AVERAGE(AN$2:AN$229))/AVERAGE(AN$2:AN$229)*100+100 -> 102.61316 | S78: =(AO78-AVERAGE(AO$2:AO$229))/AVERAGE(AO$2:AO$229)*100+100 -> 102.82884 | T78: =(F78*1.5+H78*2.5+I78+J78+K78*1.5+L78+O78*0.75+P78+S78)/11.25 -> 105.06617 | V78: ='2025_Fantasy_Hitters_modified'!F31 -> 117.43942 | W78: ='2025_Fantasy_Hitters_modified'!G31 -> 71.166373 | X78: ='2025_Fantasy_Hitters_modified'!H31 -> 24.363644 | Y78: ='2025_Fantasy_Hitters_modified'!I31 -> 2.0091547 | Z78: ='2025_Fantasy_Hitters_modified'!J31 -> 21 | AA78: ='2025_Fantasy_Hitters_modified'!K31 -> 72.998214 | AB78: ='2025_Fantasy_Hitters_modified'!L31 -> 68 | AC78: ='2025_Fantasy_Hitters_modified'!M31 -> 56.247321 | ... AR78: ='2025_Fantasy_Hitters_modified'!AB31 -> 10.134653
A79: ='2025_Fantasy_Hitters_modified'!A21 -> ATL | B79: ='2025_Fantasy_Hitters_modified'!B21 -> Jurickson Profar | C79: ='2025_Fantasy_Hitters_modified'!D21 -> 522 | D79: ='2025_Fantasy_Hitters_modified'!E21 -> 604 | E79: =(V79-AVERAGE(V$2:V$229))/AVERAGE(V$2:V$229)*100+100 -> 110.92603 | F79: =E79*1.51744-31.775 -> 136.54859 | G79: =(Z79-AVERAGE(Z$2:Z$229))/AVERAGE(Z$2:Z$229)*100+100 -> 87.721829 | H79: =G79*0.83285-13.6979 -> 59.361226 | I79: =(AA79-AVERAGE(AA$2:AA$229))/AVERAGE(AA$2:AA$229)*100+100 -> 115.63345 | J79: =(AB79-AVERAGE(AB$2:AB$229))/AVERAGE(AB$2:AB$229)*100+100 -> 101.34719 | K79: =(AC79-AVERAGE(AC$2:AC$229))/AVERAGE(AC$2:AC$229)*100+100 -> 138.80559 | L79: =(AF79-AVERAGE(AF$2:AF$229))/AVERAGE(AF$2:AF$229)*100+100 -> 155.56096 | M79: =(AI79-AVERAGE(AI$2:AI$229))/AVERAGE(AI$2:AI$229)*100+100 -> 66.550181 | N79: =(AVERAGE(AJ$2:AJ$229)-AJ79)/AVERAGE(AJ$2:AJ$229)*100+100 -> 126.69683 | O79: =(AK79-AVERAGE(AK$2:AK$229))/AVERAGE(AK$2:AK$229)*100+100 -> 64.184985 | P79: =(AL79-AVERAGE(AL$2:AL$229))/AVERAGE(AL$2:AL$229)*100+100 -> 100.05898 | Q79: =(AM79-AVERAGE(AM$2:AM$229))/AVERAGE(AM$2:AM$229)*100+100 -> 105.87743 | R79: =(AN79-AVERAGE(AN$2:AN$229))/AVERAGE(AN$2:AN$229)*100+100 -> 92.825456 | S79: =(AO79-AVERAGE(AO$2:AO$229))/AVERAGE(AO$2:AO$229)*100+100 -> 98.519845 | T79: =(F79*1.5+H79*2.5+I79+J79+K79*1.5+L79+O79*0.75+P79+S79)/11.25 -> 104.95053 | V79: ='2025_Fantasy_Hitters_modified'!F21 -> 130.30577 | W79: ='2025_Fantasy_Hitters_modified'!G21 -> 87.721837 | X79: ='2025_Fantasy_Hitters_modified'!H21 -> 25.067055 | Y79: ='2025_Fantasy_Hitters_modified'!I21 -> 0.98376873 | Z79: ='2025_Fantasy_Hitters_modified'!J21 -> 16 | AA79: ='2025_Fantasy_Hitters_modified'!K21 -> 76.251177 | AB79: ='2025_Fantasy_Hitters_modified'!L21 -> 65 | AC79: ='2025_Fantasy_Hitters_modified'!M21 -> 63.432182 | ... AR79: ='2025_Fantasy_Hitters_modified'!AB21 -> 10.502017
A80: ='2025_Fantasy_Hitters_modified'!A101 -> LAA | B80: ='2025_Fantasy_Hitters_modified'!B101 -> Jorge Soler | C80: ='2025_Fantasy_Hitters_modified'!D101 -> 475 | D80: ='2025_Fantasy_Hitters_modified'!E101 -> 545 | E80: =(V80-AVERAGE(V$2:V$229))/AVERAGE(V$2:V$229)*100+100 -> 93.651913 | F80: =E80*1.51744-31.775 -> 110.33616 | G80: =(Z80-AVERAGE(Z$2:Z$229))/AVERAGE(Z$2:Z$229)*100+100 -> 152.41668 | H80: =G80*0.83285-13.6979 -> 113.24233 | I80: =(AA80-AVERAGE(AA$2:AA$229))/AVERAGE(AA$2:AA$229)*100+100 -> 107.10417 | J80: =(AB80-AVERAGE(AB$2:AB$229))/AVERAGE(AB$2:AB$229)*100+100 -> 110.70232 | K80: =(AC80-AVERAGE(AC$2:AC$229))/AVERAGE(AC$2:AC$229)*100+100 -> 133.55175 | L80: =(AF80-AVERAGE(AF$2:AF$229))/AVERAGE(AF$2:AF$229)*100+100 -> 101.18791 | M80: =(AI80-AVERAGE(AI$2:AI$229))/AVERAGE(AI$2:AI$229)*100+100 -> 9.5310791 | N80: =(AVERAGE(AJ$2:AJ$229)-AJ80)/AVERAGE(AJ$2:AJ$229)*100+100 -> 200 | O80: =(AK80-AVERAGE(AK$2:AK$229))/AVERAGE(AK$2:AK$229)*100+100 -> 12.869282 | P80: =(AL80-AVERAGE(AL$2:AL$229))/AVERAGE(AL$2:AL$229)*100+100 -> 92.835944 | Q80: =(AM80-AVERAGE(AM$2:AM$229))/AVERAGE(AM$2:AM$229)*100+100 -> 100.74273 | R80: =(AN80-AVERAGE(AN$2:AN$229))/AVERAGE(AN$2:AN$229)*100+100 -> 109.21347 | S80: =(AO80-AVERAGE(AO$2:AO$229))/AVERAGE(AO$2:AO$229)*100+100 -> 105.51781 | T80: =(F80*1.5+H80*2.5+I80+J80+K80*1.5+L80+O80*0.75+P80+S80)/11.25 -> 104.5278 | V80: ='2025_Fantasy_Hitters_modified'!F101 -> 110.01372 | W80: ='2025_Fantasy_Hitters_modified'!G101 -> 59.540089 | X80: ='2025_Fantasy_Hitters_modified'!H101 -> 22.782115 | Y80: ='2025_Fantasy_Hitters_modified'!I101 -> 0.98828337 | Z80: ='2025_Fantasy_Hitters_modified'!J101 -> 27.8 | AA80: ='2025_Fantasy_Hitters_modified'!K101 -> 70.626786 | AB80: ='2025_Fantasy_Hitters_modified'!L101 -> 71 | AC80: ='2025_Fantasy_Hitters_modified'!M101 -> 61.03125 | ... AR80: ='2025_Fantasy_Hitters_modified'!AB101 -> 11.198394
A81: ='2025_Fantasy_Hitters_modified'!A147 -> NYY | B81: ='2025_Fantasy_Hitters_modified'!B147 -> Anthony Volpe | C81: ='2025_Fantasy_Hitters_modified'!D147 -> 558 | D81: ='2025_Fantasy_Hitters_modified'!E147 -> 615 | E81: =(V81-AVERAGE(V$2:V$229))/AVERAGE(V$2:V$229)*100+100 -> 112.99468 | F81: =E81*1.51744-31.775 -> 139.68764 | G81: =(Z81-AVERAGE(Z$2:Z$229))/AVERAGE(Z$2:Z$229)*100+100 -> 72.370509 | H81: =G81*0.83285-13.6979 -> 46.575879 | I81: =(AA81-AVERAGE(AA$2:AA$229))/AVERAGE(AA$2:AA$229)*100+100 -> 113.29028 | J81: =(AB81-AVERAGE(AB$2:AB$229))/AVERAGE(AB$2:AB$229)*100+100 -> 91.992067 | K81: =(AC81-AVERAGE(AC$2:AC$229))/AVERAGE(AC$2:AC$229)*100+100 -> 95.586321 | L81: =(AF81-AVERAGE(AF$2:AF$229))/AVERAGE(AF$2:AF$229)*100+100 -> 120.53531 | M81: =(AI81-AVERAGE(AI$2:AI$229))/AVERAGE(AI$2:AI$229)*100+100 -> 247.86277 | N81: =(AVERAGE(AJ$2:AJ$229)-AJ81)/AVERAGE(AJ$2:AJ$229)*100+100 -> -22.308107 | O81: =(AK81-AVERAGE(AK$2:AK$229))/AVERAGE(AK$2:AK$229)*100+100 -> 256.81314 | P81: =(AL81-AVERAGE(AL$2:AL$229))/AVERAGE(AL$2:AL$229)*100+100 -> 95.349165 | Q81: =(AM81-AVERAGE(AM$2:AM$229))/AVERAGE(AM$2:AM$229)*100+100 -> 92.718807 | R81: =(AN81-AVERAGE(AN$2:AN$229))/AVERAGE(AN$2:AN$229)*100+100 -> 86.579198 | S81: =(AO81-AVERAGE(AO$2:AO$229))/AVERAGE(AO$2:AO$229)*100+100 -> 89.257822 | T81: =(F81*1.5+H81*2.5+I81+J81+K81*1.5+L81+O81*0.75+P81+S81)/11.25 -> 104.21201 | V81: ='2025_Fantasy_Hitters_modified'!F147 -> 132.73583 | W81: ='2025_Fantasy_Hitters_modified'!G147 -> 87.789096 | X81: ='2025_Fantasy_Hitters_modified'!H147 -> 25.685385 | Y81: ='2025_Fantasy_Hitters_modified'!I147 -> 4.0800073 | Z81: ='2025_Fantasy_Hitters_modified'!J147 -> 13.2 | AA81: ='2025_Fantasy_Hitters_modified'!K147 -> 74.706038 | AB81: ='2025_Fantasy_Hitters_modified'!L147 -> 59 | AC81: ='2025_Fantasy_Hitters_modified'!M147 -> 43.681591 | ... AR81: ='2025_Fantasy_Hitters_modified'!AB147 -> 7.1026977
A82: ='2025_Fantasy_Hitters_modified'!A57 -> CHW | B82: ='2025_Fantasy_Hitters_modified'!B57 -> Andrew Vaughn | C82: ='2025_Fantasy_Hitters_modified'!D57 -> 547 | D82: ='2025_Fantasy_Hitters_modified'!E57 -> 601 | E82: =(V82-AVERAGE(V$2:V$229))/AVERAGE(V$2:V$229)*100+100 -> 119.29665 | F82: =E82*1.51744-31.775 -> 149.25051 | G82: =(Z82-AVERAGE(Z$2:Z$229))/AVERAGE(Z$2:Z$229)*100+100 -> 127.19665 | H82: =G82*0.83285-13.6979 -> 92.237832 | I82: =(AA82-AVERAGE(AA$2:AA$229))/AVERAGE(AA$2:AA$229)*100+100 -> 99.557461 | J82: =(AB82-AVERAGE(AB$2:AB$229))/AVERAGE(AB$2:AB$229)*100+100 -> 120.05744 | K82: =(AC82-AVERAGE(AC$2:AC$229))/AVERAGE(AC$2:AC$229)*100+100 -> 87.743926 | L82: =(AF82-AVERAGE(AF$2:AF$229))/AVERAGE(AF$2:AF$229)*100+100 -> 151.98105 | M82: =(AI82-AVERAGE(AI$2:AI$229))/AVERAGE(AI$2:AI$229)*100+100 -> 9.5334062 | N82: =(AVERAGE(AJ$2:AJ$229)-AJ82)/AVERAGE(AJ$2:AJ$229)*100+100 -> 200 | O82: =(AK82-AVERAGE(AK$2:AK$229))/AVERAGE(AK$2:AK$229)*100+100 -> 12.872424 | P82: =(AL82-AVERAGE(AL$2:AL$229))/AVERAGE(AL$2:AL$229)*100+100 -> 102.69139 | Q82: =(AM82-AVERAGE(AM$2:AM$229))/AVERAGE(AM$2:AM$229)*100+100 -> 97.716529 | R82: =(AN82-AVERAGE(AN$2:AN$229))/AVERAGE(AN$2:AN$229)*100+100 -> 103.7553 | S82: =(AO82-AVERAGE(AO$2:AO$229))/AVERAGE(AO$2:AO$229)*100+100 -> 101.12067 | T82: =(F82*1.5+H82*2.5+I82+J82+K82*1.5+L82+O82*0.75+P82+S82)/11.25 -> 104.10209 | V82: ='2025_Fantasy_Hitters_modified'!F57 -> 140.13881 | W82: ='2025_Fantasy_Hitters_modified'!G57 -> 87.148342 | X82: ='2025_Fantasy_Hitters_modified'!H57 -> 28.472058 | Y82: ='2025_Fantasy_Hitters_modified'!I57 -> 0.99792755 | Z82: ='2025_Fantasy_Hitters_modified'!J57 -> 23.2 | AA82: ='2025_Fantasy_Hitters_modified'!K57 -> 65.650325 | AB82: ='2025_Fantasy_Hitters_modified'!L57 -> 77 | AC82: ='2025_Fantasy_Hitters_modified'!M57 -> 40.097727 | ... AR82: ='2025_Fantasy_Hitters_modified'!AB57 -> 6.6718348
A83: ='2025_Fantasy_Hitters_modified'!A144 -> NYM | B83: ='2025_Fantasy_Hitters_modified'!B144 -> Mark Vientos | C83: ='2025_Fantasy_Hitters_modified'!D144 -> 551 | D83: ='2025_Fantasy_Hitters_modified'!E144 -> 606 | E83: =(V83-AVERAGE(V$2:V$229))/AVERAGE(V$2:V$229)*100+100 -> 110.9586 | F83: =E83*1.51744-31.775 -> 136.59802 | G83: =(Z83-AVERAGE(Z$2:Z$229))/AVERAGE(Z$2:Z$229)*100+100 -> 154.60972 | H83: =G83*0.83285-13.6979 -> 115.06881 | I83: =(AA83-AVERAGE(AA$2:AA$229))/AVERAGE(AA$2:AA$229)*100+100 -> 109.23953 | J83: =(AB83-AVERAGE(AB$2:AB$229))/AVERAGE(AB$2:AB$229)*100+100 -> 134.09013 | K83: =(AC83-AVERAGE(AC$2:AC$229))/AVERAGE(AC$2:AC$229)*100+100 -> 97.024125 | L83: =(AF83-AVERAGE(AF$2:AF$229))/AVERAGE(AF$2:AF$229)*100+100 -> 86.032153 | M83: =(AI83-AVERAGE(AI$2:AI$229))/AVERAGE(AI$2:AI$229)*100+100 -> 9.4718888 | N83: =(AVERAGE(AJ$2:AJ$229)-AJ83)/AVERAGE(AJ$2:AJ$229)*100+100 -> 200 | O83: =(AK83-AVERAGE(AK$2:AK$229))/AVERAGE(AK$2:AK$229)*100+100 -> 12.789361 | P83: =(AL83-AVERAGE(AL$2:AL$229))/AVERAGE(AL$2:AL$229)*100+100 -> 94.820556 | Q83: =(AM83-AVERAGE(AM$2:AM$229))/AVERAGE(AM$2:AM$229)*100+100 -> 91.959151 | R83: =(AN83-AVERAGE(AN$2:AN$229))/AVERAGE(AN$2:AN$229)*100+100 -> 104.37513 | S83: =(AO83-AVERAGE(AO$2:AO$229))/AVERAGE(AO$2:AO$229)*100+100 -> 98.958213 | T83: =(F83*1.5+H83*2.5+I83+J83+K83*1.5+L83+O83*0.75+P83+S83)/11.25 -> 104.07448 | V83: ='2025_Fantasy_Hitters_modified'!F144 -> 130.34404 | W83: ='2025_Fantasy_Hitters_modified'!G144 -> 76.759727 | X83: ='2025_Fantasy_Hitters_modified'!H144 -> 25.283178 | Y83: ='2025_Fantasy_Hitters_modified'!I144 -> 0.98596839 | Z83: ='2025_Fantasy_Hitters_modified'!J144 -> 28.2 | AA83: ='2025_Fantasy_Hitters_modified'!K144 -> 72.034887 | AB83: ='2025_Fantasy_Hitters_modified'!L144 -> 86 | AC83: ='2025_Fantasy_Hitters_modified'!M144 -> 44.338647 | ... AR83: ='2025_Fantasy_Hitters_modified'!AB144 -> 7.3166084
A84: ='2025_Fantasy_Hitters_modified'!A99 -> KCR | B84: ='2025_Fantasy_Hitters_modified'!B99 -> Vinnie Pasquantino | C84: ='2025_Fantasy_Hitters_modified'!D99 -> 530 | D84: ='2025_Fantasy_Hitters_modified'!E99 -> 596 | E84: =(V84-AVERAGE(V$2:V$229))/AVERAGE(V$2:V$229)*100+100 -> 118.39216 | F84: =E84*1.51744-31.775 -> 147.878 | G84: =(Z84-AVERAGE(Z$2:Z$229))/AVERAGE(Z$2:Z$229)*100+100 -> 114.03838 | H84: =G84*0.83285-13.6979 -> 81.278963 | I84: =(AA84-AVERAGE(AA$2:AA$229))/AVERAGE(AA$2:AA$229)*100+100 -> 106.41363 | J84: =(AB84-AVERAGE(AB$2:AB$229))/AVERAGE(AB$2:AB$229)*100+100 -> 130.97176 | K84: =(AC84-AVERAGE(AC$2:AC$229))/AVERAGE(AC$2:AC$229)*100+100 -> 116.38652 | L84: =(AF84-AVERAGE(AF$2:AF$229))/AVERAGE(AF$2:AF$229)*100+100 -> 101.66377 | M84: =(AI84-AVERAGE(AI$2:AI$229))/AVERAGE(AI$2:AI$229)*100+100 -> 19.010203 | N84: =(AVERAGE(AJ$2:AJ$229)-AJ84)/AVERAGE(AJ$2:AJ$229)*100+100 -> 200 | O84: =(AK84-AVERAGE(AK$2:AK$229))/AVERAGE(AK$2:AK$229)*100+100 -> 25.668412 | P84: =(AL84-AVERAGE(AL$2:AL$229))/AVERAGE(AL$2:AL$229)*100+100 -> 105.1817 | Q84: =(AM84-AVERAGE(AM$2:AM$229))/AVERAGE(AM$2:AM$229)*100+100 -> 103.66234 | R84: =(AN84-AVERAGE(AN$2:AN$229))/AVERAGE(AN$2:AN$229)*100+100 -> 105.90979 | S84: =(AO84-AVERAGE(AO$2:AO$229))/AVERAGE(AO$2:AO$229)*100+100 -> 104.92926 | T84: =(F84*1.5+H84*2.5+I84+J84+K84*1.5+L84+O84*0.75+P84+S84)/11.25 -> 103.82272 | V84: ='2025_Fantasy_Hitters_modified'!F99 -> 139.0763 | W84: ='2025_Fantasy_Hitters_modified'!G99 -> 84.483074 | X84: ='2025_Fantasy_Hitters_modified'!H99 -> 31.805393 | Y84: ='2025_Fantasy_Hitters_modified'!I99 -> 1.987837 | Z84: ='2025_Fantasy_Hitters_modified'!J99 -> 20.8 | AA84: ='2025_Fantasy_Hitters_modified'!K99 -> 70.171429 | AB84: ='2025_Fantasy_Hitters_modified'!L99 -> 84 | AC84: ='2025_Fantasy_Hitters_modified'!M99 -> 53.186984 | ... AR84: ='2025_Fantasy_Hitters_modified'!AB99 -> 8.9239906
A85: ='2025_Fantasy_Hitters_modified'!A48 -> BOS | B85: ='2025_Fantasy_Hitters_modified'!B48 -> Triston Casas | C85: ='2025_Fantasy_Hitters_modified'!D48 -> 497 | D85: ='2025_Fantasy_Hitters_modified'!E48 -> 578 | E85: =(V85-AVERAGE(V$2:V$229))/AVERAGE(V$2:V$229)*100+100 -> 100.55077 | F85: =E85*1.51744-31.775 -> 120.80476 | G85: =(Z85-AVERAGE(Z$2:Z$229))/AVERAGE(Z$2:Z$229)*100+100 -> 135.96884 | H85: =G85*0.83285-13.6979 -> 99.543745 | I85: =(AA85-AVERAGE(AA$2:AA$229))/AVERAGE(AA$2:AA$229)*100+100 -> 107.64294 | J85: =(AB85-AVERAGE(AB$2:AB$229))/AVERAGE(AB$2:AB$229)*100+100 -> 121.61663 | K85: =(AC85-AVERAGE(AC$2:AC$229))/AVERAGE(AC$2:AC$229)*100+100 -> 154.66797 | L85: =(AF85-AVERAGE(AF$2:AF$229))/AVERAGE(AF$2:AF$229)*100+100 -> 66.180924 | M85: =(AI85-AVERAGE(AI$2:AI$229))/AVERAGE(AI$2:AI$229)*100+100 -> 9.5185776 | N85: =(AVERAGE(AJ$2:AJ$229)-AJ85)/AVERAGE(AJ$2:AJ$229)*100+100 -> 200 | O85: =(AK85-AVERAGE(AK$2:AK$229))/AVERAGE(AK$2:AK$229)*100+100 -> 12.852402 | P85: =(AL85-AVERAGE(AL$2:AL$229))/AVERAGE(AL$2:AL$229)*100+100 -> 95.262534 | Q85: =(AM85-AVERAGE(AM$2:AM$229))/AVERAGE(AM$2:AM$229)*100+100 -> 104.82076 | R85: =(AN85-AVERAGE(AN$2:AN$229))/AVERAGE(AN$2:AN$229)*100+100 -> 104.81141 | S85: =(AO85-AVERAGE(AO$2:AO$229))/AVERAGE(AO$2:AO$229)*100+100 -> 104.81549 | T85: =(F85*1.5+H85*2.5+I85+J85+K85*1.5+L85+O85*0.75+P85+S85)/11.25 -> 103.75345 | V85: ='2025_Fantasy_Hitters_modified'!F48 -> 118.11787 | W85: ='2025_Fantasy_Hitters_modified'!G48 -> 68.387061 | X85: ='2025_Fantasy_Hitters_modified'!H48 -> 23.329466 | Y85: ='2025_Fantasy_Hitters_modified'!I48 -> 1.9771266 | Z85: ='2025_Fantasy_Hitters_modified'!J48 -> 24.8 | AA85: ='2025_Fantasy_Hitters_modified'!K48 -> 70.98206 | AB85: ='2025_Fantasy_Hitters_modified'!L48 -> 78 | AC85: ='2025_Fantasy_Hitters_modified'!M48 -> 70.681063 | ... AR85: ='2025_Fantasy_Hitters_modified'!AB48 -> 12.228558
A86: ='2025_Fantasy_Hitters_modified'!A176 -> SEA | B86: ='2025_Fantasy_Hitters_modified'!B176 -> Cal Raleigh | C86: ='2025_Fantasy_Hitters_modified'!D176 -> 507 | D86: ='2025_Fantasy_Hitters_modified'!E176 -> 573 | E86: =(V86-AVERAGE(V$2:V$229))/AVERAGE(V$2:V$229)*100+100 -> 94.341351 | F86: =E86*1.51744-31.775 -> 111.38234 | G86: =(Z86-AVERAGE(Z$2:Z$229))/AVERAGE(Z$2:Z$229)*100+100 -> 154.60972 | H86: =G86*0.83285-13.6979 -> 115.06881 | I86: =(AA86-AVERAGE(AA$2:AA$229))/AVERAGE(AA$2:AA$229)*100+100 -> 101.60058 | J86: =(AB86-AVERAGE(AB$2:AB$229))/AVERAGE(AB$2:AB$229)*100+100 -> 129.41257 | K86: =(AC86-AVERAGE(AC$2:AC$229))/AVERAGE(AC$2:AC$229)*100+100 -> 126.67955 | L86: =(AF86-AVERAGE(AF$2:AF$229))/AVERAGE(AF$2:AF$229)*100+100 -> 84.192393 | M86: =(AI86-AVERAGE(AI$2:AI$229))/AVERAGE(AI$2:AI$229)*100+100 -> 28.61603 | N86: =(AVERAGE(AJ$2:AJ$229)-AJ86)/AVERAGE(AJ$2:AJ$229)*100+100 -> 163.22694 | O86: =(AK86-AVERAGE(AK$2:AK$229))/AVERAGE(AK$2:AK$229)*100+100 -> 25.759081 | P86: =(AL86-AVERAGE(AL$2:AL$229))/AVERAGE(AL$2:AL$229)*100+100 -> 87.616772 | Q86: =(AM86-AVERAGE(AM$2:AM$229))/AVERAGE(AM$2:AM$229)*100+100 -> 94.050916 | R86: =(AN86-AVERAGE(AN$2:AN$229))/AVERAGE(AN$2:AN$229)*100+100 -> 102.83951 | S86: =(AO86-AVERAGE(AO$2:AO$229))/AVERAGE(AO$2:AO$229)*100+100 -> 99.005174 | T86: =(F86*1.5+H86*2.5+I86+J86+K86*1.5+L86+O86*0.75+P86+S86)/11.25 -> 103.63659 | V86: ='2025_Fantasy_Hitters_modified'!F176 -> 110.82361 | W86: ='2025_Fantasy_Hitters_modified'!G176 -> 59.101069 | X86: ='2025_Fantasy_Hitters_modified'!H176 -> 22.721492 | Y86: ='2025_Fantasy_Hitters_modified'!I176 -> 1.0125808 | Z86: ='2025_Fantasy_Hitters_modified'!J176 -> 28.2 | AA86: ='2025_Fantasy_Hitters_modified'!K176 -> 66.997603 | AB86: ='2025_Fantasy_Hitters_modified'!L176 -> 83 | AC86: ='2025_Fantasy_Hitters_modified'!M176 -> 57.890753 | ... AR86: ='2025_Fantasy_Hitters_modified'!AB176 -> 10.103098
A87: ='2025_Fantasy_Hitters_modified'!A35 -> BAL | B87: ='2025_Fantasy_Hitters_modified'!B35 -> Jordan Westburg | C87: ='2025_Fantasy_Hitters_modified'!D35 -> 517 | D87: ='2025_Fantasy_Hitters_modified'!E35 -> 568 | E87: =(V87-AVERAGE(V$2:V$229))/AVERAGE(V$2:V$229)*100+100 -> 113.75209 | F87: =E87*1.51744-31.775 -> 140.83696 | G87: =(Z87-AVERAGE(Z$2:Z$229))/AVERAGE(Z$2:Z$229)*100+100 -> 112.94186 | H87: =G87*0.83285-13.6979 -> 80.365724 | I87: =(AA87-AVERAGE(AA$2:AA$229))/AVERAGE(AA$2:AA$229)*100+100 -> 109.49984 | J87: =(AB87-AVERAGE(AB$2:AB$229))/AVERAGE(AB$2:AB$229)*100+100 -> 113.82069 | K87: =(AC87-AVERAGE(AC$2:AC$229))/AVERAGE(AC$2:AC$229)*100+100 -> 83.39537 | L87: =(AF87-AVERAGE(AF$2:AF$229))/AVERAGE(AF$2:AF$229)*100+100 -> 122.37347 | M87: =(AI87-AVERAGE(AI$2:AI$229))/AVERAGE(AI$2:AI$229)*100+100 -> 93.484372 | N87: =(AVERAGE(AJ$2:AJ$229)-AJ87)/AVERAGE(AJ$2:AJ$229)*100+100 -> 126.47997 | O87: =(AK87-AVERAGE(AK$2:AK$229))/AVERAGE(AK$2:AK$229)*100+100 -> 100.47676 | P87: =(AL87-AVERAGE(AL$2:AL$229))/AVERAGE(AL$2:AL$229)*100+100 -> 103.60052 | Q87: =(AM87-AVERAGE(AM$2:AM$229))/AVERAGE(AM$2:AM$229)*100+100 -> 98.219987 | R87: =(AN87-AVERAGE(AN$2:AN$229))/AVERAGE(AN$2:AN$229)*100+100 -> 105.36248 | S87: =(AO87-AVERAGE(AO$2:AO$229))/AVERAGE(AO$2:AO$229)*100+100 -> 102.24631 | T87: =(F87*1.5+H87*2.5+I87+J87+K87*1.5+L87+O87*0.75+P87+S87)/11.25 -> 103.481 | V87: ='2025_Fantasy_Hitters_modified'!F35 -> 133.62556 | W87: ='2025_Fantasy_Hitters_modified'!G35 -> 81.611182 | X87: ='2025_Fantasy_Hitters_modified'!H35 -> 27.760665 | Y87: ='2025_Fantasy_Hitters_modified'!I35 -> 3.5697826 | Z87: ='2025_Fantasy_Hitters_modified'!J35 -> 20.6 | AA87: ='2025_Fantasy_Hitters_modified'!K35 -> 72.20654 | AB87: ='2025_Fantasy_Hitters_modified'!L35 -> 73 | AC87: ='2025_Fantasy_Hitters_modified'!M35 -> 38.110499 | ... AR87: ='2025_Fantasy_Hitters_modified'!AB35 -> 6.7095949
A88: ='2025_Fantasy_Hitters_modified'!A157 -> PHI | B88: ='2025_Fantasy_Hitters_modified'!B157 -> Bryson Stott | C88: ='2025_Fantasy_Hitters_modified'!D157 -> 534 | D88: ='2025_Fantasy_Hitters_modified'!E157 -> 592 | E88: =(V88-AVERAGE(V$2:V$229))/AVERAGE(V$2:V$229)*100+100 -> 115.97995 | F88: =E88*1.51744-31.775 -> 144.21761 | G88: =(Z88-AVERAGE(Z$2:Z$229))/AVERAGE(Z$2:Z$229)*100+100 -> 65.791372 | H88: =G88*0.83285-13.6979 -> 41.096444 | I88: =(AA88-AVERAGE(AA$2:AA$229))/AVERAGE(AA$2:AA$229)*100+100 -> 108.82043 | J88: =(AB88-AVERAGE(AB$2:AB$229))/AVERAGE(AB$2:AB$229)*100+100 -> 91.992067 | K88: =(AC88-AVERAGE(AC$2:AC$229))/AVERAGE(AC$2:AC$229)*100+100 -> 105.4771 | L88: =(AF88-AVERAGE(AF$2:AF$229))/AVERAGE(AF$2:AF$229)*100+100 -> 66.803017 | M88: =(AI88-AVERAGE(AI$2:AI$229))/AVERAGE(AI$2:AI$229)*100+100 -> 266.03089 | N88: =(AVERAGE(AJ$2:AJ$229)-AJ88)/AVERAGE(AJ$2:AJ$229)*100+100 -> 17.457259 | O88: =(AK88-AVERAGE(AK$2:AK$229))/AVERAGE(AK$2:AK$229)*100+100 -> 295.2721 | P88: =(AL88-AVERAGE(AL$2:AL$229))/AVERAGE(AL$2:AL$229)*100+100 -> 102.26682 | Q88: =(AM88-AVERAGE(AM$2:AM$229))/AVERAGE(AM$2:AM$229)*100+100 -> 98.480671 | R88: =(AN88-AVERAGE(AN$2:AN$229))/AVERAGE(AN$2:AN$229)*100+100 -> 89.426833 | S88: =(AO88-AVERAGE(AO$2:AO$229))/AVERAGE(AO$2:AO$229)*100+100 -> 93.376893 | T88: =(F88*1.5+H88*2.5+I88+J88+K88*1.5+L88+O88*0.75+P88+S88)/11.25 -> 103.28858 | V88: ='2025_Fantasy_Hitters_modified'!F157 -> 136.24265 | W88: ='2025_Fantasy_Hitters_modified'!G157 -> 95.129793 | X88: ='2025_Fantasy_Hitters_modified'!H157 -> 24.84853 | Y88: ='2025_Fantasy_Hitters_modified'!I157 -> 3.0058706 | Z88: ='2025_Fantasy_Hitters_modified'!J157 -> 12 | AA88: ='2025_Fantasy_Hitters_modified'!K157 -> 71.758525 | AB88: ='2025_Fantasy_Hitters_modified'!L157 -> 59 | AC88: ='2025_Fantasy_Hitters_modified'!M157 -> 48.201536 | ... AR88: ='2025_Fantasy_Hitters_modified'!AB157 -> 8.1421514
A89: ='2025_Fantasy_Hitters_modified'!A98 -> KCR | B89: ='2025_Fantasy_Hitters_modified'!B98 -> Salvador Perez | C89: ='2025_Fantasy_Hitters_modified'!D98 -> 539 | D89: ='2025_Fantasy_Hitters_modified'!E98 -> 585 | E89: =(V89-AVERAGE(V$2:V$229))/AVERAGE(V$2:V$229)*100+100 -> 115.61744 | F89: =E89*1.51744-31.775 -> 143.66753 | G89: =(Z89-AVERAGE(Z$2:Z$229))/AVERAGE(Z$2:Z$229)*100+100 -> 131.58274 | H89: =G89*0.83285-13.6979 -> 95.890789 | I89: =(AA89-AVERAGE(AA$2:AA$229))/AVERAGE(AA$2:AA$229)*100+100 -> 95.618579 | J89: =(AB89-AVERAGE(AB$2:AB$229))/AVERAGE(AB$2:AB$229)*100+100 -> 134.09013 | K89: =(AC89-AVERAGE(AC$2:AC$229))/AVERAGE(AC$2:AC$229)*100+100 -> 67.954874 | L89: =(AF89-AVERAGE(AF$2:AF$229))/AVERAGE(AF$2:AF$229)*100+100 -> 173.31276 | M89: =(AI89-AVERAGE(AI$2:AI$229))/AVERAGE(AI$2:AI$229)*100+100 -> 0 | N89: =(AVERAGE(AJ$2:AJ$229)-AJ89)/AVERAGE(AJ$2:AJ$229)*100+100 -> 200 | O89: =(AK89-AVERAGE(AK$2:AK$229))/AVERAGE(AK$2:AK$229)*100+100 -> 0 | P89: =(AL89-AVERAGE(AL$2:AL$229))/AVERAGE(AL$2:AL$229)*100+100 -> 101.00147 | Q89: =(AM89-AVERAGE(AM$2:AM$229))/AVERAGE(AM$2:AM$229)*100+100 -> 95.600777 | R89: =(AN89-AVERAGE(AN$2:AN$229))/AVERAGE(AN$2:AN$229)*100+100 -> 104.17169 | S89: =(AO89-AVERAGE(AO$2:AO$229))/AVERAGE(AO$2:AO$229)*100+100 -> 100.43232 | T89: =(F89*1.5+H89*2.5+I89+J89+K89*1.5+L89+O89*0.75+P89+S89)/11.25 -> 103.25474 | V89: ='2025_Fantasy_Hitters_modified'!F98 -> 135.81681 | W89: ='2025_Fantasy_Hitters_modified'!G98 -> 84.997336 | X89: ='2025_Fantasy_Hitters_modified'!H98 -> 26.671901 | Y89: ='2025_Fantasy_Hitters_modified'!I98 -> 0.99511614 | Z89: ='2025_Fantasy_Hitters_modified'!J98 -> 24 | AA89: ='2025_Fantasy_Hitters_modified'!K98 -> 63.052941 | AB89: ='2025_Fantasy_Hitters_modified'!L98 -> 86 | AC89: ='2025_Fantasy_Hitters_modified'!M98 -> 31.054412 | ... AR89: ='2025_Fantasy_Hitters_modified'!AB98 -> 5.3084465
A90: ='2025_Fantasy_Hitters_modified'!A76 -> COL | B90: ='2025_Fantasy_Hitters_modified'!B76 -> Ezequiel Tovar | C90: ='2025_Fantasy_Hitters_modified'!D76 -> 604 | D90: ='2025_Fantasy_Hitters_modified'!E76 -> 643 | E90: =(V90-AVERAGE(V$2:V$229))/AVERAGE(V$2:V$229)*100+100 -> 136.39569 | F90: =E90*1.51744-31.775 -> 175.19728 | G90: =(Z90-AVERAGE(Z$2:Z$229))/AVERAGE(Z$2:Z$229)*100+100 -> 120.61752 | H90: =G90*0.83285-13.6979 -> 86.758398 | I90: =(AA90-AVERAGE(AA$2:AA$229))/AVERAGE(AA$2:AA$229)*100+100 -> 119.20026 | J90: =(AB90-AVERAGE(AB$2:AB$229))/AVERAGE(AB$2:AB$229)*100+100 -> 118.49826 | K90: =(AC90-AVERAGE(AC$2:AC$229))/AVERAGE(AC$2:AC$229)*100+100 -> 65.030953 | L90: =(AF90-AVERAGE(AF$2:AF$229))/AVERAGE(AF$2:AF$229)*100+100 -> 83.540705 | M90: =(AI90-AVERAGE(AI$2:AI$229))/AVERAGE(AI$2:AI$229)*100+100 -> 85.470966 | N90: =(AVERAGE(AJ$2:AJ$229)-AJ90)/AVERAGE(AJ$2:AJ$229)*100+100 -> 86.71215 | O90: =(AK90-AVERAGE(AK$2:AK$229))/AVERAGE(AK$2:AK$229)*100+100 -> 75.72827 | P90: =(AL90-AVERAGE(AL$2:AL$229))/AVERAGE(AL$2:AL$229)*100+100 -> 106.33025 | Q90: =(AM90-AVERAGE(AM$2:AM$229))/AVERAGE(AM$2:AM$229)*100+100 -> 93.63788 | R90: =(AN90-AVERAGE(AN$2:AN$229))/AVERAGE(AN$2:AN$229)*100+100 -> 103.31809 | S90: =(AO90-AVERAGE(AO$2:AO$229))/AVERAGE(AO$2:AO$229)*100+100 -> 99.094752 | T90: =(F90*1.5+H90*2.5+I90+J90+K90*1.5+L90+O90*0.75+P90+S90)/11.25 -> 103.17322 | V90: ='2025_Fantasy_Hitters_modified'!F76 -> 160.22521 | W90: ='2025_Fantasy_Hitters_modified'!G76 -> 99.689285 | X90: ='2025_Fantasy_Hitters_modified'!H76 -> 32.523578 | Y90: ='2025_Fantasy_Hitters_modified'!I76 -> 3.6769712 | Z90: ='2025_Fantasy_Hitters_modified'!J76 -> 22 | AA90: ='2025_Fantasy_Hitters_modified'!K76 -> 78.603207 | AB90: ='2025_Fantasy_Hitters_modified'!L76 -> 76 | AC90: ='2025_Fantasy_Hitters_modified'!M76 -> 29.718222 | ... AR90: ='2025_Fantasy_Hitters_modified'!AB76 -> 4.6218074
A91: ='2025_Fantasy_Hitters_modified'!A28 -> BAL | B91: ='2025_Fantasy_Hitters_modified'!B28 -> Adley Rutschman | C91: ='2025_Fantasy_Hitters_modified'!D28 -> 536 | D91: ='2025_Fantasy_Hitters_modified'!E28 -> 613 | E91: =(V91-AVERAGE(V$2:V$229))/AVERAGE(V$2:V$229)*100+100 -> 118.19612 | F91: =E91*1.51744-31.775 -> 147.58052 | G91: =(Z91-AVERAGE(Z$2:Z$229))/AVERAGE(Z$2:Z$229)*100+100 -> 105.2662 | H91: =G91*0.83285-13.6979 -> 73.973051 | I91: =(AA91-AVERAGE(AA$2:AA$229))/AVERAGE(AA$2:AA$229)*100+100 -> 114.10872 | J91: =(AB91-AVERAGE(AB$2:AB$229))/AVERAGE(AB$2:AB$229)*100+100 -> 113.82069 | K91: =(AC91-AVERAGE(AC$2:AC$229))/AVERAGE(AC$2:AC$229)*100+100 -> 145.09006 | L91: =(AF91-AVERAGE(AF$2:AF$229))/AVERAGE(AF$2:AF$229)*100+100 -> 82.218618 | M91: =(AI91-AVERAGE(AI$2:AI$229))/AVERAGE(AI$2:AI$229)*100+100 -> 19.20142 | N91: =(AVERAGE(AJ$2:AJ$229)-AJ91)/AVERAGE(AJ$2:AJ$229)*100+100 -> 200 | O91: =(AK91-AVERAGE(AK$2:AK$229))/AVERAGE(AK$2:AK$229)*100+100 -> 25.926601 | P91: =(AL91-AVERAGE(AL$2:AL$229))/AVERAGE(AL$2:AL$229)*100+100 -> 103.83208 | Q91: =(AM91-AVERAGE(AM$2:AM$229))/AVERAGE(AM$2:AM$229)*100+100 -> 106.67583 | R91: =(AN91-AVERAGE(AN$2:AN$229))/AVERAGE(AN$2:AN$229)*100+100 -> 99.001964 | S91: =(AO91-AVERAGE(AO$2:AO$229))/AVERAGE(AO$2:AO$229)*100+100 -> 102.34996 | T91: =(F91*1.5+H91*2.5+I91+J91+K91*1.5+L91+O91*0.75+P91+S91)/11.25 -> 103.08565 | V91: ='2025_Fantasy_Hitters_modified'!F28 -> 138.84601 | W91: ='2025_Fantasy_Hitters_modified'!G28 -> 90.993 | X91: ='2025_Fantasy_Hitters_modified'!H28 -> 26.141146 | Y91: ='2025_Fantasy_Hitters_modified'!I28 -> 1.4060096 | Z91: ='2025_Fantasy_Hitters_modified'!J28 -> 19.2 | AA91: ='2025_Fantasy_Hitters_modified'!K28 -> 75.245734 | AB91: ='2025_Fantasy_Hitters_modified'!L28 -> 73 | AC91: ='2025_Fantasy_Hitters_modified'!M28 -> 66.304096 | ... AR91: ='2025_Fantasy_Hitters_modified'!AB28 -> 10.816329
A92: ='2025_Fantasy_Hitters_modified'!A73 -> CLE | B92: ='2025_Fantasy_Hitters_modified'!B73 -> Lane Thomas | C92: ='2025_Fantasy_Hitters_modified'!D73 -> 510 | D92: ='2025_Fantasy_Hitters_modified'!E73 -> 567 | E92: =(V92-AVERAGE(V$2:V$229))/AVERAGE(V$2:V$229)*100+100 -> 103.72741 | F92: =E92*1.51744-31.775 -> 125.62513 | G92: =(Z92-AVERAGE(Z$2:Z$229))/AVERAGE(Z$2:Z$229)*100+100 -> 91.011398 | H92: =G92*0.83285-13.6979 -> 62.100943 | I92: =(AA92-AVERAGE(AA$2:AA$229))/AVERAGE(AA$2:AA$229)*100+100 -> 108.55534 | J92: =(AB92-AVERAGE(AB$2:AB$229))/AVERAGE(AB$2:AB$229)*100+100 -> 99.788005 | K92: =(AC92-AVERAGE(AC$2:AC$229))/AVERAGE(AC$2:AC$229)*100+100 -> 96.959913 | L92: =(AF92-AVERAGE(AF$2:AF$229))/AVERAGE(AF$2:AF$229)*100+100 -> 117.8666 | M92: =(AI92-AVERAGE(AI$2:AI$229))/AVERAGE(AI$2:AI$229)*100+100 -> 228.02677 | N92: =(AVERAGE(AJ$2:AJ$229)-AJ92)/AVERAGE(AJ$2:AJ$229)*100+100 -> -96.496048 | O92: =(AK92-AVERAGE(AK$2:AK$229))/AVERAGE(AK$2:AK$229)*100+100 -> 204.04581 | P92: =(AL92-AVERAGE(AL$2:AL$229))/AVERAGE(AL$2:AL$229)*100+100 -> 95.767133 | Q92: =(AM92-AVERAGE(AM$2:AM$229))/AVERAGE(AM$2:AM$229)*100+100 -> 94.725554 | R92: =(AN92-AVERAGE(AN$2:AN$229))/AVERAGE(AN$2:AN$229)*100+100 -> 93.986281 | S92: =(AO92-AVERAGE(AO$2:AO$229))/AVERAGE(AO$2:AO$229)*100+100 -> 94.308816 | T92: =(F92*1.5+H92*2.5+I92+J92+K92*1.5+L92+O92*0.75+P92+S92)/11.25 -> 102.97335 | V92: ='2025_Fantasy_Hitters_modified'!F73 -> 121.8495 | W92: ='2025_Fantasy_Hitters_modified'!G73 -> 75.904231 | X92: ='2025_Fantasy_Hitters_modified'!H73 -> 26.312374 | Y92: ='2025_Fantasy_Hitters_modified'!I73 -> 2.5574644 | Z92: ='2025_Fantasy_Hitters_modified'!J73 -> 16.6 | AA92: ='2025_Fantasy_Hitters_modified'!K73 -> 71.583721 | AB92: ='2025_Fantasy_Hitters_modified'!L73 -> 64 | AC92: ='2025_Fantasy_Hitters_modified'!M73 -> 44.309302 | ... AR92: ='2025_Fantasy_Hitters_modified'!AB73 -> 7.8146918
A93: ='2025_Fantasy_Hitters_modified'!A123 -> MIL | B93: ='2025_Fantasy_Hitters_modified'!B123 -> Christian Yelich | C93: ='2025_Fantasy_Hitters_modified'!D123 -> 452 | D93: ='2025_Fantasy_Hitters_modified'!E123 -> 525 | E93: =(V93-AVERAGE(V$2:V$229))/AVERAGE(V$2:V$229)*100+100 -> 100.31816 | F93: =E93*1.51744-31.775 -> 120.45179 | G93: =(Z93-AVERAGE(Z$2:Z$229))/AVERAGE(Z$2:Z$229)*100+100 -> 82.239215 | H93: =G93*0.83285-13.6979 -> 54.79503 | I93: =(AA93-AVERAGE(AA$2:AA$229))/AVERAGE(AA$2:AA$229)*100+100 -> 109.2643 | J93: =(AB93-AVERAGE(AB$2:AB$229))/AVERAGE(AB$2:AB$229)*100+100 -> 91.992067 | K93: =(AC93-AVERAGE(AC$2:AC$229))/AVERAGE(AC$2:AC$229)*100+100 -> 140.45375 | L93: =(AF93-AVERAGE(AF$2:AF$229))/AVERAGE(AF$2:AF$229)*100+100 -> 51.531055 | M93: =(AI93-AVERAGE(AI$2:AI$229))/AVERAGE(AI$2:AI$229)*100+100 -> 200.72519 | N93: =(AVERAGE(AJ$2:AJ$229)-AJ93)/AVERAGE(AJ$2:AJ$229)*100+100 -> 53.888232 | O93: =(AK93-AVERAGE(AK$2:AK$229))/AVERAGE(AK$2:AK$229)*100+100 -> 219.85321 | P93: =(AL93-AVERAGE(AL$2:AL$229))/AVERAGE(AL$2:AL$229)*100+100 -> 104.50432 | Q93: =(AM93-AVERAGE(AM$2:AM$229))/AVERAGE(AM$2:AM$229)*100+100 -> 110.75106 | R93: =(AN93-AVERAGE(AN$2:AN$229))/AVERAGE(AN$2:AN$229)*100+100 -> 100.18889 | S93: =(AO93-AVERAGE(AO$2:AO$229))/AVERAGE(AO$2:AO$229)*100+100 -> 104.79701 | T93: =(F93*1.5+H93*2.5+I93+J93+K93*1.5+L93+O93*0.75+P93+S93)/11.25 -> 102.69551 | V93: ='2025_Fantasy_Hitters_modified'!F123 -> 117.84462 | W93: ='2025_Fantasy_Hitters_modified'!G123 -> 78.308936 | X93: ='2025_Fantasy_Hitters_modified'!H123 -> 22.744482 | Y93: ='2025_Fantasy_Hitters_modified'!I123 -> 2.5375304 | Z93: ='2025_Fantasy_Hitters_modified'!J123 -> 15 | AA93: ='2025_Fantasy_Hitters_modified'!K123 -> 72.05122 | AB93: ='2025_Fantasy_Hitters_modified'!L123 -> 59 | AC93: ='2025_Fantasy_Hitters_modified'!M123 -> 64.185366 | ... AR93: ='2025_Fantasy_Hitters_modified'!AB123 -> 12.225784
A94: ='2025_Fantasy_Hitters_modified'!A18 -> ATH | B94: ='2025_Fantasy_Hitters_modified'!B18 -> Zack Gelof | C94: ='2025_Fantasy_Hitters_modified'!D18 -> 528 | D94: ='2025_Fantasy_Hitters_modified'!E18 -> 582 | E94: =(V94-AVERAGE(V$2:V$229))/AVERAGE(V$2:V$229)*100+100 -> 101.11766 | F94: =E94*1.51744-31.775 -> 121.66499 | G94: =(Z94-AVERAGE(Z$2:Z$229))/AVERAGE(Z$2:Z$229)*100+100 -> 107.45924 | H94: =G94*0.83285-13.6979 -> 75.799529 | I94: =(AA94-AVERAGE(AA$2:AA$229))/AVERAGE(AA$2:AA$229)*100+100 -> 105.0358 | J94: =(AB94-AVERAGE(AB$2:AB$229))/AVERAGE(AB$2:AB$229)*100+100 -> 93.551255 | K94: =(AC94-AVERAGE(AC$2:AC$229))/AVERAGE(AC$2:AC$229)*100+100 -> 92.823559 | L94: =(AF94-AVERAGE(AF$2:AF$229))/AVERAGE(AF$2:AF$229)*100+100 -> 82.225722 | M94: =(AI94-AVERAGE(AI$2:AI$229))/AVERAGE(AI$2:AI$229)*100+100 -> 219.8946 | N94: =(AVERAGE(AJ$2:AJ$229)-AJ94)/AVERAGE(AJ$2:AJ$229)*100+100 -> 17.191269 | O94: =(AK94-AVERAGE(AK$2:AK$229))/AVERAGE(AK$2:AK$229)*100+100 -> 232.88369 | P94: =(AL94-AVERAGE(AL$2:AL$229))/AVERAGE(AL$2:AL$229)*100+100 -> 90.175013 | Q94: =(AM94-AVERAGE(AM$2:AM$229))/AVERAGE(AM$2:AM$229)*100+100 -> 88.443911 | R94: =(AN94-AVERAGE(AN$2:AN$229))/AVERAGE(AN$2:AN$229)*100+100 -> 91.863587 | S94: =(AO94-AVERAGE(AO$2:AO$229))/AVERAGE(AO$2:AO$229)*100+100 -> 90.371631 | T94: =(F94*1.5+H94*2.5+I94+J94+K94*1.5+L94+O94*0.75+P94+S94)/11.25 -> 101.97812 | V94: ='2025_Fantasy_Hitters_modified'!F18 -> 118.7838 | W94: ='2025_Fantasy_Hitters_modified'!G18 -> 72.428095 | X94: ='2025_Fantasy_Hitters_modified'!H18 -> 24.044557 | Y94: ='2025_Fantasy_Hitters_modified'!I18 -> 2.0325062 | Z94: ='2025_Fantasy_Hitters_modified'!J18 -> 19.6 | AA94: ='2025_Fantasy_Hitters_modified'!K18 -> 69.262857 | AB94: ='2025_Fantasy_Hitters_modified'!L18 -> 60 | AC94: ='2025_Fantasy_Hitters_modified'!M18 -> 42.419048 | ... AR94: ='2025_Fantasy_Hitters_modified'!AB18 -> 7.2884962
A95: ='2025_Fantasy_Hitters_modified'!A153 -> NYY | B95: ='2025_Fantasy_Hitters_modified'!B153 -> Paul Goldschmidt | C95: ='2025_Fantasy_Hitters_modified'!D153 -> 544 | D95: ='2025_Fantasy_Hitters_modified'!E153 -> 609 | E95: =(V95-AVERAGE(V$2:V$229))/AVERAGE(V$2:V$229)*100+100 -> 111.39533 | F95: =E95*1.51744-31.775 -> 137.26073 | G95: =(Z95-AVERAGE(Z$2:Z$229))/AVERAGE(Z$2:Z$229)*100+100 -> 126.10013 | H95: =G95*0.83285-13.6979 -> 91.324593 | I95: =(AA95-AVERAGE(AA$2:AA$229))/AVERAGE(AA$2:AA$229)*100+100 -> 111.52634 | J95: =(AB95-AVERAGE(AB$2:AB$229))/AVERAGE(AB$2:AB$229)*100+100 -> 116.93907 | K95: =(AC95-AVERAGE(AC$2:AC$229))/AVERAGE(AC$2:AC$229)*100+100 -> 119.11064 | L95: =(AF95-AVERAGE(AF$2:AF$229))/AVERAGE(AF$2:AF$229)*100+100 -> 51.390617 | M95: =(AI95-AVERAGE(AI$2:AI$229))/AVERAGE(AI$2:AI$229)*100+100 -> 77.03102 | N95: =(AVERAGE(AJ$2:AJ$229)-AJ95)/AVERAGE(AJ$2:AJ$229)*100+100 -> 130.16129 | O95: =(AK95-AVERAGE(AK$2:AK$229))/AVERAGE(AK$2:AK$229)*100+100 -> 79.550083 | P95: =(AL95-AVERAGE(AL$2:AL$229))/AVERAGE(AL$2:AL$229)*100+100 -> 96.418684 | Q95: =(AM95-AVERAGE(AM$2:AM$229))/AVERAGE(AM$2:AM$229)*100+100 -> 96.101888 | R95: =(AN95-AVERAGE(AN$2:AN$229))/AVERAGE(AN$2:AN$229)*100+100 -> 98.296281 | S95: =(AO95-AVERAGE(AO$2:AO$229))/AVERAGE(AO$2:AO$229)*100+100 -> 97.338899 | T95: =(F95*1.5+H95*2.5+I95+J95+K95*1.5+L95+O95*0.75+P95+S95)/11.25 -> 101.87953 | V95: ='2025_Fantasy_Hitters_modified'!F153 -> 130.85706 | W95: ='2025_Fantasy_Hitters_modified'!G153 -> 82.06677 | X95: ='2025_Fantasy_Hitters_modified'!H153 -> 24.512969 | Y95: ='2025_Fantasy_Hitters_modified'!I153 -> 0.97521866 | Z95: ='2025_Fantasy_Hitters_modified'!J153 -> 23 | AA95: ='2025_Fantasy_Hitters_modified'!K153 -> 73.542857 | AB95: ='2025_Fantasy_Hitters_modified'!L153 -> 75 | AC95: ='2025_Fantasy_Hitters_modified'!M153 -> 54.431868 | ... AR95: ='2025_Fantasy_Hitters_modified'!AB153 -> 8.9379094
A96: ='2025_Fantasy_Hitters_modified'!A175 -> SDP | B96: ='2025_Fantasy_Hitters_modified'!B175 -> Xander Bogaerts | C96: ='2025_Fantasy_Hitters_modified'!D175 -> 545 | D96: ='2025_Fantasy_Hitters_modified'!E175 -> 602 | E96: =(V96-AVERAGE(V$2:V$229))/AVERAGE(V$2:V$229)*100+100 -> 125.54014 | F96: =E96*1.51744-31.775 -> 158.72462 | G96: =(Z96-AVERAGE(Z$2:Z$229))/AVERAGE(Z$2:Z$229)*100+100 -> 87.721829 | H96: =G96*0.83285-13.6979 -> 59.361226 | I96: =(AA96-AVERAGE(AA$2:AA$229))/AVERAGE(AA$2:AA$229)*100+100 -> 108.43498 | J96: =(AB96-AVERAGE(AB$2:AB$229))/AVERAGE(AB$2:AB$229)*100+100 -> 99.788005 | K96: =(AC96-AVERAGE(AC$2:AC$229))/AVERAGE(AC$2:AC$229)*100+100 -> 97.29158 | L96: =(AF96-AVERAGE(AF$2:AF$229))/AVERAGE(AF$2:AF$229)*100+100 -> 101.61801 | M96: =(AI96-AVERAGE(AI$2:AI$229))/AVERAGE(AI$2:AI$229)*100+100 -> 123.42657 | N96: =(AVERAGE(AJ$2:AJ$229)-AJ96)/AVERAGE(AJ$2:AJ$229)*100+100 -> 90.193479 | O96: =(AK96-AVERAGE(AK$2:AK$229))/AVERAGE(AK$2:AK$229)*100+100 -> 128.1969 | P96: =(AL96-AVERAGE(AL$2:AL$229))/AVERAGE(AL$2:AL$229)*100+100 -> 108.4624 | Q96: =(AM96-AVERAGE(AM$2:AM$229))/AVERAGE(AM$2:AM$229)*100+100 -> 101.7236 | R96: =(AN96-AVERAGE(AN$2:AN$229))/AVERAGE(AN$2:AN$229)*100+100 -> 97.192715 | S96: =(AO96-AVERAGE(AO$2:AO$229))/AVERAGE(AO$2:AO$229)*100+100 -> 99.169478 | T96: =(F96*1.5+H96*2.5+I96+J96+K96*1.5+L96+O96*0.75+P96+S96)/11.25 -> 101.87093 | V96: ='2025_Fantasy_Hitters_modified'!F175 -> 147.47309 | W96: ='2025_Fantasy_Hitters_modified'!G175 -> 102.98833 | X96: ='2025_Fantasy_Hitters_modified'!H175 -> 26.915751 | Y96: ='2025_Fantasy_Hitters_modified'!I175 -> 1.0239486 | Z96: ='2025_Fantasy_Hitters_modified'!J175 -> 16 | AA96: ='2025_Fantasy_Hitters_modified'!K175 -> 71.504348 | AB96: ='2025_Fantasy_Hitters_modified'!L175 -> 64 | AC96: ='2025_Fantasy_Hitters_modified'!M175 -> 44.46087 | ... AR96: ='2025_Fantasy_Hitters_modified'!AB175 -> 7.3855265
