Workbook

Sheet P14_Relievers
A1: Name | B1: Team | C1: Position | D1: G | E1: IP | F1: TBF | G1: W | H1: L | I1: SV | J1: HLD | K1: BS | L1: H | M1: R | N1: ER | O1: HR | P1: IBB | Q1: HBP | R1: SO | S1: BB | U1: W% | V1: L% | W1: SV% | X1: HLD% | Y1: BS% | Z1: H% | AA1: R% | AB1: ER% | AC1: HR% | AD1: IBB% | AE1: HBP% | AF1: K% | AG1: BB%
A2: Mason Miller | B2: SD | C2: RP | D2: 59 | E2: 64.2 | F2: 254 | G2: =$D2*U2 -> 3.4030303 | H2: =$D2*V2 -> 1.2237722 | I2: =$D2*W2 -> 32.121212 | J2: =$D2*X2 -> 2.4432602 | K2: =$D2*Y2 -> 4 | L2: =$F2*Z2 -> 38.174295 | M2: =$F2*AA2 -> 18.934816 | N2: =$F2*AB2 -> 17.717123 | O2: =$F2*AC2 -> 6.1266876 | P2: =$F2*AD2 -> 1.9770095 | Q2: =$F2*AE2 -> 2.0490733 | R2: =$F2*AF2 -> 103.17949 | S2: =$F2*AG2 -> 23.88218 | U2: 0.05767848 | V2: 0.020741901776384512 | W2: 0.5444273240883409 | X2: 0.04141119 | Y2: 0.06779661 | Z2: 0.15029250138614442 | AA2: 0.074546518 | AB2: 0.069752453 | AC2: 0.024120817 | AD2: 0.0077835018 | AE2: 0.0080672177 | AF2: 0.40621848298025276 | AG2: 0.094024329
A3: Edwin Diaz | B3: LAD | C3: RP | D3: 64 | E3: 65.2 | F3: 265 | G3: =$D3*U3 -> 4.4090909 | H3: =$D3*V3 -> 2.3834131 | I3: =$D3*W3 -> 36.581818 | J3: =$D3*X3 -> 3.0464115 | K3: =$D3*Y3 -> 5 | L3: =$F3*Z3 -> 47.093238 | M3: =$F3*AA3 -> 23.718879 | N3: =$F3*AB3 -> 21.601945 | O3: =$F3*AC3 -> 6.8374173 | P3: =$F3*AD3 -> 0.99038396 | Q3: =$F3*AE3 -> 4.5982815 | R3: =$F3*AF3 -> 92.157286 | S3: =$F3*AG3 -> 23.052587 | U3: 0.068892045 | V3: 0.037240829 | W3: 0.5715909090909091 | X3: 0.047600179 | Y3: 0.078125 | Z3: 0.17771033033323613 | AA3: 0.089505203 | AB3: 0.081516775 | AC3: 0.025801575 | AD3: 0.0037372979 | AE3: 0.017352005 | AF3: 0.3477633419089394 | AG3: 0.086990893
A4: Andres Munoz | B4: SEA | C4: RP | D4: 60 | E4: 61.2 | F4: 253 | G4: =$D4*U4 -> 3.825 | H4: =$D4*V4 -> 2.1864919 | I4: =$D4*W4 -> 32.45 | J4: =$D4*X4 -> 2.9243952 | K4: =$D4*Y4 -> 5 | L4: =$F4*Z4 -> 44.334069 | M4: =$F4*AA4 -> 21.773968 | N4: =$F4*AB4 -> 19.765062 | O4: =$F4*AC4 -> 4.9978299 | P4: =$F4*AD4 -> 1.9828321 | Q4: =$F4*AE4 -> 3.5275873 | R4: =$F4*AF4 -> 80.029399 | S4: =$F4*AG4 -> 24.447682 | U4: 0.06375 | V4: 0.036441532 | W4: 0.5408333333333333 | X4: 0.048739919 | Y4: 0.083333333 | Z4: 0.17523347396093944 | AA4: 0.086063116 | AB4: 0.078122775 | AC4: 0.019754269 | AD4: 0.0078372809 | AE4: 0.013943033 | AF4: 0.31632173565840876 | AG4: 0.096631156
A5: Jhoan Duran | B5: PHI | C5: RP | D5: 65 | E5: 66.1 | F5: 271 | G5: =$D5*U5 -> 4.6571429 | H5: =$D5*V5 -> 2.8701299 | I5: =$D5*W5 -> 31.785714 | J5: =$D5*X5 -> 2.9266234 | K5: =$D5*Y5 -> 4 | L5: =$F5*Z5 -> 53.016484 | M5: =$F5*AA5 -> 21.964211 | N5: =$F5*AB5 -> 19.98386 | O5: =$F5*AC5 -> 3.9263158 | P5: =$F5*AD5 -> 1.9759553 | Q5: =$F5*AE5 -> 3.7705263 | R5: =$F5*AF5 -> 79.764912 | S5: =$F5*AG5 -> 20.833684 | U5: 0.071648352 | V5: 0.044155844 | W5: 0.48901098901098894 | X5: 0.045024975 | Y5: 0.061538462 | Z5: 0.1956327805036292 | AA5: 0.081048747 | AB5: 0.07374118 | AC5: 0.01448825 | AD5: 0.0072913479 | AE5: 0.013913381 | AF5: 0.2943354696704862 | AG5: 0.076877064
A6: Cade Smith | B6: CLE | C6: RP | D6: 67 | E6: 69 | F6: 277 | G6: =$D6*U6 -> 4.5628571 | H6: =$D6*V6 -> 2.9136555 | I6: =$D6*W6 -> 30.542857 | J6: =$D6*X6 -> 3.452605 | K6: =$D6*Y6 -> 5 | L6: =$F6*Z6 -> 50.74523 | M6: =$F6*AA6 -> 23.315833 | N6: =$F6*AB6 -> 21.348262 | O6: =$F6*AC6 -> 5.6880491 | P6: =$F6*AD6 -> 1.9760511 | Q6: =$F6*AE6 -> 4.2301544 | R6: =$F6*AF6 -> 89.514485 | S6: =$F6*AG6 -> 21.42779 | U6: 0.068102345 | V6: 0.043487395 | W6: 0.45586353944562896 | X6: 0.051531419 | Y6: 0.074626866 | Z6: 0.18319577502519416 | AA6: 0.084172682 | AB6: 0.077069539 | AC6: 0.020534473278014567 | AD6: 0.0071337584 | AE6: 0.015271315383277709 | AF6: 0.32315698611123234 | AG6: 0.077356642
A7: David Bednar | B7: NYY | C7: RP | D7: 62 | E7: 63.2 | F7: 259 | G7: =$D7*U7 -> 4.0615385 | H7: =$D7*V7 -> 3.6215385 | I7: =$D7*W7 -> 31.095385 | J7: =$D7*X7 -> 2.9723077 | K7: =$D7*Y7 -> 4 | L7: =$F7*Z7 -> 50.186779 | M7: =$F7*AA7 -> 25.01456 | N7: =$F7*AB7 -> 22.99612 | O7: =$F7*AC7 -> 7.0410314 | P7: =$F7*AD7 -> 1.9819695 | Q7: =$F7*AE7 -> 2.0184397 | R7: =$F7*AF7 -> 78.36962 | S7: =$F7*AG7 -> 21.711834 | U7: 0.065508685 | V7: 0.058411911 | W7: 0.5015384615384616 | X7: 0.047940447 | Y7: 0.064516129 | Z7: 0.19377134872395207 | AA7: 0.096581311 | AB7: 0.088788108 | AC7: 0.027185449 | AD7: 0.0076523917 | AE7: 0.0077932034 | AF7: 0.30258540404921175 | AG7: 0.083829476
A8: Aroldis Chapman | B8: BOS | C8: RP | D8: 57 | E8: 57.1 | F8: 234 | G8: =$D8*U8 -> 3.4983871 | H8: =$D8*V8 -> 2.3968894 | I8: =$D8*W8 -> 29.7 | J8: =$D8*X8 -> 2.4587558 | K8: =$D8*Y8 -> 4 | L8: =$F8*Z8 -> 40.372277 | M8: =$F8*AA8 -> 20.351222 | N8: =$F8*AB8 -> 18.806389 | O8: =$F8*AC8 -> 4.9621442 | P8: =$F8*AD8 -> 0.9753125 | Q8: =$F8*AE8 -> 1.5448329 | R8: =$F8*AF8 -> 80.674351 | S8: =$F8*AG8 -> 25.631427 | U8: 0.061375212224108605 | V8: 0.042050691244239595 | W8: 0.5210526315789473 | X8: 0.043136066 | Y8: 0.070175439 | Z8: 0.17253109926377247 | AA8: 0.086971035 | AB8: 0.080369185 | AC8: 0.021205744372514157 | AD8: 0.0041680021 | AE8: 0.0066018501 | AF8: 0.34476218 | AG8: 0.10953601242477184
A9: Devin Williams | B9: NYM | C9: RP | D9: 64 | E9: 64.1 | F9: 263 | G9: =$D9*U9 -> 4.5 | H9: =$D9*V9 -> 3.7983607 | I9: =$D9*W9 -> 30.4 | J9: =$D9*X9 -> 4.0295082 | K9: =$D9*Y9 -> 4 | L9: =$F9*Z9 -> 45.431865 | M9: =$F9*AA9 -> 24.769674 | N9: =$F9*AB9 -> 22.635657 | O9: =$F9*AC9 -> 5.8260196 | P9: =$F9*AD9 -> 0.99548021 | Q9: =$F9*AE9 -> 3.2010253 | R9: =$F9*AF9 -> 86.735984 | S9: =$F9*AG9 -> 26.827982 | U9: 0.0703125 | V9: 0.059349385245901595 | W9: 0.475 | X9: 0.062961066 | Y9: 0.0625 | Z9: 0.1727447328480401 | AA9: 0.094181271 | AB9: 0.086067138 | AC9: 0.022152166 | AD9: 0.0037850959 | AE9: 0.012171198823189951 | AF9: 0.32979461448390135 | AG9: 0.10200753445028252
A10: Josh Hader | B10: HOU | C10: RP | D10: 53 | E10: 56 | F10: 225 | G10: =$D10*U10 -> 3.6090909 | H10: =$D10*V10 -> 2.8373737 | I10: =$D10*W10 -> 28.178788 | J10: =$D10*X10 -> 1.8744108 | K10: =$D10*Y10 -> 3 | L10: =$F10*Z10 -> 38.757792 | M10: =$F10*AA10 -> 21.754499 | N10: =$F10*AB10 -> 19.790286 | O10: =$F10*AC10 -> 7.0050052 | P10: =$F10*AD10 -> 0.96081149 | Q10: =$F10*AE10 -> 2.1302651 | R10: =$F10*AF10 -> 78.220833 | S10: =$F10*AG10 -> 21.418024 | U10: 0.068096055 | V10: 0.053535354 | W10: 0.5316752429959978 | X10: 0.035366241 | Y10: 0.056603774 | Z10: 0.17225685402561325 | AA10: 0.096686663 | AB10: 0.087956825 | AC10: 0.031133357 | AD10: 0.0042702733 | AE10: 0.0094678448 | AF10: 0.3476481462392193 | AG10: 0.095191217
A11: Raisel Iglesias | B11: ATL | C11: RP | D11: 62 | E11: 63.2 | F11: 260 | G11: =$D11*U11 -> 3.5484848 | H11: =$D11*V11 -> 3.1732409 | I11: =$D11*W11 -> 25.684848 | J11: =$D11*X11 -> 3.9679507 | K11: =$D11*Y11 -> 4 | L11: =$F11*Z11 -> 55.987978 | M11: =$F11*AA11 -> 27.669078 | N11: =$F11*AB11 -> 25.541824 | O11: =$F11*AC11 -> 7.8874182 | P11: =$F11*AD11 -> 1.1711512 | Q11: =$F11*AE11 -> 2.1272541 | R11: =$F11*AF11 -> 68.394756 | S11: =$F11*AG11 -> 17.350377 | U11: 0.057233627 | V11: 0.051181304571135046 | W11: 0.4142717497556207 | X11: 0.063999205 | Y11: 0.064516129 | Z11: 0.21533837676766376 | AA11: 0.10641953019405884 | AB11: 0.098237784 | AC11: 0.030336224 | AD11: 0.0045044278 | AE11: 0.0081817464 | AF11: 0.2630567531452487 | AG11: 0.066732219
A12: Carlos Estevez | B12: KC | C12: RP | D12: 63 | E12: 64.2 | F12: 273 | G12: =$D12*U12 -> 3.4292308 | H12: =$D12*V12 -> 3.9771317 | I12: =$D12*W12 -> 31.609231 | J12: =$D12*X12 -> 2.0086571 | K12: =$D12*Y12 -> 5 | L12: =$F12*Z12 -> 58.582987 | M12: =$F12*AA12 -> 32.024002 | N12: =$F12*AB12 -> 29.863716 | O12: =$F12*AC12 -> 7.9381531 | P12: =$F12*AD12 -> 2.4778207 | Q12: =$F12*AE12 -> 2.654592 | R12: =$F12*AF12 -> 57.106009 | S12: =$F12*AG12 -> 23.830043 | U12: 0.054432234 | V12: 0.063129074 | W12: 0.50173382 | X12: 0.031883446 | Y12: 0.079365079 | Z12: 0.21458969597420208 | AA12: 0.11730404 | AB12: 0.10939090234830459 | AC12: 0.029077484 | AD12: 0.0090762664 | AE12: 0.0097237801 | AF12: 0.20917952 | AG12: 0.087289535
A13: Ryan Helsley | B13: BAL | C13: RP | D13: 61 | E13: 63.1 | F13: 264 | G13: =$D13*U13 -> 3.3921875 | H13: =$D13*V13 -> 3.0636161 | I13: =$D13*W13 -> 27.965625 | J13: =$D13*X13 -> 3.5151786 | K13: =$D13*Y13 -> 7 | L13: =$F13*Z13 -> 53.540646 | M13: =$F13*AA13 -> 26.195628 | N13: =$F13*AB13 -> 24.090879 | O13: =$F13*AC13 -> 6.8041356 | P13: =$F13*AD13 -> 1.69325 | Q13: =$F13*AE13 -> 1.5501275 | R13: =$F13*AF13 -> 73.545378 | S13: =$F13*AG13 -> 23.229898 | U13: 0.055609631 | V13: 0.050223214 | W13: 0.45845286885245895 | X13: 0.057625878 | Y13: 0.1147540983606557 | Z13: 0.20280547625748857 | AA13: 0.099225865 | AB13: 0.09125333 | AC13: 0.025773241 | AD13: 0.0064138257 | AE13: 0.0058716949 | AF13: 0.27858097784568375 | AG13: 0.087992039
A14: Jeff Hoffman | B14: TOR | C14: RP | D14: 61 | E14: 62 | F14: 256 | G14: =$D14*U14 -> 3.6206349 | H14: =$D14*V14 -> 4.3396825 | I14: =$D14*W14 -> 25.834921 | J14: =$D14*X14 -> 3.9619048 | K14: =$D14*Y14 -> 4 | L14: =$F14*Z14 -> 49.264766 | M14: =$F14*AA14 -> 25.980916 | N14: =$F14*AB14 -> 23.966076 | O14: =$F14*AC14 -> 7.7479084 | P14: =$F14*AD14 -> 1.1850926 | Q14: =$F14*AE14 -> 3.5342595 | R14: =$F14*AF14 -> 74.660308 | S14: =$F14*AG14 -> 23.158549 | U14: 0.059354670830080614 | V14: 0.071142337 | W14: 0.42352328909705955 | X14: 0.064949258 | Y14: 0.06557377 | Z14: 0.19244049329501914 | AA14: 0.1014879532442748 | AB14: 0.093617486 | AC14: 0.030265267175572493 | AD14: 0.0046292678 | AE14: 0.013805701 | AF14: 0.2916418269230769 | AG14: 0.090463083
A15: Kenley Jansen | B15: DET | C15: RP | D15: 55 | E15: 56 | F15: 233 | G15: =$D15*U15 -> 3.3083333 | H15: =$D15*V15 -> 3.1448718 | I15: =$D15*W15 -> 21.816667 | J15: =$D15*X15 -> 3.4461538 | K15: =$D15*Y15 -> 3 | L15: =$F15*Z15 -> 48.364286 | M15: =$F15*AA15 -> 27.685779 | N15: =$F15*AB15 -> 25.530074 | O15: =$F15*AC15 -> 7.9622891 | P15: =$F15*AD15 -> 1.1669291 | Q15: =$F15*AE15 -> 1.5613169 | R15: =$F15*AF15 -> 55.812237 | S15: =$F15*AG15 -> 20.601955 | U15: 0.060151515151515136 | V15: 0.057179487 | W15: 0.39666666666666667 | X15: 0.062657343 | Y15: 0.054545455 | Z15: 0.2075720416922133 | AA15: 0.11882308396306375 | AB15: 0.10957113270099358 | AC15: 0.034172915 | AD15: 0.0050082795 | AE15: 0.0067009309 | AF15: 0.23953749671542435 | AG15: 0.088420408
A16: Trevor Megill | B16: MIL | C16: RP | D16: 61 | E16: 64 | F16: 263 | G16: =$D16*U16 -> 3.5106061 | H16: =$D16*V16 -> 2.6312616 | I16: =$D16*W16 -> 18.033333 | J16: =$D16*X16 -> 8.2362709 | K16: =$D16*Y16 -> 6 | L16: =$F16*Z16 -> 52.648836 | M16: =$F16*AA16 -> 24.945427 | N16: =$F16*AB16 -> 22.975183 | O16: =$F16*AC16 -> 7.1365671 | P16: =$F16*AD16 -> 1.965495 | Q16: =$F16*AE16 -> 1.6702438 | R16: =$F16*AF16 -> 78.26461 | S16: =$F16*AG16 -> 22.796533 | U16: 0.057550919 | V16: 0.043135436 | W16: 0.2956284153005464 | X16: 0.13502083396696976 | Y16: 0.098360656 | Z16: 0.2001856873928278 | AA16: 0.094849532 | AB16: 0.087358111 | AC16: 0.027135236040891887 | AD16: 0.0074733652 | AE16: 0.006350737 | AF16: 0.29758406823291056 | AG16: 0.086678832
A17: Emilio Pagan | B17: CIN | C17: RP | D17: 63 | E17: 65 | F17: 267 | G17: =$D17*U17 -> 2.9045455 | H17: =$D17*V17 -> 3.0611285 | I17: =$D17*W17 -> 25.954545 | J17: =$D17*X17 -> 4.0144201 | K17: =$D17*Y17 -> 5 | L17: =$F17*Z17 -> 54.846981 | M17: =$F17*AA17 -> 31.625617 | N17: =$F17*AB17 -> 29.165233 | O17: =$F17*AC17 -> 9.8742703 | P17: =$F17*AD17 -> 0.98657163 | Q17: =$F17*AE17 -> 1.5722784 | R17: =$F17*AF17 -> 71.167893 | S17: =$F17*AG17 -> 22.763815 | U17: 0.046103896103896064 | V17: 0.048589342 | W17: 0.41197691 | X17: 0.063720953 | Y17: 0.079365079 | Z17: 0.20541940480592571 | AA17: 0.11844800455235471 | AB17: 0.10923308277102514 | AC17: 0.036982286 | AD17: 0.0036950248 | AE17: 0.0058886831 | AF17: 0.2665464173327077 | AG17: 0.085257734
A18: Daniel Palencia | B18: CHC | C18: RP | D18: 62 | E18: 64.2 | F18: 273 | G18: =$D18*U18 -> 3.2134328 | H18: =$D18*V18 -> 3.2860189 | I18: =$D18*W18 -> 28.752239 | J18: =$D18*X18 -> 4.1226927 | K18: =$D18*Y18 -> 4 | L18: =$F18*Z18 -> 52.577006 | M18: =$F18*AA18 -> 28.919832 | N18: =$F18*AB18 -> 26.809141 | O18: =$F18*AC18 -> 7.0937746 | P18: =$F18*AD18 -> 1.188337 | Q18: =$F18*AE18 -> 3.7277646 | R18: =$F18*AF18 -> 73.427213 | S18: =$F18*AG18 -> 27.063357 | U18: 0.051829562 | V18: 0.053000305 | W18: 0.46374578719306686 | X18: 0.066495043 | Y18: 0.064516129 | Z18: 0.19258976620087725 | AA18: 0.10593345014148792 | AB18: 0.098201982 | AC18: 0.025984522 | AD18: 0.0043528827 | AE18: 0.013654815546068448 | AF18: 0.26896415028802734 | AG18: 0.099133176
A19: Pete Fairbanks | B19: MIA | C19: RP | D19: 61 | E19: 63 | F19: 261 | G19: =$D19*U19 -> 3.4629032 | H19: =$D19*V19 -> 3.1394428 | I19: =$D19*W19 -> 26.112903 | J19: =$D19*X19 -> 4.0679179 | K19: =$D19*Y19 -> 5 | L19: =$F19*Z19 -> 53.294178 | M19: =$F19*AA19 -> 26.055397 | N19: =$F19*AB19 -> 23.860528 | O19: =$F19*AC19 -> 5.6997779 | P19: =$F19*AD19 -> 0.99813531 | Q19: =$F19*AE19 -> 1.5989792 | R19: =$F19*AF19 -> 65.227879 | S19: =$F19*AG19 -> 22.697838 | U19: 0.056768905341089304 | V19: 0.051466276 | W19: 0.4280803807509254 | X19: 0.066687179 | Y19: 0.081967213 | Z19: 0.20419225318847423 | AA19: 0.099829109 | AB19: 0.091419647 | AC19: 0.021838229 | AD19: 0.0038242732 | AE19: 0.0061263571 | AF19: 0.24991524464651232 | AG19: 0.086964897
A20: Dennis Santana | B20: PIT | C20: RP | D20: 64 | E20: 66.2 | F20: 280 | G20: =$D20*U20 -> 3.3647059 | H20: =$D20*V20 -> 2.9355742 | I20: =$D20*W20 -> 24.094118 | J20: =$D20*X20 -> 5.9276377 | K20: =$D20*Y20 -> 3 | L20: =$F20*Z20 -> 59.742186 | M20: =$F20*AA20 -> 30.059043 | N20: =$F20*AB20 -> 27.496452 | O20: =$F20*AC20 -> 6.4224566 | P20: =$F20*AD20 -> 1.4722923 | Q20: =$F20*AE20 -> 3.1052266 | R20: =$F20*AF20 -> 62.495403 | S20: =$F20*AG20 -> 22.58205 | U20: 0.052573529411764686 | V20: 0.045868347 | W20: 0.3764705882352941 | X20: 0.092619339 | Y20: 0.046875 | Z20: 0.21336494900448383 | AA20: 0.10735372355607309 | AB20: 0.098201613 | AC20: 0.022937345 | AD20: 0.0052581868 | AE20: 0.011090095 | AF20: 0.2231978693868638 | AG20: 0.08065018
A21: Robert Suarez | B21: ATL | C21: RP | D21: 64 | E21: 66.1 | F21: 273 | G21: =$D21*U21 -> 4.3656716 | H21: =$D21*V21 -> 4.0605394 | I21: =$D21*W21 -> 10.328358 | J21: =$D21*X21 -> 12.622414 | K21: =$D21*Y21 -> 5 | L21: =$F21*Z21 -> 58.438126 | M21: =$F21*AA21 -> 28.694856 | N21: =$F21*AB21 -> 26.494085 | O21: =$F21*AC21 -> 7.5807283 | P21: =$F21*AD21 -> 1.9757239 | Q21: =$F21*AE21 -> 2.2007704 | R21: =$F21*AF21 -> 68.004214 | S21: =$F21*AG21 -> 21.042569 | U21: 0.068213619 | V21: 0.063445928 | W21: 0.16138059701492538 | X21: 0.19722522257135372 | Y21: 0.078125 | Z21: 0.21405906788075396 | AA21: 0.10510936189296152 | AB21: 0.097047932 | AC21: 0.027768236 | AD21: 0.0072370839 | AE21: 0.0080614299 | AF21: 0.24909968469918628 | AG21: 0.077079007
A22: Ryan Walker | B22: SF | C22: RP | D22: 60 | E22: 62 | F22: 261 | G22: =$D22*U22 -> 3.5809524 | H22: =$D22*V22 -> 3.4940476 | I22: =$D22*W22 -> 24.342857 | J22: =$D22*X22 -> 4.8660714 | K22: =$D22*Y22 -> 4 | L22: =$F22*Z22 -> 55.060352 | M22: =$F22*AA22 -> 24.909169 | N22: =$F22*AB22 -> 22.940435 | O22: =$F22*AC22 -> 5.4187803 | P22: =$F22*AD22 -> 0.99359754 | Q22: =$F22*AE22 -> 4.9077272 | R22: =$F22*AF22 -> 66.419432 | S22: =$F22*AG22 -> 19.860198 | U22: 0.05968254 | V22: 0.058234127 | W22: 0.4057142857142857 | X22: 0.08110119 | Y22: 0.066666667 | Z22: 0.21095920161896853 | AA22: 0.095437428 | AB22: 0.087894388 | AC22: 0.02076161 | AD22: 0.0038068871 | AE22: 0.018803553 | AF22: 0.2544805832974016 | AG22: 0.076092712
A23: Matt Strahm | B23: KC | C23: RP | D23: 62 | E23: 64.1 | F23: 262 | G23: =$D23*U23 -> 3.3606061 | H23: =$D23*V23 -> 2.2901776 | I23: =$D23*W23 -> 1.7878788 | J23: =$D23*X23 -> 17.925392 | K23: =$D23*Y23 -> 3 | L23: =$F23*Z23 -> 53.037594 | M23: =$F23*AA23 -> 26.447095 | N23: =$F23*AB23 -> 24.541656 | O23: =$F23*AC23 -> 7.5170445 | P23: =$F23*AD23 -> 1.1765796 | Q23: =$F23*AE23 -> 3.1439768 | R23: =$F23*AF23 -> 69.07413 | S23: =$F23*AG23 -> 19.414371 | U23: 0.054203323558162216 | V23: 0.036938349 | W23: 0.028836754643206217 | X23: 0.28911922337951257 | Y23: 0.048387097 | Z23: 0.20243356482810076 | AA23: 0.10094310983802618 | AB23: 0.093670442 | AC23: 0.028691009 | AD23: 0.0044907619 | AE23: 0.011999911409039221 | AF23: 0.2636417194121592 | AG23: 0.074100652
A24: Tyler Rogers | B24: TOR | C24: RP | D24: 68 | E24: 69 | F24: 286 | G24: =$D24*U24 -> 3.9567568 | H24: =$D24*V24 -> 3.1540541 | I24: =$D24*W24 -> 1.9675676 | J24: =$D24*X24 -> 20.062162 | K24: =$D24*Y24 -> 3 | L24: =$F24*Z24 -> 67.406596 | M24: =$F24*AA24 -> 31.175715 | N24: =$F24*AB24 -> 28.673418 | O24: =$F24*AC24 -> 7.2795593 | P24: =$F24*AD24 -> 1.1652055 | Q24: =$F24*AE24 -> 3.0319269 | R24: =$F24*AF24 -> 47.887305 | S24: =$F24*AG24 -> 16.48766 | U24: 0.058187599364069906 | V24: 0.046383148 | W24: 0.028934817 | X24: 0.29503179650238476 | Y24: 0.044117647 | Z24: 0.23568739858492505 | AA24: 0.10900599634776845 | AB24: 0.10025670531999645 | AC24: 0.025453004566928582 | AD24: 0.0040741452 | AE24: 0.010601143 | AF24: 0.16743812933523539 | AG24: 0.05764916
A25: Luke Weaver | B25: NYM | C25: RP | D25: 60 | E25: 67.2 | F25: 280 | G25: =$D25*U25 -> 3.7074627 | H25: =$D25*V25 -> 4.0755795 | I25: =$D25*W25 -> 4.7164179 | J25: =$D25*X25 -> 16.835662 | K25: =$D25*Y25 -> 3 | L25: =$F25*Z25 -> 59.965664 | M25: =$F25*AA25 -> 32.522217 | N25: =$F25*AB25 -> 29.795069 | O25: =$F25*AC25 -> 9.4522962 | P25: =$F25*AD25 -> 1.3926016 | Q25: =$F25*AE25 -> 2.1502457 | R25: =$F25*AF25 -> 71.744186 | S25: =$F25*AG25 -> 22.489652 | U25: 0.061791045 | V25: 0.067926326 | W25: 0.078606965 | X25: 0.28059436858261877 | Y25: 0.05 | Z25: 0.21416308628714636 | AA25: 0.1161507734766504 | AB25: 0.10641095940155415 | AC25: 0.033758201 | AD25: 0.0049735772 | AE25: 0.007679449 | AF25: 0.25622923727795005 | AG25: 0.080320185
A26: Alex Vesia | B26: LAD | C26: RP | D26: 62 | E26: 61.2 | F26: 254 | G26: =$D26*U26 -> 3.5377049 | H26: =$D26*V26 -> 2.8922372 | I26: =$D26*W26 -> 1.8032787 | J26: =$D26*X26 -> 19.770878 | K26: =$D26*Y26 -> 3 | L26: =$F26*Z26 -> 46.314196 | M26: =$F26*AA26 -> 25.939384 | N26: =$F26*AB26 -> 23.91986 | O26: =$F26*AC26 -> 8.3652567 | P26: =$F26*AD26 -> 2.0000926 | Q26: =$F26*AE26 -> 3.0292864 | R26: =$F26*AF26 -> 78.504418 | S26: =$F26*AG26 -> 25.250622 | U26: 0.057059757 | V26: 0.046648987 | W26: 0.029085140137493356 | X26: 0.31888512147323234 | Y26: 0.048387097 | Z26: 0.1823393547580746 | AA26: 0.10212356037552539 | AB26: 0.094172677 | AC26: 0.032934081432365134 | AD26: 0.0078743805 | AE26: 0.011926325 | AF26: 0.3090725116232841 | AG26: 0.099411896
A27: Kyle Finnegan | B27: DET | C27: RP | D27: 59 | E27: 61 | F27: 256 | G27: =$D27*U27 -> 3.3203125 | H27: =$D27*V27 -> 3.9779776 | I27: =$D27*W27 -> 5.5375 | J27: =$D27*X27 -> 12.989652 | K27: =$D27*Y27 -> 5 | L27: =$F27*Z27 -> 57.254485 | M27: =$F27*AA27 -> 29.056402 | N27: =$F27*AB27 -> 26.634286 | O27: =$F27*AC27 -> 7.3911111 | P27: =$F27*AD27 -> 1.6769337 | Q27: =$F27*AE27 -> 0.97925926 | R27: =$F27*AF27 -> 56.393439 | S27: =$F27*AG27 -> 22.15873 | U27: 0.056276483 | V27: 0.067423349 | W27: 0.093855932 | X27: 0.2201635952990086 | Y27: 0.084745763 | Z27: 0.2236503322259136 | AA27: 0.11350157076719572 | AB27: 0.10404017857142855 | AC27: 0.028871528 | AD27: 0.0065505222 | AE27: 0.0038252315 | AF27: 0.22028687169312164 | AG27: 0.08655754
A28: Garrett Whitlock | B28: BOS | C28: RP | D28: 58 | E28: 64 | F28: 262 | G28: =$D28*U28 -> 3.6857143 | H28: =$D28*V28 -> 3.1761905 | I28: =$D28*W28 -> 3.6971429 | J28: =$D28*X28 -> 16.588889 | K28: =$D28*Y28 -> 2 | L28: =$F28*Z28 -> 54.960481 | M28: =$F28*AA28 -> 25.176632 | N28: =$F28*AB28 -> 23.316151 | O28: =$F28*AC28 -> 6.2419244 | P28: =$F28*AD28 -> 1.1601375 | Q28: =$F28*AE28 -> 2.7907216 | R28: =$F28*AF28 -> 71.906478 | S28: =$F28*AG28 -> 17.644555 | U28: 0.063546798 | V28: 0.054761905 | W28: 0.063743842 | X28: 0.2860153256704981 | Y28: 0.034482759 | Z28: 0.20977282862464253 | AA28: 0.096094016 | AB28: 0.088992944 | AC28: 0.023824139 | AD28: 0.0044280056 | AE28: 0.010651609 | AF28: 0.2744522064099481 | AG28: 0.067345628
A29: Adrian Morejon | B29: SD | C29: RP | D29: 65 | E29: 66.1 | F29: 274 | G29: =$D29*U29 -> 4.8588235 | H29: =$D29*V29 -> 5.0073529 | I29: =$D29*W29 -> 2.9735294 | J29: =$D29*X29 -> 14.827941 | K29: =$D29*Y29 -> 2 | L29: =$F29*Z29 -> 57.405882 | M29: =$F29*AA29 -> 27.140399 | N29: =$F29*AB29 -> 24.950068 | O29: =$F29*AC29 -> 5.7588079 | P29: =$F29*AD29 -> 1.4886525 | Q29: =$F29*AE29 -> 1.492329 | R29: =$F29*AF29 -> 66.919112 | S29: =$F29*AG29 -> 22.291792 | U29: 0.074751131 | V29: 0.077036199 | W29: 0.045746606 | X29: 0.2281221719457013 | Y29: 0.030769231 | Z29: 0.2095105195362816 | AA29: 0.099052553 | AB29: 0.091058642 | AC29: 0.021017547 | AD29: 0.0054330383 | AE29: 0.005446456 | AF29: 0.24423033734382085 | AG29: 0.081356904
A30: Will Vest | B30: DET | C30: RP | D30: 61 | E30: 64 | F30: 265 | G30: =$D30*U30 -> 3.7117647 | H30: =$D30*V30 -> 3.5583333 | I30: =$D30*W30 -> 6.4970588 | J30: =$D30*X30 -> 13.169412 | K30: =$D30*Y30 -> 5 | L30: =$F30*Z30 -> 56.111102 | M30: =$F30*AA30 -> 25.711015 | N30: =$F30*AB30 -> 23.74765 | O30: =$F30*AC30 -> 5.1575273 | P30: =$F30*AD30 -> 1.1700973 | Q30: =$F30*AE30 -> 1.9633643 | R30: =$F30*AF30 -> 65.286625 | S30: =$F30*AG30 -> 20.310495 | U30: 0.060848602 | V30: 0.058333333333333286 | W30: 0.10650916104146572 | X30: 0.21589199614271937 | Y30: 0.081967213 | Z30: 0.2117400093591103 | AA30: 0.097022697 | AB30: 0.089613775 | AC30: 0.019462367 | AD30: 0.0044154617 | AE30: 0.0074089218 | AF30: 0.24636462408950827 | AG30: 0.076643379
A31: Kirby Yates | B31: LAA | C31: RP | D31: 55 | E31: 56.1 | F31: 239 | G31: =$D31*U31 -> 2.9625 | H31: =$D31*V31 -> 4.1577381 | I31: =$D31*W31 -> 7.9857143 | J31: =$D31*X31 -> 10.785714 | K31: =$D31*Y31 -> 2 | L31: =$F31*Z31 -> 45.451005 | M31: =$F31*AA31 -> 27.11031 | N31: =$F31*AB31 -> 24.795443 | O31: =$F31*AC31 -> 6.9917906 | P31: =$F31*AD31 -> 0 | Q31: =$F31*AE31 -> 3.2714609 | R31: =$F31*AF31 -> 67.55425 | S31: =$F31*AG31 -> 26.626663 | U31: 0.053863636 | V31: 0.075595238 | W31: 0.14519481 | X31: 0.19610389610389606 | Y31: 0.036363636 | Z31: 0.19017157 | AA31: 0.1134322605772273 | AB31: 0.10374662256276823 | AC31: 0.029254353817484452 | AE31: 0.013688121 | AF31: 0.2826537637988302 | AG31: 0.11140863356053221
A32: Abner Uribe | B32: MIL | C32: RP | D32: 67 | E32: 68.2 | F32: 286 | G32: =$D32*U32 -> 3.8055556 | H32: =$D32*V32 -> 1.5311869 | I32: =$D32*W32 -> 16.336111 | J32: =$D32*X32 -> 11.875379 | K32: =$D32*Y32 -> 3 | L32: =$F32*Z32 -> 50.627998 | M32: =$F32*AA32 -> 26.009448 | N32: =$F32*AB32 -> 23.808746 | O32: =$F32*AC32 -> 5.2858632 | P32: =$F32*AD32 -> 1.9767174 | Q32: =$F32*AE32 -> 4.3494394 | R32: =$F32*AF32 -> 82.841971 | S32: =$F32*AG32 -> 31.697818 | U32: 0.056799337 | V32: 0.022853535353535293 | W32: 0.24382255389718074 | X32: 0.1772444595205789 | Y32: 0.044776119 | Z32: 0.17702097145612153 | AA32: 0.090942127 | AB32: 0.083247362 | AC32: 0.018482039155288413 | AD32: 0.0069115991 | AE32: 0.01520783 | AF32: 0.2896572427729232 | AG32: 0.11083153230382861
A33: Bryan Abreu | B33: HOU | C33: RP | D33: 65 | E33: 67.1 | F33: 279 | G33: =$D33*U33 -> 3.5764706 | H33: =$D33*V33 -> 2.184676 | I33: =$D33*W33 -> 7.7735294 | J33: =$D33*X33 -> 16.177217 | K33: =$D33*Y33 -> 4 | L33: =$F33*Z33 -> 49.848328 | M33: =$F33*AA33 -> 23.944629 | N33: =$F33*AB33 -> 21.785614 | O33: =$F33*AC33 -> 6.3738533 | P33: =$F33*AD33 -> 0.99259065 | Q33: =$F33*AE33 -> 3.7244129 | R33: =$F33*AF33 -> 91.01241 | S33: =$F33*AG33 -> 28.347656 | U33: 0.055022624 | V33: 0.033610400682011904 | W33: 0.11959276018099543 | X33: 0.24888025444291426 | Y33: 0.061538462 | Z33: 0.17866784365080984 | AA33: 0.085823044 | AB33: 0.078084639 | AC33: 0.022845352 | AD33: 0.0035576726 | AE33: 0.01334915 | AF33: 0.32620935467584833 | AG33: 0.10160450196406799
A34: Seranthony Dominguez | B34: CWS | C34: RP | D34: 62 | E34: 61.2 | F34: 262 | G34: =$D34*U34 -> 3.1634921 | H34: =$D34*V34 -> 3.6730159 | I34: =$D34*W34 -> 20.736508 | J34: =$D34*X34 -> 5.9714286 | K34: =$D34*Y34 -> 5 | L34: =$F34*Z34 -> 51.061506 | M34: =$F34*AA34 -> 29.169312 | N34: =$F34*AB34 -> 27.082033 | O34: =$F34*AC34 -> 7.7830887 | P34: =$F34*AD34 -> 0.99552239 | Q34: =$F34*AE34 -> 2.5828015 | R34: =$F34*AF34 -> 69.452632 | S34: =$F34*AG34 -> 29.213826 | U34: 0.051024065540194535 | V34: 0.059242192 | W34: 0.33445980542754733 | X34: 0.096313364 | Y34: 0.080645161 | Z34: 0.19489124532881913 | AA34: 0.11133325356354065 | AB34: 0.10336653949581992 | AC34: 0.029706446 | AD34: 0.0037997038 | AE34: 0.0098580209 | AF34: 0.26508638258132816 | AG34: 0.11150315368762874
A35: Griffin Jax | B35: TB | C35: RP | D35: 65 | E35: 65.2 | F35: 265 | G35: =$D35*U35 -> 4.1104478 | H35: =$D35*V35 -> 2.8890474 | I35: =$D35*W35 -> 14.328358 | J35: =$D35*X35 -> 11.822212 | K35: =$D35*Y35 -> 6 | L35: =$F35*Z35 -> 52.100432 | M35: =$F35*AA35 -> 23.117987 | N35: =$F35*AB35 -> 21.133468 | O35: =$F35*AC35 -> 5.9359746 | P35: =$F35*AD35 -> 1.6827228 | Q35: =$F35*AE35 -> 1.984519 | R35: =$F35*AF35 -> 85.491939 | S35: =$F35*AG35 -> 18.462407 | U35: 0.063237658 | V35: 0.044446883230904254 | W35: 0.22043628013777264 | X35: 0.1818801918011751 | Y35: 0.092307692 | Z35: 0.19660540239487606 | AA35: 0.087237688 | AB35: 0.079748937 | AC35: 0.022399904 | AD35: 0.0063498975 | AE35: 0.0074887509 | AF35: 0.3226110921031769 | AG35: 0.069669459
A36: Robert Garcia | B36: TEX | C36: RP | D36: 62 | E36: 61.2 | F36: 257 | G36: =$D36*U36 -> 3.621875 | H36: =$D36*V36 -> 3.646875 | I36: =$D36*W36 -> 17.475 | J36: =$D36*X36 -> 7.44375 | K36: =$D36*Y36 -> 5 | L36: =$F36*Z36 -> 52.94294 | M36: =$F36*AA36 -> 26.479272 | N36: =$F36*AB36 -> 24.439503 | O36: =$F36*AC36 -> 6.5791592 | P36: =$F36*AD36 -> 1.9729607 | Q36: =$F36*AE36 -> 2.0397693 | R36: =$F36*AF36 -> 67.260786 | S36: =$F36*AG36 -> 21.784858 | U36: 0.058417339 | V36: 0.058820565 | W36: 0.28185483870967737 | X36: 0.12006048387096772 | Y36: 0.080645161 | Z36: 0.2060036585924744 | AA36: 0.10303218838811262 | AB36: 0.095095343 | AC36: 0.025599841 | AD36: 0.00767689 | AE36: 0.0079368455 | AF36: 0.2617151189816398 | AG36: 0.084765985
A37: Edwin Uceta | B37: TB | C37: RP | D37: 63 | E37: 68.1 | F37: 283 | G37: =$D37*U37 -> 3.8161765 | H37: =$D37*V37 -> 3.7105932 | I37: =$D37*W37 -> 11.823529 | J37: =$D37*X37 -> 13.406505 | K37: =$D37*Y37 -> 2 | L37: =$F37*Z37 -> 54.485845 | M37: =$F37*AA37 -> 29.649069 | N37: =$F37*AB37 -> 27.691155 | O37: =$F37*AC37 -> 8.8074421 | P37: =$F37*AD37 -> 1.9841088 | Q37: =$F37*AE37 -> 4.6758534 | R37: =$F37*AF37 -> 82.258481 | S37: =$F37*AG37 -> 25.174047 | U37: 0.060574229691876695 | V37: 0.058898305084745736 | W37: 0.18767507002801115 | X37: 0.21280167434205316 | Y37: 0.031746032 | Z37: 0.19252948599066932 | AA37: 0.10476702823396622 | AB37: 0.097848606 | AC37: 0.031121704 | AD37: 0.0070109851 | AE37: 0.016522450267274072 | AF37: 0.2906660088429268 | AG37: 0.088954229
A38: Riley O'Brien | B38: STL | C38: RP | D38: 61 | E38: 63.1 | F38: 275 | G38: =$D38*U38 -> 2.9333333 | H38: =$D38*V38 -> 2.4548086 | I38: =$D38*W38 -> 15.898413 | J38: =$D38*X38 -> 11.267227 | K38: =$D38*Y38 -> 5 | L38: =$F38*Z38 -> 54.234066 | M38: =$F38*AA38 -> 28.93238 | N38: =$F38*AB38 -> 26.791771 | O38: =$F38*AC38 -> 5.8693668 | P38: =$F38*AD38 -> 2.0111117 | Q38: =$F38*AE38 -> 6.2787492 | R38: =$F38*AF38 -> 66.334774 | S38: =$F38*AG38 -> 28.643337 | U38: 0.048087432 | V38: 0.040242764 | W38: 0.2606297163674212 | X38: 0.18470863755338196 | Y38: 0.081967213 | Z38: 0.1972147864151108 | AA38: 0.10520865546557404 | AB38: 0.097424622 | AC38: 0.021343152 | AD38: 0.0073131335 | AE38: 0.022831815 | AF38: 0.24121735877291428 | AG38: 0.10415758896151049

Sheet P14_Rank
A1: Name | B1: =P14_Relievers!B1 -> Team | C1: =P14_Relievers!C1 -> Position | D1: =P14_Relievers!D1 -> G | E1: IP | F1: =P14_Relievers!F1 -> TBF | G1: W+ | H1: ERA | I1: WHIP | J1: K/9+ | K1: BB/9+ | L1: SV+HLD+ | M1: K-BB%+ | N1: Total | P1: W | Q1: L | R1: SV+HLD | S1: BS | T1: H | U1: R | V1: ER | W1: HR | X1: IBB | Y1: HBP | Z1: K/9 | AA1: BB/9 | AB1: ERA | AC1: WHIP | AD1: K-BB% | AF1: =P14_Relievers!G1 -> W | AG1: =P14_Relievers!H1 -> L | AH1: =P14_Relievers!I1 -> SV | AI1: =P14_Relievers!J1 -> HLD | AJ1: SV+HLD | AK1: =P14_Relievers!K1 -> BS | AL1: =P14_Relievers!L1 -> H | AM1: =P14_Relievers!M1 -> R | AN1: =P14_Relievers!N1 -> ER | AO1: =P14_Relievers!O1 -> HR | AP1: =P14_Relievers!P1 -> IBB | AQ1: =P14_Relievers!Q1 -> HBP | AR1: =P14_Relievers!R1 -> SO | AS1: =P14_Relievers!S1 -> BB | AT1: K/9 | AU1: BB/9 | AV1: ERA | AW1: WHIP | AX1: K-BB%
A2: Mason Miller | B2: =P14_Relievers!B2 -> SD | C2: =P14_Relievers!C2 -> RP | D2: =P14_Relievers!D2 -> 59 | E2: 64.67 | F2: =P14_Relievers!F2 -> 254 | G2: =(P2-P$39)/P$40 -> -0.5882652 | H2: =(AB2-AB$39)/AB$40 -> 2.2529326 | I2: =(AC2-AC$39)/AC$40 -> 2.8794218 | J2: =(Z2-Z$39)/Z$40 -> 2.5380756 | K2: =(AA2-AA$39)/AA$40 -> -0.12502321 | L2: =(R2-R$39)/R$40 -> 1.2171985 | M2: =(AD2-AD$39)/AD$40 -> 2.8151292 | N2: =G2+H2+I2+J2+K2+L2+M2*2 -> 13.804599 | P2: =(AF2-AVERAGE(AF$2:AF$38))/AVERAGE(AF$2:AF$38)*100+100 -> 92.340169 | Q2: =(AVERAGE(AG$2:AG$38)-AG2)/AVERAGE(AG$2:AG$38)*100+100 -> 161.27238 | R2: =(AJ2-AVERAGE(AJ$2:AJ$38))/AVERAGE(AJ$2:AJ$38)*100+100 -> 125.07096 | S2: =(AVERAGE(AK$2:AK$38)-AK2)/AVERAGE(AK$2:AK$38)*100+100 -> 101.98675 | T2: =(AVERAGE(AL$2:AL$38)-AL2)/AVERAGE(AL$2:AL$38)*100+100 -> 126.57524 | U2: =(AVERAGE(AM$2:AM$38)-AM2)/AVERAGE(AM$2:AM$38)*100+100 -> 128.06687 | V2: =(AVERAGE(AN$2:AN$38)-AN2)/AVERAGE(AN$2:AN$38)*100+100 -> 126.87729 | W2: =(AVERAGE(AO$2:AO$38)-AO2)/AVERAGE(AO$2:AO$38)*100+100 -> 109.6023 | X2: =(AVERAGE(AP$2:AP$38)-AP2)/AVERAGE(AP$2:AP$38)*100+100 -> 64.378098 | Y2: =(AVERAGE(AQ$2:AQ$38)-AQ2)/AVERAGE(AQ$2:AQ$38)*100+100 -> 127.63525 | Z2: =(AT2-AVERAGE(AT$2:AT$38))/AVERAGE(AT$2:AT$38)*100+100 -> 138.16335 | AA2: =(AVERAGE(AU$2:AU$38)-AU2)/AVERAGE(AU$2:AU$38)*100+100 -> 98.021095 | AB2: =(AVERAGE(AV$2:AV$38)-AV2)/AVERAGE(AV$2:AV$38)*100+100 -> 127.93845 | AC2: =(AVERAGE(AW$2:AW$38)-AW2)/AVERAGE(AW$2:AW$38)*100+100 -> 118.42893 | AD2: =(AX2-AVERAGE(AX$2:AX$38))/AVERAGE(AX$2:AX$38)*100+100 -> 162.13498 | AF2: =P14_Relievers!G2 -> 3.4030303 | AG2: =P14_Relievers!H2 -> 1.2237722 | AH2: =P14_Relievers!I2 -> 32.121212 | AI2: =P14_Relievers!J2 -> 2.4432602 | AJ2: =AH2+AI2 -> 34.564472 | AK2: =P14_Relievers!K2 -> 4 | AL2: =P14_Relievers!L2 -> 38.174295 | AM2: =P14_Relievers!M2 -> 18.934816 | AN2: =P14_Relievers!N2 -> 17.717123 | AO2: =P14_Relievers!O2 -> 6.1266876 | AP2: =P14_Relievers!P2 -> 1.9770095 | AQ2: =P14_Relievers!Q2 -> 2.0490733 | AR2: =P14_Relievers!R2 -> 103.17949 | AS2: =P14_Relievers!S2 -> 23.88218 | AT2: =AR2/$E2*9 -> 14.359293 | AU2: =AS2/$E2*9 -> 3.3236372 | AV2: =AN2/$E2*9 -> 2.4656581 | AW2: =(AS2+AL2)/E2 -> 0.95958675 | AX2: =(AR2-AS2)/F2 -> 0.31219415
A3: Edwin Diaz | B3: =P14_Relievers!B3 -> LAD | C3: =P14_Relievers!C3 -> RP | D3: =P14_Relievers!D3 -> 64 | E3: 65.67 | F3: =P14_Relievers!F3 -> 265 | G3: =(P3-P$39)/P$40 -> 1.508274 | H3: =(AB3-AB$39)/AB$40 -> 1.0866525 | I3: =(AC3-AC$39)/AC$40 -> 1.4374224 | J3: =(Z3-Z$39)/Z$40 -> 1.4315205 | K3: =(AA3-AA$39)/AA$40 -> 0.19348142 | L3: =(R3-R$39)/R$40 -> 2.1067886 | M3: =(AD3-AD$39)/AD$40 -> 1.6051982 | N3: =G3+H3+I3+J3+K3+L3+M3*2 -> 10.974536 | P3: =(AF3-AVERAGE(AF$2:AF$38))/AVERAGE(AF$2:AF$38)*100+100 -> 119.63931 | Q3: =(AVERAGE(AG$2:AG$38)-AG3)/AVERAGE(AG$2:AG$38)*100+100 -> 124.57426 | R3: =(AJ3-AVERAGE(AJ$2:AJ$38))/AVERAGE(AJ$2:AJ$38)*100+100 -> 143.39408 | S3: =(AVERAGE(AK$2:AK$38)-AK3)/AVERAGE(AK$2:AK$38)*100+100 -> 77.483444 | T3: =(AVERAGE(AL$2:AL$38)-AL3)/AVERAGE(AL$2:AL$38)*100+100 -> 109.42047 | U3: =(AVERAGE(AM$2:AM$38)-AM3)/AVERAGE(AM$2:AM$38)*100+100 -> 109.89227 | V3: =(AVERAGE(AN$2:AN$38)-AN3)/AVERAGE(AN$2:AN$38)*100+100 -> 110.84372 | W3: =(AVERAGE(AO$2:AO$38)-AO3)/AVERAGE(AO$2:AO$38)*100+100 -> 99.115667 | X3: =(AVERAGE(AP$2:AP$38)-AP3)/AVERAGE(AP$2:AP$38)*100+100 -> 132.06014 | Y3: =(AVERAGE(AQ$2:AQ$38)-AQ3)/AVERAGE(AQ$2:AQ$38)*100+100 -> 37.607812 | Z3: =(AT3-AVERAGE(AT$2:AT$38))/AVERAGE(AT$2:AT$38)*100+100 -> 121.52482 | AA3: =(AVERAGE(AU$2:AU$38)-AU3)/AVERAGE(AU$2:AU$38)*100+100 -> 103.06248 | AB3: =(AVERAGE(AV$2:AV$38)-AV3)/AVERAGE(AV$2:AV$38)*100+100 -> 113.4755 | AC3: =(AVERAGE(AW$2:AW$38)-AW3)/AVERAGE(AW$2:AW$38)*100+100 -> 109.19982 | AD3: =(AX3-AVERAGE(AX$2:AX$38))/AVERAGE(AX$2:AX$38)*100+100 -> 135.42962 | AF3: =P14_Relievers!G3 -> 4.4090909 | AG3: =P14_Relievers!H3 -> 2.3834131 | AH3: =P14_Relievers!I3 -> 36.581818 | AI3: =P14_Relievers!J3 -> 3.0464115 | AJ3: =AH3+AI3 -> 39.62823 | AK3: =P14_Relievers!K3 -> 5 | AL3: =P14_Relievers!L3 -> 47.093238 | AM3: =P14_Relievers!M3 -> 23.718879 | AN3: =P14_Relievers!N3 -> 21.601945 | AO3: =P14_Relievers!O3 -> 6.8374173 | AP3: =P14_Relievers!P3 -> 0.99038396 | AQ3: =P14_Relievers!Q3 -> 4.5982815 | AR3: =P14_Relievers!R3 -> 92.157286 | AS3: =P14_Relievers!S3 -> 23.052587 | AT3: =AR3/$E3*9 -> 12.630053 | AU3: =AS3/$E3*9 -> 3.1593312 | AV3: =AN3/$E3*9 -> 2.9605224 | AW3: =(AS3+AL3)/E3 -> 1.0681563 | AX3: =(AR3-AS3)/F3 -> 0.26077245
A4: Cade Smith | B4: =P14_Relievers!B6 -> CLE | C4: =P14_Relievers!C6 -> RP | D4: =P14_Relievers!D6 -> 67 | E4: 69 | F4: =P14_Relievers!F6 -> 277 | G4: =(P4-P$39)/P$40 -> 1.8287089 | H4: =(AB4-AB$39)/AB$40 -> 1.5013645 | I4: =(AC4-AC$39)/AC$40 -> 1.7318867 | J4: =(Z4-Z$39)/Z$40 -> 0.82088757 | K4: =(AA4-AA$39)/AA$40 -> 0.89986926 | L4: =(R4-R$39)/R$40 -> 1.1172361 | M4: =(AD4-AD$39)/AD$40 -> 1.2529109 | N4: =G4+H4+I4+J4+K4+L4+M4*2 -> 10.405775 | P4: =(AF4-AVERAGE(AF$2:AF$38))/AVERAGE(AF$2:AF$38)*100+100 -> 123.81171 | Q4: =(AVERAGE(AG$2:AG$38)-AG4)/AVERAGE(AG$2:AG$38)*100+100 -> 107.79416 | R4: =(AJ4-AVERAGE(AJ$2:AJ$38))/AVERAGE(AJ$2:AJ$38)*100+100 -> 123.012 | S4: =(AVERAGE(AK$2:AK$38)-AK4)/AVERAGE(AK$2:AK$38)*100+100 -> 77.483444 | T4: =(AVERAGE(AL$2:AL$38)-AL4)/AVERAGE(AL$2:AL$38)*100+100 -> 102.3962 | U4: =(AVERAGE(AM$2:AM$38)-AM4)/AVERAGE(AM$2:AM$38)*100+100 -> 111.42344 | V4: =(AVERAGE(AN$2:AN$38)-AN4)/AVERAGE(AN$2:AN$38)*100+100 -> 111.89073 | W4: =(AVERAGE(AO$2:AO$38)-AO4)/AVERAGE(AO$2:AO$38)*100+100 -> 116.0743 | X4: =(AVERAGE(AP$2:AP$38)-AP4)/AVERAGE(AP$2:AP$38)*100+100 -> 64.443842 | Y4: =(AVERAGE(AQ$2:AQ$38)-AQ4)/AVERAGE(AQ$2:AQ$38)*100+100 -> 50.608531 | Z4: =(AT4-AVERAGE(AT$2:AT$38))/AVERAGE(AT$2:AT$38)*100+100 -> 112.34314 | AA4: =(AVERAGE(AU$2:AU$38)-AU4)/AVERAGE(AU$2:AU$38)*100+100 -> 114.2434 | AB4: =(AVERAGE(AV$2:AV$38)-AV4)/AVERAGE(AV$2:AV$38)*100+100 -> 118.61831 | AC4: =(AVERAGE(AW$2:AW$38)-AW4)/AVERAGE(AW$2:AW$38)*100+100 -> 111.08445 | AD4: =(AX4-AVERAGE(AX$2:AX$38))/AVERAGE(AX$2:AX$38)*100+100 -> 127.654 | AF4: =P14_Relievers!G6 -> 4.5628571 | AG4: =P14_Relievers!H6 -> 2.9136555 | AH4: =P14_Relievers!I6 -> 30.542857 | AI4: =P14_Relievers!J6 -> 3.452605 | AJ4: =AH4+AI4 -> 33.995462 | AK4: =P14_Relievers!K6 -> 5 | AL4: =P14_Relievers!L6 -> 50.74523 | AM4: =P14_Relievers!M6 -> 23.315833 | AN4: =P14_Relievers!N6 -> 21.348262 | AO4: =P14_Relievers!O6 -> 5.6880491 | AP4: =P14_Relievers!P6 -> 1.9760511 | AQ4: =P14_Relievers!Q6 -> 4.2301544 | AR4: =P14_Relievers!R6 -> 89.514485 | AS4: =P14_Relievers!S6 -> 21.42779 | AT4: =AR4/$E4*9 -> 11.675802 | AU4: =AS4/$E4*9 -> 2.7949291 | AV4: =AN4/$E4*9 -> 2.784556 | AW4: =(AS4+AL4)/E4 -> 1.0459858 | AX4: =(AR4-AS4)/F4 -> 0.24580034
A5: Griffin Jax | B5: =P14_Relievers!B35 -> TB | C5: =P14_Relievers!C35 -> RP | D5: =P14_Relievers!D35 -> 65 | E5: 65.67 | F5: =P14_Relievers!F35 -> 265 | G5: =(P5-P$39)/P$40 -> 0.88592873 | H5: =(AB5-AB$39)/AB$40 -> 1.237967 | I5: =(AC5-AC$39)/AC$40 -> 1.353081 | J5: =(Z5-Z$39)/Z$40 -> 0.84697805 | K5: =(AA5-AA$39)/AA$40 -> 1.4129415 | L5: =(R5-R$39)/R$40 -> -0.2609377 | M5: =(AD5-AD$39)/AD$40 -> 1.4209424 | N5: =G5+H5+I5+J5+K5+L5+M5*2 -> 8.3178433 | P5: =(AF5-AVERAGE(AF$2:AF$38))/AVERAGE(AF$2:AF$38)*100+100 -> 111.53572 | Q5: =(AVERAGE(AG$2:AG$38)-AG5)/AVERAGE(AG$2:AG$38)*100+100 -> 108.5729 | R5: =(AJ5-AVERAGE(AJ$2:AJ$38))/AVERAGE(AJ$2:AJ$38)*100+100 -> 94.625398 | S5: =(AVERAGE(AK$2:AK$38)-AK5)/AVERAGE(AK$2:AK$38)*100+100 -> 52.980132 | T5: =(AVERAGE(AL$2:AL$38)-AL5)/AVERAGE(AL$2:AL$38)*100+100 -> 99.789595 | U5: =(AVERAGE(AM$2:AM$38)-AM5)/AVERAGE(AM$2:AM$38)*100+100 -> 112.17505 | V5: =(AVERAGE(AN$2:AN$38)-AN5)/AVERAGE(AN$2:AN$38)*100+100 -> 112.77724 | W5: =(AVERAGE(AO$2:AO$38)-AO5)/AVERAGE(AO$2:AO$38)*100+100 -> 112.41622 | X5: =(AVERAGE(AP$2:AP$38)-AP5)/AVERAGE(AP$2:AP$38)*100+100 -> 84.56602 | Y5: =(AVERAGE(AQ$2:AQ$38)-AQ5)/AVERAGE(AQ$2:AQ$38)*100+100 -> 129.91504 | Z5: =(AT5-AVERAGE(AT$2:AT$38))/AVERAGE(AT$2:AT$38)*100+100 -> 112.73545 | AA5: =(AVERAGE(AU$2:AU$38)-AU5)/AVERAGE(AU$2:AU$38)*100+100 -> 122.36447 | AB5: =(AVERAGE(AV$2:AV$38)-AV5)/AVERAGE(AV$2:AV$38)*100+100 -> 115.35194 | AC5: =(AVERAGE(AW$2:AW$38)-AW5)/AVERAGE(AW$2:AW$38)*100+100 -> 108.66002 | AD5: =(AX5-AVERAGE(AX$2:AX$38))/AVERAGE(AX$2:AX$38)*100+100 -> 131.36276 | AF5: =P14_Relievers!G35 -> 4.1104478 | AG5: =P14_Relievers!H35 -> 2.8890474 | AH5: =P14_Relievers!I35 -> 14.328358 | AI5: =P14_Relievers!J35 -> 11.822212 | AJ5: =AH5+AI5 -> 26.150571 | AK5: =P14_Relievers!K35 -> 6 | AL5: =P14_Relievers!L35 -> 52.100432 | AM5: =P14_Relievers!M35 -> 23.117987 | AN5: =P14_Relievers!N35 -> 21.133468 | AO5: =P14_Relievers!O35 -> 5.9359746 | AP5: =P14_Relievers!P35 -> 1.6827228 | AQ5: =P14_Relievers!Q35 -> 1.984519 | AR5: =P14_Relievers!R35 -> 85.491939 | AS5: =P14_Relievers!S35 -> 18.462407 | AT5: =AR5/$E5*9 -> 11.716575 | AU5: =AS5/$E5*9 -> 2.5302522 | AV5: =AN5/$E5*9 -> 2.8963182 | AW5: =(AS5+AL5)/E5 -> 1.0745064 | AX5: =(AR5-AS5)/F5 -> 0.25294163
A6: Jhoan Duran | B6: =P14_Relievers!B5 -> PHI | C6: =P14_Relievers!C5 -> RP | D6: =P14_Relievers!D5 -> 65 | E6: 66.33 | F6: =P14_Relievers!F5 -> 271 | G6: =(P6-P$39)/P$40 -> 2.0251918 | H6: =(AB6-AB$39)/AB$40 -> 1.673507 | I6: =(AC6-AC$39)/AC$40 -> 0.8368357 | J6: =(Z6-Z$39)/Z$40 -> 0.27512022 | K6: =(AA6-AA$39)/AA$40 -> 0.83804381 | L6: =(R6-R$39)/R$40 -> 1.2431752 | M6: =(AD6-AD$39)/AD$40 -> 0.58603702 | N6: =G6+H6+I6+J6+K6+L6+M6*2 -> 8.0639477 | P6: =(AF6-AVERAGE(AF$2:AF$38))/AVERAGE(AF$2:AF$38)*100+100 -> 126.37012 | Q6: =(AVERAGE(AG$2:AG$38)-AG6)/AVERAGE(AG$2:AG$38)*100+100 -> 109.17157 | R6: =(AJ6-AVERAGE(AJ$2:AJ$38))/AVERAGE(AJ$2:AJ$38)*100+100 -> 125.60601 | S6: =(AVERAGE(AK$2:AK$38)-AK6)/AVERAGE(AK$2:AK$38)*100+100 -> 101.98675 | T6: =(AVERAGE(AL$2:AL$38)-AL6)/AVERAGE(AL$2:AL$38)*100+100 -> 98.027653 | U6: =(AVERAGE(AM$2:AM$38)-AM6)/AVERAGE(AM$2:AM$38)*100+100 -> 116.55824 | V6: =(AVERAGE(AN$2:AN$38)-AN6)/AVERAGE(AN$2:AN$38)*100+100 -> 117.52194 | W6: =(AVERAGE(AO$2:AO$38)-AO6)/AVERAGE(AO$2:AO$38)*100+100 -> 142.06822 | X6: =(AVERAGE(AP$2:AP$38)-AP6)/AVERAGE(AP$2:AP$38)*100+100 -> 64.450415 | Y6: =(AVERAGE(AQ$2:AQ$38)-AQ6)/AVERAGE(AQ$2:AQ$38)*100+100 -> 66.840683 | Z6: =(AT6-AVERAGE(AT$2:AT$38))/AVERAGE(AT$2:AT$38)*100+100 -> 104.1368 | AA6: =(AVERAGE(AU$2:AU$38)-AU6)/AVERAGE(AU$2:AU$38)*100+100 -> 113.26481 | AB6: =(AVERAGE(AV$2:AV$38)-AV6)/AVERAGE(AV$2:AV$38)*100+100 -> 120.75303 | AC6: =(AVERAGE(AW$2:AW$38)-AW6)/AVERAGE(AW$2:AW$38)*100+100 -> 105.35593 | AD6: =(AX6-AVERAGE(AX$2:AX$38))/AVERAGE(AX$2:AX$38)*100+100 -> 112.93489 | AF6: =P14_Relievers!G5 -> 4.6571429 | AG6: =P14_Relievers!H5 -> 2.8701299 | AH6: =P14_Relievers!I5 -> 31.785714 | AI6: =P14_Relievers!J5 -> 2.9266234 | AJ6: =AH6+AI6 -> 34.712338 | AK6: =P14_Relievers!K5 -> 4 | AL6: =P14_Relievers!L5 -> 53.016484 | AM6: =P14_Relievers!M5 -> 21.964211 | AN6: =P14_Relievers!N5 -> 19.98386 | AO6: =P14_Relievers!O5 -> 3.9263158 | AP6: =P14_Relievers!P5 -> 1.9759553 | AQ6: =P14_Relievers!Q5 -> 3.7705263 | AR6: =P14_Relievers!R5 -> 79.764912 | AS6: =P14_Relievers!S5 -> 20.833684 | AT6: =AR6/$E6*9 -> 10.822919 | AU6: =AS6/$E6*9 -> 2.8268228 | AV6: =AN6/$E6*9 -> 2.7115142 | AW6: =(AS6+AL6)/E6 -> 1.1133751 | AX6: =(AR6-AS6)/F6 -> 0.21745841
A7: Josh Hader | B7: =P14_Relievers!B10 -> HOU | C7: =P14_Relievers!C10 -> RP | D7: =P14_Relievers!D10 -> 53 | E7: 56 | F7: =P14_Relievers!F10 -> 225 | G7: =(P7-P$39)/P$40 -> -0.15885355 | H7: =(AB7-AB$39)/AB$40 -> 0.56802419 | I7: =(AC7-AC$39)/AC$40 -> 1.3522615 | J7: =(Z7-Z$39)/Z$40 -> 1.3938634 | K7: =(AA7-AA$39)/AA$40 -> -0.35482133 | L7: =(R7-R$39)/R$40 -> 0.42466764 | M7: =(AD7-AD$39)/AD$40 -> 1.4095375 | N7: =G7+H7+I7+J7+K7+L7+M7*2 -> 6.0442169 | P7: =(AF7-AVERAGE(AF$2:AF$38))/AVERAGE(AF$2:AF$38)*100+100 -> 97.93156 | Q7: =(AVERAGE(AG$2:AG$38)-AG7)/AVERAGE(AG$2:AG$38)*100+100 -> 110.20817 | R7: =(AJ7-AVERAGE(AJ$2:AJ$38))/AVERAGE(AJ$2:AJ$38)*100+100 -> 108.74699 | S7: =(AVERAGE(AK$2:AK$38)-AK7)/AVERAGE(AK$2:AK$38)*100+100 -> 126.49007 | T7: =(AVERAGE(AL$2:AL$38)-AL7)/AVERAGE(AL$2:AL$38)*100+100 -> 125.45294 | U7: =(AVERAGE(AM$2:AM$38)-AM7)/AVERAGE(AM$2:AM$38)*100+100 -> 117.35493 | V7: =(AVERAGE(AN$2:AN$38)-AN7)/AVERAGE(AN$2:AN$38)*100+100 -> 118.32086 | W7: =(AVERAGE(AO$2:AO$38)-AO7)/AVERAGE(AO$2:AO$38)*100+100 -> 96.64295 | X7: =(AVERAGE(AP$2:AP$38)-AP7)/AVERAGE(AP$2:AP$38)*100+100 -> 134.08879 | Y7: =(AVERAGE(AQ$2:AQ$38)-AQ7)/AVERAGE(AQ$2:AQ$38)*100+100 -> 124.76789 | Z7: =(AT7-AVERAGE(AT$2:AT$38))/AVERAGE(AT$2:AT$38)*100+100 -> 120.9586 | AA7: =(AVERAGE(AU$2:AU$38)-AU7)/AVERAGE(AU$2:AU$38)*100+100 -> 94.38378 | AB7: =(AVERAGE(AV$2:AV$38)-AV7)/AVERAGE(AV$2:AV$38)*100+100 -> 107.04403 | AC7: =(AVERAGE(AW$2:AW$38)-AW7)/AVERAGE(AW$2:AW$38)*100+100 -> 108.65477 | AD7: =(AX7-AVERAGE(AX$2:AX$38))/AVERAGE(AX$2:AX$38)*100+100 -> 131.11103 | AF7: =P14_Relievers!G10 -> 3.6090909 | AG7: =P14_Relievers!H10 -> 2.8373737 | AH7: =P14_Relievers!I10 -> 28.178788 | AI7: =P14_Relievers!J10 -> 1.8744108 | AJ7: =AH7+AI7 -> 30.053199 | AK7: =P14_Relievers!K10 -> 3 | AL7: =P14_Relievers!L10 -> 38.757792 | AM7: =P14_Relievers!M10 -> 21.754499 | AN7: =P14_Relievers!N10 -> 19.790286 | AO7: =P14_Relievers!O10 -> 7.0050052 | AP7: =P14_Relievers!P10 -> 0.96081149 | AQ7: =P14_Relievers!Q10 -> 2.1302651 | AR7: =P14_Relievers!R10 -> 78.220833 | AS7: =P14_Relievers!S10 -> 21.418024 | AT7: =AR7/$E7*9 -> 12.571205 | AU7: =AS7/$E7*9 -> 3.4421824 | AV7: =AN7/$E7*9 -> 3.1805816 | AW7: =(AS7+AL7)/E7 -> 1.0745681 | AX7: =(AR7-AS7)/F7 -> 0.25245693
A8: Devin Williams | B8: =P14_Relievers!B9 -> NYM | C8: =P14_Relievers!C9 -> RP | D8: =P14_Relievers!D9 -> 64 | E8: 64.33 | F8: =P14_Relievers!F9 -> 263 | G8: =(P8-P$39)/P$40 -> 1.6977203 | H8: =(AB8-AB$39)/AB$40 -> 0.60047968 | I8: =(AC8-AC$39)/AC$40 -> 0.70543634 | J8: =(Z8-Z$39)/Z$40 -> 1.1145261 | K8: =(AA8-AA$39)/AA$40 -> -0.95797962 | L8: =(R8-R$39)/R$40 -> 1.1934883 | M8: =(AD8-AD$39)/AD$40 -> 0.82906636 | N8: =G8+H8+I8+J8+K8+L8+M8*2 -> 6.0118039 | P8: =(AF8-AVERAGE(AF$2:AF$38))/AVERAGE(AF$2:AF$38)*100+100 -> 122.1061 | Q8: =(AVERAGE(AG$2:AG$38)-AG8)/AVERAGE(AG$2:AG$38)*100+100 -> 79.796683 | R8: =(AJ8-AVERAGE(AJ$2:AJ$38))/AVERAGE(AJ$2:AJ$38)*100+100 -> 124.58259 | S8: =(AVERAGE(AK$2:AK$38)-AK8)/AVERAGE(AK$2:AK$38)*100+100 -> 101.98675 | T8: =(AVERAGE(AL$2:AL$38)-AL8)/AVERAGE(AL$2:AL$38)*100+100 -> 112.61597 | U8: =(AVERAGE(AM$2:AM$38)-AM8)/AVERAGE(AM$2:AM$38)*100+100 -> 105.90031 | V8: =(AVERAGE(AN$2:AN$38)-AN8)/AVERAGE(AN$2:AN$38)*100+100 -> 106.57735 | W8: =(AVERAGE(AO$2:AO$38)-AO8)/AVERAGE(AO$2:AO$38)*100+100 -> 114.03858 | X8: =(AVERAGE(AP$2:AP$38)-AP8)/AVERAGE(AP$2:AP$38)*100+100 -> 131.71053 | Y8: =(AVERAGE(AQ$2:AQ$38)-AQ8)/AVERAGE(AQ$2:AQ$38)*100+100 -> 86.953092 | Z8: =(AT8-AVERAGE(AT$2:AT$38))/AVERAGE(AT$2:AT$38)*100+100 -> 116.75839 | AA8: =(AVERAGE(AU$2:AU$38)-AU8)/AVERAGE(AU$2:AU$38)*100+100 -> 84.836808 | AB8: =(AVERAGE(AV$2:AV$38)-AV8)/AVERAGE(AV$2:AV$38)*100+100 -> 107.4465 | AC8: =(AVERAGE(AW$2:AW$38)-AW8)/AVERAGE(AW$2:AW$38)*100+100 -> 104.51495 | AD8: =(AX8-AVERAGE(AX$2:AX$38))/AVERAGE(AX$2:AX$38)*100+100 -> 118.29899 | AF8: =P14_Relievers!G9 -> 4.5 | AG8: =P14_Relievers!H9 -> 3.7983607 | AH8: =P14_Relievers!I9 -> 30.4 | AI8: =P14_Relievers!J9 -> 4.0295082 | AJ8: =AH8+AI8 -> 34.429508 | AK8: =P14_Relievers!K9 -> 4 | AL8: =P14_Relievers!L9 -> 45.431865 | AM8: =P14_Relievers!M9 -> 24.769674 | AN8: =P14_Relievers!N9 -> 22.635657 | AO8: =P14_Relievers!O9 -> 5.8260196 | AP8: =P14_Relievers!P9 -> 0.99548021 | AQ8: =P14_Relievers!Q9 -> 3.2010253 | AR8: =P14_Relievers!R9 -> 86.735984 | AS8: =P14_Relievers!S9 -> 26.827982 | AT8: =AR8/$E8*9 -> 12.134678 | AU8: =AS8/$E8*9 -> 3.7533318 | AV8: =AN8/$E8*9 -> 3.1668104 | AW8: =(AS8+AL8)/E8 -> 1.1232682 | AX8: =(AR8-AS8)/F8 -> 0.22778708
A9: Andres Munoz | B9: =P14_Relievers!B4 -> SEA | C9: =P14_Relievers!C4 -> RP | D9: =P14_Relievers!D4 -> 60 | E9: 61.67 | F9: =P14_Relievers!F4 -> 253 | G9: =(P9-P$39)/P$40 -> 0.29108144 | H9: =(AB9-AB$39)/AB$40 -> 1.2658792 | I9: =(AC9-AC$39)/AC$40 -> 0.8110105 | J9: =(Z9-Z$39)/Z$40 -> 0.82314813 | K9: =(AA9-AA$39)/AA$40 -> -0.59842075 | L9: =(R9-R$39)/R$40 -> 1.3594841 | M9: =(AD9-AD$39)/AD$40 -> 0.63855912 | N9: =G9+H9+I9+J9+K9+L9+M9*2 -> 5.2293008 | P9: =(AF9-AVERAGE(AF$2:AF$38))/AVERAGE(AF$2:AF$38)*100+100 -> 103.79019 | Q9: =(AVERAGE(AG$2:AG$38)-AG9)/AVERAGE(AG$2:AG$38)*100+100 -> 130.80605 | R9: =(AJ9-AVERAGE(AJ$2:AJ$38))/AVERAGE(AJ$2:AJ$38)*100+100 -> 128.00165 | S9: =(AVERAGE(AK$2:AK$38)-AK9)/AVERAGE(AK$2:AK$38)*100+100 -> 77.483444 | T9: =(AVERAGE(AL$2:AL$38)-AL9)/AVERAGE(AL$2:AL$38)*100+100 -> 114.72748 | U9: =(AVERAGE(AM$2:AM$38)-AM9)/AVERAGE(AM$2:AM$38)*100+100 -> 117.28096 | V9: =(AVERAGE(AN$2:AN$38)-AN9)/AVERAGE(AN$2:AN$38)*100+100 -> 118.42497 | W9: =(AVERAGE(AO$2:AO$38)-AO9)/AVERAGE(AO$2:AO$38)*100+100 -> 126.2583 | X9: =(AVERAGE(AP$2:AP$38)-AP9)/AVERAGE(AP$2:AP$38)*100+100 -> 63.978669 | Y9: =(AVERAGE(AQ$2:AQ$38)-AQ9)/AVERAGE(AQ$2:AQ$38)*100+100 -> 75.42028 | Z9: =(AT9-AVERAGE(AT$2:AT$38))/AVERAGE(AT$2:AT$38)*100+100 -> 112.37713 | AA9: =(AVERAGE(AU$2:AU$38)-AU9)/AVERAGE(AU$2:AU$38)*100+100 -> 90.528015 | AB9: =(AVERAGE(AV$2:AV$38)-AV9)/AVERAGE(AV$2:AV$38)*100+100 -> 115.69807 | AC9: =(AVERAGE(AW$2:AW$38)-AW9)/AVERAGE(AW$2:AW$38)*100+100 -> 105.19065 | AD9: =(AX9-AVERAGE(AX$2:AX$38))/AVERAGE(AX$2:AX$38)*100+100 -> 114.09415 | AF9: =P14_Relievers!G4 -> 3.825 | AG9: =P14_Relievers!H4 -> 2.1864919 | AH9: =P14_Relievers!I4 -> 32.45 | AI9: =P14_Relievers!J4 -> 2.9243952 | AJ9: =AH9+AI9 -> 35.374395 | AK9: =P14_Relievers!K4 -> 5 | AL9: =P14_Relievers!L4 -> 44.334069 | AM9: =P14_Relievers!M4 -> 21.773968 | AN9: =P14_Relievers!N4 -> 19.765062 | AO9: =P14_Relievers!O4 -> 4.9978299 | AP9: =P14_Relievers!P4 -> 1.9828321 | AQ9: =P14_Relievers!Q4 -> 3.5275873 | AR9: =P14_Relievers!R4 -> 80.029399 | AS9: =P14_Relievers!S4 -> 24.447682 | AT9: =AR9/$E9*9 -> 11.679335 | AU9: =AS9/$E9*9 -> 3.5678473 | AV9: =AN9/$E9*9 -> 2.8844748 | AW9: =(AS9+AL9)/E9 -> 1.1153195 | AX9: =(AR9-AS9)/F9 -> 0.21969058
A10: David Bednar | B10: =P14_Relievers!B7 -> NYY | C10: =P14_Relievers!C7 -> RP | D10: =P14_Relievers!D7 -> 62 | E10: 63.67 | F10: =P14_Relievers!F7 -> 259 | G10: =(P10-P$39)/P$40 -> 0.78400618 | H10: =(AB10-AB$39)/AB$40 -> 0.40303023 | I10: =(AC10-AC$39)/AC$40 -> 0.62614095 | J10: =(Z10-Z$39)/Z$40 -> 0.43825145 | K10: =(AA10-AA$39)/AA$40 -> 0.36848724 | L10: =(R10-R$39)/R$40 -> 1.1299253 | M10: =(AD10-AD$39)/AD$40 -> 0.61656716 | N10: =G10+H10+I10+J10+K10+L10+M10*2 -> 4.9829757 | P10: =(AF10-AVERAGE(AF$2:AF$38))/AVERAGE(AF$2:AF$38)*100+100 -> 110.20858 | Q10: =(AVERAGE(AG$2:AG$38)-AG10)/AVERAGE(AG$2:AG$38)*100+100 -> 85.392416 | R10: =(AJ10-AVERAGE(AJ$2:AJ$38))/AVERAGE(AJ$2:AJ$38)*100+100 -> 123.27337 | S10: =(AVERAGE(AK$2:AK$38)-AK10)/AVERAGE(AK$2:AK$38)*100+100 -> 101.98675 | T10: =(AVERAGE(AL$2:AL$38)-AL10)/AVERAGE(AL$2:AL$38)*100+100 -> 103.47033 | U10: =(AVERAGE(AM$2:AM$38)-AM10)/AVERAGE(AM$2:AM$38)*100+100 -> 104.97 | V10: =(AVERAGE(AN$2:AN$38)-AN10)/AVERAGE(AN$2:AN$38)*100+100 -> 105.08964 | W10: =(AVERAGE(AO$2:AO$38)-AO10)/AVERAGE(AO$2:AO$38)*100+100 -> 96.111393 | X10: =(AVERAGE(AP$2:AP$38)-AP10)/AVERAGE(AP$2:AP$38)*100+100 -> 64.037844 | Y10: =(AVERAGE(AQ$2:AQ$38)-AQ10)/AVERAGE(AQ$2:AQ$38)*100+100 -> 128.7171 | Z10: =(AT10-AVERAGE(AT$2:AT$38))/AVERAGE(AT$2:AT$38)*100+100 -> 106.5897 | AA10: =(AVERAGE(AU$2:AU$38)-AU10)/AVERAGE(AU$2:AU$38)*100+100 -> 105.83253 | AB10: =(AVERAGE(AV$2:AV$38)-AV10)/AVERAGE(AV$2:AV$38)*100+100 -> 104.99795 | AC10: =(AVERAGE(AW$2:AW$38)-AW10)/AVERAGE(AW$2:AW$38)*100+100 -> 104.00744 | AD10: =(AX10-AVERAGE(AX$2:AX$38))/AVERAGE(AX$2:AX$38)*100+100 -> 113.60875 | AF10: =P14_Relievers!G7 -> 4.0615385 | AG10: =P14_Relievers!H7 -> 3.6215385 | AH10: =P14_Relievers!I7 -> 31.095385 | AI10: =P14_Relievers!J7 -> 2.9723077 | AJ10: =AH10+AI10 -> 34.067692 | AK10: =P14_Relievers!K7 -> 4 | AL10: =P14_Relievers!L7 -> 50.186779 | AM10: =P14_Relievers!M7 -> 25.01456 | AN10: =P14_Relievers!N7 -> 22.99612 | AO10: =P14_Relievers!O7 -> 7.0410314 | AP10: =P14_Relievers!P7 -> 1.9819695 | AQ10: =P14_Relievers!Q7 -> 2.0184397 | AR10: =P14_Relievers!R7 -> 78.36962 | AS10: =P14_Relievers!S7 -> 21.711834 | AT10: =AR10/$E10*9 -> 11.077848 | AU10: =AS10/$E10*9 -> 3.0690515 | AV10: =AN10/$E10*9 -> 3.2505902 | AW10: =(AS10+AL10)/E10 -> 1.1292385 | AX10: =(AR10-AS10)/F10 -> 0.21875593
A11: Aroldis Chapman | B11: =P14_Relievers!B8 -> BOS | C11: =P14_Relievers!C8 -> RP | D11: =P14_Relievers!D8 -> 57 | E11: 57.33 | F11: =P14_Relievers!F8 -> 234 | G11: =(P11-P$39)/P$40 -> -0.38955027 | H11: =(AB11-AB$39)/AB$40 -> 1.1059427 | I11: =(AC11-AC$39)/AC$40 -> 0.33319936 | J11: =(Z11-Z$39)/Z$40 -> 1.4537127 | K11: =(AA11-AA$39)/AA$40 -> -1.4822236 | L11: =(R11-R$39)/R$40 -> 0.79456741 | M11: =(AD11-AD$39)/AD$40 -> 1.004105 | N11: =G11+H11+I11+J11+K11+L11+M11*2 -> 3.8238584 | P11: =(AF11-AVERAGE(AF$2:AF$38))/AVERAGE(AF$2:AF$38)*100+100 -> 94.927646 | Q11: =(AVERAGE(AG$2:AG$38)-AG11)/AVERAGE(AG$2:AG$38)*100+100 -> 124.14779 | R11: =(AJ11-AVERAGE(AJ$2:AJ$38))/AVERAGE(AJ$2:AJ$38)*100+100 -> 116.36591 | S11: =(AVERAGE(AK$2:AK$38)-AK11)/AVERAGE(AK$2:AK$38)*100+100 -> 101.98675 | T11: =(AVERAGE(AL$2:AL$38)-AL11)/AVERAGE(AL$2:AL$38)*100+100 -> 122.34763 | U11: =(AVERAGE(AM$2:AM$38)-AM11)/AVERAGE(AM$2:AM$38)*100+100 -> 122.68596 | V11: =(AVERAGE(AN$2:AN$38)-AN11)/AVERAGE(AN$2:AN$38)*100+100 -> 122.38163 | W11: =(AVERAGE(AO$2:AO$38)-AO11)/AVERAGE(AO$2:AO$38)*100+100 -> 126.78484 | X11: =(AVERAGE(AP$2:AP$38)-AP11)/AVERAGE(AP$2:AP$38)*100+100 -> 133.09403 | Y11: =(AVERAGE(AQ$2:AQ$38)-AQ11)/AVERAGE(AQ$2:AQ$38)*100+100 -> 145.44292 | Z11: =(AT11-AVERAGE(AT$2:AT$38))/AVERAGE(AT$2:AT$38)*100+100 -> 121.85851 | AA11: =(AVERAGE(AU$2:AU$38)-AU11)/AVERAGE(AU$2:AU$38)*100+100 -> 76.538915 | AB11: =(AVERAGE(AV$2:AV$38)-AV11)/AVERAGE(AV$2:AV$38)*100+100 -> 113.71471 | AC11: =(AVERAGE(AW$2:AW$38)-AW11)/AVERAGE(AW$2:AW$38)*100+100 -> 102.13255 | AD11: =(AX11-AVERAGE(AX$2:AX$38))/AVERAGE(AX$2:AX$38)*100+100 -> 122.16241 | AF11: =P14_Relievers!G8 -> 3.4983871 | AG11: =P14_Relievers!H8 -> 2.3968894 | AH11: =P14_Relievers!I8 -> 29.7 | AI11: =P14_Relievers!J8 -> 2.4587558 | AJ11: =AH11+AI11 -> 32.158756 | AK11: =P14_Relievers!K8 -> 4 | AL11: =P14_Relievers!L8 -> 40.372277 | AM11: =P14_Relievers!M8 -> 20.351222 | AN11: =P14_Relievers!N8 -> 18.806389 | AO11: =P14_Relievers!O8 -> 4.9621442 | AP11: =P14_Relievers!P8 -> 0.9753125 | AQ11: =P14_Relievers!Q8 -> 1.5448329 | AR11: =P14_Relievers!R8 -> 80.674351 | AS11: =P14_Relievers!S8 -> 25.631427 | AT11: =AR11/$E11*9 -> 12.664733 | AU11: =AS11/$E11*9 -> 4.0237719 | AV11: =AN11/$E11*9 -> 2.9523374 | AW11: =(AS11+AL11)/E11 -> 1.1512943 | AX11: =(AR11-AS11)/F11 -> 0.23522617
A12: Bryan Abreu | B12: =P14_Relievers!B33 -> HOU | C12: =P14_Relievers!C33 -> RP | D12: =P14_Relievers!D33 -> 65 | E12: 67.33 | F12: =P14_Relievers!F33 -> 279 | G12: =(P12-P$39)/P$40 -> -0.22683135 | H12: =(AB12-AB$39)/AB$40 -> 1.2008136 | I12: =(AC12-AC$39)/AC$40 -> 0.19919045 | J12: =(Z12-Z$39)/Z$40 -> 1.1343307 | K12: =(AA12-AA$39)/AA$40 -> -1.0275691 | L12: =(R12-R$39)/R$40 -> -0.6473982 | M12: =(AD12-AD$39)/AD$40 -> 0.75418989 | N12: =G12+H12+I12+J12+K12+L12+M12*2 -> 2.1409159 | P12: =(AF12-AVERAGE(AF$2:AF$38))/AVERAGE(AF$2:AF$38)*100+100 -> 97.046418 | Q12: =(AVERAGE(AG$2:AG$38)-AG12)/AVERAGE(AG$2:AG$38)*100+100 -> 130.86351 | R12: =(AJ12-AVERAGE(AJ$2:AJ$38))/AVERAGE(AJ$2:AJ$38)*100+100 -> 86.665369 | S12: =(AVERAGE(AK$2:AK$38)-AK12)/AVERAGE(AK$2:AK$38)*100+100 -> 101.98675 | T12: =(AVERAGE(AL$2:AL$38)-AL12)/AVERAGE(AL$2:AL$38)*100+100 -> 104.12131 | U12: =(AVERAGE(AM$2:AM$38)-AM12)/AVERAGE(AM$2:AM$38)*100+100 -> 109.03465 | V12: =(AVERAGE(AN$2:AN$38)-AN12)/AVERAGE(AN$2:AN$38)*100+100 -> 110.08568 | W12: =(AVERAGE(AO$2:AO$38)-AO12)/AVERAGE(AO$2:AO$38)*100+100 -> 105.95543 | X12: =(AVERAGE(AP$2:AP$38)-AP12)/AVERAGE(AP$2:AP$38)*100+100 -> 131.90876 | Y12: =(AVERAGE(AQ$2:AQ$38)-AQ12)/AVERAGE(AQ$2:AQ$38)*100+100 -> 68.469218 | Z12: =(AT12-AVERAGE(AT$2:AT$38))/AVERAGE(AT$2:AT$38)*100+100 -> 117.05618 | AA12: =(AVERAGE(AU$2:AU$38)-AU12)/AVERAGE(AU$2:AU$38)*100+100 -> 83.735324 | AB12: =(AVERAGE(AV$2:AV$38)-AV12)/AVERAGE(AV$2:AV$38)*100+100 -> 114.8912 | AC12: =(AVERAGE(AW$2:AW$38)-AW12)/AVERAGE(AW$2:AW$38)*100+100 -> 101.27486 | AD12: =(AX12-AVERAGE(AX$2:AX$38))/AVERAGE(AX$2:AX$38)*100+100 -> 116.64633 | AF12: =P14_Relievers!G33 -> 3.5764706 | AG12: =P14_Relievers!H33 -> 2.184676 | AH12: =P14_Relievers!I33 -> 7.7735294 | AI12: =P14_Relievers!J33 -> 16.177217 | AJ12: =AH12+AI12 -> 23.950746 | AK12: =P14_Relievers!K33 -> 4 | AL12: =P14_Relievers!L33 -> 49.848328 | AM12: =P14_Relievers!M33 -> 23.944629 | AN12: =P14_Relievers!N33 -> 21.785614 | AO12: =P14_Relievers!O33 -> 6.3738533 | AP12: =P14_Relievers!P33 -> 0.99259065 | AQ12: =P14_Relievers!Q33 -> 3.7244129 | AR12: =P14_Relievers!R33 -> 91.01241 | AS12: =P14_Relievers!S33 -> 28.347656 | AT12: =AR12/$E12*9 -> 12.165627 | AU12: =AS12/$E12*9 -> 3.7892307 | AV12: =AN12/$E12*9 -> 2.9120827 | AW12: =(AS12+AL12)/E12 -> 1.161384 | AX12: =(AR12-AS12)/F12 -> 0.22460485
A13: Garrett Whitlock | B13: =P14_Relievers!B28 -> BOS | C13: =P14_Relievers!C28 -> RP | D13: =P14_Relievers!D28 -> 58 | E13: 64 | F13: =P14_Relievers!F28 -> 262 | G13: =(P13-P$39)/P$40 -> 0.00082262736 | H13: =(AB13-AB$39)/AB$40 -> 0.3364668 | I13: =(AC13-AC$39)/AC$40 -> 0.55687357 | J13: =(Z13-Z$39)/Z$40 -> -0.17989974 | K13: =(AA13-AA$39)/AA$40 -> 1.5079014 | L13: =(R13-R$39)/R$40 -> -1.2912074 | M13: =(AD13-AD$39)/AD$40 -> 0.34246287 | N13: =G13+H13+I13+J13+K13+L13+M13*2 -> 1.615883 | P13: =(AF13-AVERAGE(AF$2:AF$38))/AVERAGE(AF$2:AF$38)*100+100 -> 100.01071 | Q13: =(AVERAGE(AG$2:AG$38)-AG13)/AVERAGE(AG$2:AG$38)*100+100 -> 99.485945 | R13: =(AJ13-AVERAGE(AJ$2:AJ$38))/AVERAGE(AJ$2:AJ$38)*100+100 -> 73.404663 | S13: =(AVERAGE(AK$2:AK$38)-AK13)/AVERAGE(AK$2:AK$38)*100+100 -> 150.99338 | T13: =(AVERAGE(AL$2:AL$38)-AL13)/AVERAGE(AL$2:AL$38)*100+100 -> 94.288552 | U13: =(AVERAGE(AM$2:AM$38)-AM13)/AVERAGE(AM$2:AM$38)*100+100 -> 104.35428 | V13: =(AVERAGE(AN$2:AN$38)-AN13)/AVERAGE(AN$2:AN$38)*100+100 -> 103.76879 | W13: =(AVERAGE(AO$2:AO$38)-AO13)/AVERAGE(AO$2:AO$38)*100+100 -> 107.90201 | X13: =(AVERAGE(AP$2:AP$38)-AP13)/AVERAGE(AP$2:AP$38)*100+100 -> 120.41513 | Y13: =(AVERAGE(AQ$2:AQ$38)-AQ13)/AVERAGE(AQ$2:AQ$38)*100+100 -> 101.44331 | Z13: =(AT13-AVERAGE(AT$2:AT$38))/AVERAGE(AT$2:AT$38)*100+100 -> 97.294967 | AA13: =(AVERAGE(AU$2:AU$38)-AU13)/AVERAGE(AU$2:AU$38)*100+100 -> 123.86752 | AB13: =(AVERAGE(AV$2:AV$38)-AV13)/AVERAGE(AV$2:AV$38)*100+100 -> 104.1725 | AC13: =(AVERAGE(AW$2:AW$38)-AW13)/AVERAGE(AW$2:AW$38)*100+100 -> 103.56411 | AD13: =(AX13-AVERAGE(AX$2:AX$38))/AVERAGE(AX$2:AX$38)*100+100 -> 107.55877 | AF13: =P14_Relievers!G28 -> 3.6857143 | AG13: =P14_Relievers!H28 -> 3.1761905 | AH13: =P14_Relievers!I28 -> 3.6971429 | AI13: =P14_Relievers!J28 -> 16.588889 | AJ13: =AH13+AI13 -> 20.286032 | AK13: =P14_Relievers!K28 -> 2 | AL13: =P14_Relievers!L28 -> 54.960481 | AM13: =P14_Relievers!M28 -> 25.176632 | AN13: =P14_Relievers!N28 -> 23.316151 | AO13: =P14_Relievers!O28 -> 6.2419244 | AP13: =P14_Relievers!P28 -> 1.1601375 | AQ13: =P14_Relievers!Q28 -> 2.7907216 | AR13: =P14_Relievers!R28 -> 71.906478 | AS13: =P14_Relievers!S28 -> 17.644555 | AT13: =AR13/$E13*9 -> 10.111848 | AU13: =AS13/$E13*9 -> 2.4812655 | AV13: =AN13/$E13*9 -> 3.2788338 | AW13: =(AS13+AL13)/E13 -> 1.1344537 | AX13: =(AR13-AS13)/F13 -> 0.20710658
A14: Raisel Iglesias | B14: =P14_Relievers!B11 -> ATL | C14: =P14_Relievers!C11 -> RP | D14: =P14_Relievers!D11 -> 62 | E14: 63.67 | F14: =P14_Relievers!F11 -> 260 | G14: =(P14-P$39)/P$40 -> -0.28515109 | H14: =(AB14-AB$39)/AB$40 -> -0.44504078 | I14: =(AC14-AC$39)/AC$40 -> 0.32580547 | J14: =(Z14-Z$39)/Z$40 -> -0.46401015 | K14: =(AA14-AA$39)/AA$40 -> 1.5635801 | L14: =(R14-R$39)/R$40 -> 0.35432632 | M14: =(AD14-AD$39)/AD$40 -> 0.088765923 | N14: =G14+H14+I14+J14+K14+L14+M14*2 -> 1.2270417 | P14: =(AF14-AVERAGE(AF$2:AF$38))/AVERAGE(AF$2:AF$38)*100+100 -> 96.287033 | Q14: =(AVERAGE(AG$2:AG$38)-AG14)/AVERAGE(AG$2:AG$38)*100+100 -> 99.579288 | R14: =(AJ14-AVERAGE(AJ$2:AJ$38))/AVERAGE(AJ$2:AJ$38)*100+100 -> 107.29815 | S14: =(AVERAGE(AK$2:AK$38)-AK14)/AVERAGE(AK$2:AK$38)*100+100 -> 101.98675 | T14: =(AVERAGE(AL$2:AL$38)-AL14)/AVERAGE(AL$2:AL$38)*100+100 -> 92.312256 | U14: =(AVERAGE(AM$2:AM$38)-AM14)/AVERAGE(AM$2:AM$38)*100+100 -> 94.885515 | V14: =(AVERAGE(AN$2:AN$38)-AN14)/AVERAGE(AN$2:AN$38)*100+100 -> 94.582921 | W14: =(AVERAGE(AO$2:AO$38)-AO14)/AVERAGE(AO$2:AO$38)*100+100 -> 83.623173 | X14: =(AVERAGE(AP$2:AP$38)-AP14)/AVERAGE(AP$2:AP$38)*100+100 -> 119.65959 | Y14: =(AVERAGE(AQ$2:AQ$38)-AQ14)/AVERAGE(AQ$2:AQ$38)*100+100 -> 124.87423 | Z14: =(AT14-AVERAGE(AT$2:AT$38))/AVERAGE(AT$2:AT$38)*100+100 -> 93.022988 | AA14: =(AVERAGE(AU$2:AU$38)-AU14)/AVERAGE(AU$2:AU$38)*100+100 -> 124.74882 | AB14: =(AVERAGE(AV$2:AV$38)-AV14)/AVERAGE(AV$2:AV$38)*100+100 -> 94.481083 | AC14: =(AVERAGE(AW$2:AW$38)-AW14)/AVERAGE(AW$2:AW$38)*100+100 -> 102.08523 | AD14: =(AX14-AVERAGE(AX$2:AX$38))/AVERAGE(AX$2:AX$38)*100+100 -> 101.95922 | AF14: =P14_Relievers!G11 -> 3.5484848 | AG14: =P14_Relievers!H11 -> 3.1732409 | AH14: =P14_Relievers!I11 -> 25.684848 | AI14: =P14_Relievers!J11 -> 3.9679507 | AJ14: =AH14+AI14 -> 29.652799 | AK14: =P14_Relievers!K11 -> 4 | AL14: =P14_Relievers!L11 -> 55.987978 | AM14: =P14_Relievers!M11 -> 27.669078 | AN14: =P14_Relievers!N11 -> 25.541824 | AO14: =P14_Relievers!O11 -> 7.8874182 | AP14: =P14_Relievers!P11 -> 1.1711512 | AQ14: =P14_Relievers!Q11 -> 2.1272541 | AR14: =P14_Relievers!R11 -> 68.394756 | AS14: =P14_Relievers!S11 -> 17.350377 | AT14: =AR14/$E14*9 -> 9.6678625 | AU14: =AS14/$E14*9 -> 2.4525427 | AV14: =AN14/$E14*9 -> 3.6104353 | AW14: =(AS14+AL14)/E14 -> 1.151851 | AX14: =(AR14-AS14)/F14 -> 0.19632453
A15: Trevor Megill | B15: =P14_Relievers!B16 -> MIL | C15: =P14_Relievers!C16 -> RP | D15: =P14_Relievers!D16 -> 61 | E15: 64 | F15: =P14_Relievers!F16 -> 263 | G15: =(P15-P$39)/P$40 -> -0.36408706 | H15: =(AB15-AB$39)/AB$40 -> 0.44947056 | I15: =(AC15-AC$39)/AC$40 -> -0.03257555 | J15: =(Z15-Z$39)/Z$40 -> 0.39225026 | K15: =(AA15-AA$39)/AA$40 -> 0.10347519 | L15: =(R15-R$39)/R$40 -> -0.24002614 | M15: =(AD15-AD$39)/AD$40 -> 0.43184369 | N15: =G15+H15+I15+J15+K15+L15+M15*2 -> 1.1721946 | P15: =(AF15-AVERAGE(AF$2:AF$38))/AVERAGE(AF$2:AF$38)*100+100 -> 95.259204 | Q15: =(AVERAGE(AG$2:AG$38)-AG15)/AVERAGE(AG$2:AG$38)*100+100 -> 116.73082 | R15: =(AJ15-AVERAGE(AJ$2:AJ$38))/AVERAGE(AJ$2:AJ$38)*100+100 -> 95.056118 | S15: =(AVERAGE(AK$2:AK$38)-AK15)/AVERAGE(AK$2:AK$38)*100+100 -> 52.980132 | T15: =(AVERAGE(AL$2:AL$38)-AL15)/AVERAGE(AL$2:AL$38)*100+100 -> 98.73479 | U15: =(AVERAGE(AM$2:AM$38)-AM15)/AVERAGE(AM$2:AM$38)*100+100 -> 105.23263 | V15: =(AVERAGE(AN$2:AN$38)-AN15)/AVERAGE(AN$2:AN$38)*100+100 -> 105.17605 | W15: =(AVERAGE(AO$2:AO$38)-AO15)/AVERAGE(AO$2:AO$38)*100+100 -> 94.701789 | X15: =(AVERAGE(AP$2:AP$38)-AP15)/AVERAGE(AP$2:AP$38)*100+100 -> 65.167982 | Y15: =(AVERAGE(AQ$2:AQ$38)-AQ15)/AVERAGE(AQ$2:AQ$38)*100+100 -> 141.01393 | Z15: =(AT15-AVERAGE(AT$2:AT$38))/AVERAGE(AT$2:AT$38)*100+100 -> 105.89801 | AA15: =(AVERAGE(AU$2:AU$38)-AU15)/AVERAGE(AU$2:AU$38)*100+100 -> 101.63784 | AB15: =(AVERAGE(AV$2:AV$38)-AV15)/AVERAGE(AV$2:AV$38)*100+100 -> 105.57385 | AC15: =(AVERAGE(AW$2:AW$38)-AW15)/AVERAGE(AW$2:AW$38)*100+100 -> 99.791509 | AD15: =(AX15-AVERAGE(AX$2:AX$38))/AVERAGE(AX$2:AX$38)*100+100 -> 109.53157 | AF15: =P14_Relievers!G16 -> 3.5106061 | AG15: =P14_Relievers!H16 -> 2.6312616 | AH15: =P14_Relievers!I16 -> 18.033333 | AI15: =P14_Relievers!J16 -> 8.2362709 | AJ15: =AH15+AI15 -> 26.269604 | AK15: =P14_Relievers!K16 -> 6 | AL15: =P14_Relievers!L16 -> 52.648836 | AM15: =P14_Relievers!M16 -> 24.945427 | AN15: =P14_Relievers!N16 -> 22.975183 | AO15: =P14_Relievers!O16 -> 7.1365671 | AP15: =P14_Relievers!P16 -> 1.965495 | AQ15: =P14_Relievers!Q16 -> 1.6702438 | AR15: =P14_Relievers!R16 -> 78.26461 | AS15: =P14_Relievers!S16 -> 22.796533 | AT15: =AR15/$E15*9 -> 11.005961 | AU15: =AS15/$E15*9 -> 3.2057624 | AV15: =AN15/$E15*9 -> 3.2308851 | AW15: =(AS15+AL15)/E15 -> 1.1788339 | AX15: =(AR15-AS15)/F15 -> 0.21090524
A16: Jeff Hoffman | B16: =P14_Relievers!B14 -> TOR | C16: =P14_Relievers!C14 -> RP | D16: =P14_Relievers!D14 -> 61 | E16: 62 | F16: =P14_Relievers!F14 -> 256 | G16: =(P16-P$39)/P$40 -> -0.13479688 | H16: =(AB16-AB$39)/AB$40 -> -0.1351525 | I16: =(AC16-AC$39)/AC$40 -> 0.10975084 | J16: =(Z16-Z$39)/Z$40 -> 0.28463419 | K16: =(AA16-AA$39)/AA$40 -> -0.19885564 | L16: =(R16-R$39)/R$40 -> 0.37962853 | M16: =(AD16-AD$39)/AD$40 -> 0.20298343 | N16: =G16+H16+I16+J16+K16+L16+M16*2 -> 0.71117541 | P16: =(AF16-AVERAGE(AF$2:AF$38))/AVERAGE(AF$2:AF$38)*100+100 -> 98.244803 | Q16: =(AVERAGE(AG$2:AG$38)-AG16)/AVERAGE(AG$2:AG$38)*100+100 -> 62.665954 | R16: =(AJ16-AVERAGE(AJ$2:AJ$38))/AVERAGE(AJ$2:AJ$38)*100+100 -> 107.81931 | S16: =(AVERAGE(AK$2:AK$38)-AK16)/AVERAGE(AK$2:AK$38)*100+100 -> 101.98675 | T16: =(AVERAGE(AL$2:AL$38)-AL16)/AVERAGE(AL$2:AL$38)*100+100 -> 105.24374 | U16: =(AVERAGE(AM$2:AM$38)-AM16)/AVERAGE(AM$2:AM$38)*100+100 -> 101.29882 | V16: =(AVERAGE(AN$2:AN$38)-AN16)/AVERAGE(AN$2:AN$38)*100+100 -> 101.0864 | W16: =(AVERAGE(AO$2:AO$38)-AO16)/AVERAGE(AO$2:AO$38)*100+100 -> 85.681605 | X16: =(AVERAGE(AP$2:AP$38)-AP16)/AVERAGE(AP$2:AP$38)*100+100 -> 118.70322 | Y16: =(AVERAGE(AQ$2:AQ$38)-AQ16)/AVERAGE(AQ$2:AQ$38)*100+100 -> 75.184643 | Z16: =(AT16-AVERAGE(AT$2:AT$38))/AVERAGE(AT$2:AT$38)*100+100 -> 104.27985 | AA16: =(AVERAGE(AU$2:AU$38)-AU16)/AVERAGE(AU$2:AU$38)*100+100 -> 96.852453 | AB16: =(AVERAGE(AV$2:AV$38)-AV16)/AVERAGE(AV$2:AV$38)*100+100 -> 98.323984 | AC16: =(AVERAGE(AW$2:AW$38)-AW16)/AVERAGE(AW$2:AW$38)*100+100 -> 100.70243 | AD16: =(AX16-AVERAGE(AX$2:AX$38))/AVERAGE(AX$2:AX$38)*100+100 -> 104.48021 | AF16: =P14_Relievers!G14 -> 3.6206349 | AG16: =P14_Relievers!H14 -> 4.3396825 | AH16: =P14_Relievers!I14 -> 25.834921 | AI16: =P14_Relievers!J14 -> 3.9619048 | AJ16: =AH16+AI16 -> 29.796825 | AK16: =P14_Relievers!K14 -> 4 | AL16: =P14_Relievers!L14 -> 49.264766 | AM16: =P14_Relievers!M14 -> 25.980916 | AN16: =P14_Relievers!N14 -> 23.966076 | AO16: =P14_Relievers!O14 -> 7.7479084 | AP16: =P14_Relievers!P14 -> 1.1850926 | AQ16: =P14_Relievers!Q14 -> 3.5342595 | AR16: =P14_Relievers!R14 -> 74.660308 | AS16: =P14_Relievers!S14 -> 23.158549 | AT16: =AR16/$E16*9 -> 10.837787 | AU16: =AS16/$E16*9 -> 3.3617249 | AV16: =AN16/$E16*9 -> 3.4789466 | AW16: =(AS16+AL16)/E16 -> 1.168118 | AX16: =(AR16-AS16)/F16 -> 0.20117874
A17: Edwin Uceta | B17: =P14_Relievers!B37 -> TB | C17: =P14_Relievers!C37 -> RP | D17: =P14_Relievers!D37 -> 63 | E17: 68.33 | F17: =P14_Relievers!F37 -> 283 | G17: =(P17-P$39)/P$40 -> 0.27269401 | H17: =(AB17-AB$39)/AB$40 -> -0.5319358 | I17: =(AC17-AC$39)/AC$40 -> 0.14038684 | J17: =(Z17-Z$39)/Z$40 -> 0.28257732 | K17: =(AA17-AA$39)/AA$40 -> -0.10976875 | L17: =(R17-R$39)/R$40 -> -0.42265546 | M17: =(AD17-AD$39)/AD$40 -> 0.21552554 | N17: =G17+H17+I17+J17+K17+L17+M17*2 -> 0.062349246 | P17: =(AF17-AVERAGE(AF$2:AF$38))/AVERAGE(AF$2:AF$38)*100+100 -> 103.55076 | Q17: =(AVERAGE(AG$2:AG$38)-AG17)/AVERAGE(AG$2:AG$38)*100+100 -> 82.57418 | R17: =(AJ17-AVERAGE(AJ$2:AJ$38))/AVERAGE(AJ$2:AJ$38)*100+100 -> 91.294455 | S17: =(AVERAGE(AK$2:AK$38)-AK17)/AVERAGE(AK$2:AK$38)*100+100 -> 150.99338 | T17: =(AVERAGE(AL$2:AL$38)-AL17)/AVERAGE(AL$2:AL$38)*100+100 -> 95.201472 | U17: =(AVERAGE(AM$2:AM$38)-AM17)/AVERAGE(AM$2:AM$38)*100+100 -> 87.363553 | V17: =(AVERAGE(AN$2:AN$38)-AN17)/AVERAGE(AN$2:AN$38)*100+100 -> 85.712127 | W17: =(AVERAGE(AO$2:AO$38)-AO17)/AVERAGE(AO$2:AO$38)*100+100 -> 70.048457 | X17: =(AVERAGE(AP$2:AP$38)-AP17)/AVERAGE(AP$2:AP$38)*100+100 -> 63.891087 | Y17: =(AVERAGE(AQ$2:AQ$38)-AQ17)/AVERAGE(AQ$2:AQ$38)*100+100 -> 34.868292 | Z17: =(AT17-AVERAGE(AT$2:AT$38))/AVERAGE(AT$2:AT$38)*100+100 -> 104.24893 | AA17: =(AVERAGE(AU$2:AU$38)-AU17)/AVERAGE(AU$2:AU$38)*100+100 -> 98.262547 | AB17: =(AVERAGE(AV$2:AV$38)-AV17)/AVERAGE(AV$2:AV$38)*100+100 -> 93.403504 | AC17: =(AVERAGE(AW$2:AW$38)-AW17)/AVERAGE(AW$2:AW$38)*100+100 -> 100.89851 | AD17: =(AX17-AVERAGE(AX$2:AX$38))/AVERAGE(AX$2:AX$38)*100+100 -> 104.75704 | AF17: =P14_Relievers!G37 -> 3.8161765 | AG17: =P14_Relievers!H37 -> 3.7105932 | AH17: =P14_Relievers!I37 -> 11.823529 | AI17: =P14_Relievers!J37 -> 13.406505 | AJ17: =AH17+AI17 -> 25.230035 | AK17: =P14_Relievers!K37 -> 2 | AL17: =P14_Relievers!L37 -> 54.485845 | AM17: =P14_Relievers!M37 -> 29.649069 | AN17: =P14_Relievers!N37 -> 27.691155 | AO17: =P14_Relievers!O37 -> 8.8074421 | AP17: =P14_Relievers!P37 -> 1.9841088 | AQ17: =P14_Relievers!Q37 -> 4.6758534 | AR17: =P14_Relievers!R37 -> 82.258481 | AS17: =P14_Relievers!S37 -> 25.174047 | AT17: =AR17/$E17*9 -> 10.834572 | AU17: =AS17/$E17*9 -> 3.3157679 | AV17: =AN17/$E17*9 -> 3.6473057 | AW17: =(AS17+AL17)/E17 -> 1.1658114 | AX17: =(AR17-AS17)/F17 -> 0.20171178
A18: Ryan Helsley | B18: =P14_Relievers!B13 -> BAL | C18: =P14_Relievers!C13 -> RP | D18: =P14_Relievers!D13 -> 61 | E18: 63.33 | F18: =P14_Relievers!F13 -> 264 | G18: =(P18-P$39)/P$40 -> -0.61086061 | H18: =(AB18-AB$39)/AB$40 -> -0.0047627769 | I18: =(AC18-AC$39)/AC$40 -> -0.47613999 | J18: =(Z18-Z$39)/Z$40 -> 0.03759677 | K18: =(AA18-AA$39)/AA$40 -> -0.08165422 | L18: =(R18-R$39)/R$40 -> 0.67546622 | M18: =(AD18-AD$39)/AD$40 -> -0.046190216 | N18: =G18+H18+I18+J18+K18+L18+M18*2 -> -0.55273504 | P18: =(AF18-AVERAGE(AF$2:AF$38))/AVERAGE(AF$2:AF$38)*100+100 -> 92.045953 | Q18: =(AVERAGE(AG$2:AG$38)-AG18)/AVERAGE(AG$2:AG$38)*100+100 -> 103.04849 | R18: =(AJ18-AVERAGE(AJ$2:AJ$38))/AVERAGE(AJ$2:AJ$38)*100+100 -> 113.91276 | S18: =(AVERAGE(AK$2:AK$38)-AK18)/AVERAGE(AK$2:AK$38)*100+100 -> 28.476821 | T18: =(AVERAGE(AL$2:AL$38)-AL18)/AVERAGE(AL$2:AL$38)*100+100 -> 97.019475 | U18: =(AVERAGE(AM$2:AM$38)-AM18)/AVERAGE(AM$2:AM$38)*100+100 -> 100.48313 | V18: =(AVERAGE(AN$2:AN$38)-AN18)/AVERAGE(AN$2:AN$38)*100+100 -> 100.57131 | W18: =(AVERAGE(AO$2:AO$38)-AO18)/AVERAGE(AO$2:AO$38)*100+100 -> 99.60673 | X18: =(AVERAGE(AP$2:AP$38)-AP18)/AVERAGE(AP$2:AP$38)*100+100 -> 83.843863 | Y18: =(AVERAGE(AQ$2:AQ$38)-AQ18)/AVERAGE(AQ$2:AQ$38)*100+100 -> 145.25594 | Z18: =(AT18-AVERAGE(AT$2:AT$38))/AVERAGE(AT$2:AT$38)*100+100 -> 100.56532 | AA18: =(AVERAGE(AU$2:AU$38)-AU18)/AVERAGE(AU$2:AU$38)*100+100 -> 98.707552 | AB18: =(AVERAGE(AV$2:AV$38)-AV18)/AVERAGE(AV$2:AV$38)*100+100 -> 99.940937 | AC18: =(AVERAGE(AW$2:AW$38)-AW18)/AVERAGE(AW$2:AW$38)*100+100 -> 96.9526 | AD18: =(AX18-AVERAGE(AX$2:AX$38))/AVERAGE(AX$2:AX$38)*100+100 -> 98.980499 | AF18: =P14_Relievers!G13 -> 3.3921875 | AG18: =P14_Relievers!H13 -> 3.0636161 | AH18: =P14_Relievers!I13 -> 27.965625 | AI18: =P14_Relievers!J13 -> 3.5151786 | AJ18: =AH18+AI18 -> 31.480804 | AK18: =P14_Relievers!K13 -> 7 | AL18: =P14_Relievers!L13 -> 53.540646 | AM18: =P14_Relievers!M13 -> 26.195628 | AN18: =P14_Relievers!N13 -> 24.090879 | AO18: =P14_Relievers!O13 -> 6.8041356 | AP18: =P14_Relievers!P13 -> 1.69325 | AQ18: =P14_Relievers!Q13 -> 1.5501275 | AR18: =P14_Relievers!R13 -> 73.545378 | AS18: =P14_Relievers!S13 -> 23.229898 | AT18: =AR18/$E18*9 -> 10.451735 | AU18: =AS18/$E18*9 -> 3.3012646 | AV18: =AN18/$E18*9 -> 3.4236209 | AW18: =(AS18+AL18)/E18 -> 1.2122303 | AX18: =(AR18-AS18)/F18 -> 0.19058894
A19: Ryan Walker | B19: =P14_Relievers!B22 -> SF | C19: =P14_Relievers!C22 -> RP | D19: =P14_Relievers!D22 -> 60 | E19: 62 | F19: =P14_Relievers!F22 -> 261 | G19: =(P19-P$39)/P$40 -> -0.2174917 | H19: =(AB19-AB$39)/AB$40 -> 0.21573096 | I19: =(AC19-AC$39)/AC$40 -> -0.42521318 | J19: =(Z19-Z$39)/Z$40 -> -0.48086019 | K19: =(AA19-AA$39)/AA$40 -> 0.72927718 | L19: =(R19-R$39)/R$40 -> 0.27634808 | M19: =(AD19-AD$39)/AD$40 -> -0.33327618 | N19: =G19+H19+I19+J19+K19+L19+M19*2 -> -0.56876122 | P19: =(AF19-AVERAGE(AF$2:AF$38))/AVERAGE(AF$2:AF$38)*100+100 -> 97.16803 | Q19: =(AVERAGE(AG$2:AG$38)-AG19)/AVERAGE(AG$2:AG$38)*100+100 -> 89.427005 | R19: =(AJ19-AVERAGE(AJ$2:AJ$38))/AVERAGE(AJ$2:AJ$38)*100+100 -> 105.69201 | S19: =(AVERAGE(AK$2:AK$38)-AK19)/AVERAGE(AK$2:AK$38)*100+100 -> 101.98675 | T19: =(AVERAGE(AL$2:AL$38)-AL19)/AVERAGE(AL$2:AL$38)*100+100 -> 94.09646 | U19: =(AVERAGE(AM$2:AM$38)-AM19)/AVERAGE(AM$2:AM$38)*100+100 -> 105.37037 | V19: =(AVERAGE(AN$2:AN$38)-AN19)/AVERAGE(AN$2:AN$38)*100+100 -> 105.31946 | W19: =(AVERAGE(AO$2:AO$38)-AO19)/AVERAGE(AO$2:AO$38)*100+100 -> 120.04729 | X19: =(AVERAGE(AP$2:AP$38)-AP19)/AVERAGE(AP$2:AP$38)*100+100 -> 131.83968 | Y19: =(AVERAGE(AQ$2:AQ$38)-AQ19)/AVERAGE(AQ$2:AQ$38)*100+100 -> 26.679473 | Z19: =(AT19-AVERAGE(AT$2:AT$38))/AVERAGE(AT$2:AT$38)*100+100 -> 92.769625 | AA19: =(AVERAGE(AU$2:AU$38)-AU19)/AVERAGE(AU$2:AU$38)*100+100 -> 111.54322 | AB19: =(AVERAGE(AV$2:AV$38)-AV19)/AVERAGE(AV$2:AV$38)*100+100 -> 102.67526 | AC19: =(AVERAGE(AW$2:AW$38)-AW19)/AVERAGE(AW$2:AW$38)*100+100 -> 97.278542 | AD19: =(AX19-AVERAGE(AX$2:AX$38))/AVERAGE(AX$2:AX$38)*100+100 -> 92.643994 | AF19: =P14_Relievers!G22 -> 3.5809524 | AG19: =P14_Relievers!H22 -> 3.4940476 | AH19: =P14_Relievers!I22 -> 24.342857 | AI19: =P14_Relievers!J22 -> 4.8660714 | AJ19: =AH19+AI19 -> 29.208929 | AK19: =P14_Relievers!K22 -> 4 | AL19: =P14_Relievers!L22 -> 55.060352 | AM19: =P14_Relievers!M22 -> 24.909169 | AN19: =P14_Relievers!N22 -> 22.940435 | AO19: =P14_Relievers!O22 -> 5.4187803 | AP19: =P14_Relievers!P22 -> 0.99359754 | AQ19: =P14_Relievers!Q22 -> 4.9077272 | AR19: =P14_Relievers!R22 -> 66.419432 | AS19: =P14_Relievers!S22 -> 19.860198 | AT19: =AR19/$E19*9 -> 9.6415305 | AU19: =AS19/$E19*9 -> 2.8829319 | AV19: =AN19/$E19*9 -> 3.3300632 | AW19: =(AS19+AL19)/E19 -> 1.208396 | AX19: =(AR19-AS19)/F19 -> 0.17838787
A20: Alex Vesia | B20: =P14_Relievers!B26 -> LAD | C20: =P14_Relievers!C26 -> RP | D20: =P14_Relievers!D26 -> 62 | E20: 61.67 | F20: =P14_Relievers!F26 -> 254 | G20: =(P20-P$39)/P$40 -> -0.30761549 | H20: =(AB20-AB$39)/AB$40 -> -0.16313049 | I20: =(AC20-AC$39)/AC$40 -> 0.21162442 | J20: =(Z20-Z$39)/Z$40 -> 0.68073473 | K20: =(AA20-AA$39)/AA$40 -> -0.82557117 | L20: =(R20-R$39)/R$40 -> -1.0649124 | M20: =(AD20-AD$39)/AD$40 -> 0.4025583 | N20: =G20+H20+I20+J20+K20+L20+M20*2 -> -0.66375382 | P20: =(AF20-AVERAGE(AF$2:AF$38))/AVERAGE(AF$2:AF$38)*100+100 -> 95.994523 | Q20: =(AVERAGE(AG$2:AG$38)-AG20)/AVERAGE(AG$2:AG$38)*100+100 -> 108.47196 | R20: =(AJ20-AVERAGE(AJ$2:AJ$38))/AVERAGE(AJ$2:AJ$38)*100+100 -> 78.065719 | S20: =(AVERAGE(AK$2:AK$38)-AK20)/AVERAGE(AK$2:AK$38)*100+100 -> 126.49007 | T20: =(AVERAGE(AL$2:AL$38)-AL20)/AVERAGE(AL$2:AL$38)*100+100 -> 110.91889 | U20: =(AVERAGE(AM$2:AM$38)-AM20)/AVERAGE(AM$2:AM$38)*100+100 -> 101.4566 | V20: =(AVERAGE(AN$2:AN$38)-AN20)/AVERAGE(AN$2:AN$38)*100+100 -> 101.27714 | W20: =(AVERAGE(AO$2:AO$38)-AO20)/AVERAGE(AO$2:AO$38)*100+100 -> 76.57279 | X20: =(AVERAGE(AP$2:AP$38)-AP20)/AVERAGE(AP$2:AP$38)*100+100 -> 62.794603 | Y20: =(AVERAGE(AQ$2:AQ$38)-AQ20)/AVERAGE(AQ$2:AQ$38)*100+100 -> 93.018195 | Z20: =(AT20-AVERAGE(AT$2:AT$38))/AVERAGE(AT$2:AT$38)*100+100 -> 110.23576 | AA20: =(AVERAGE(AU$2:AU$38)-AU20)/AVERAGE(AU$2:AU$38)*100+100 -> 86.932609 | AB20: =(AVERAGE(AV$2:AV$38)-AV20)/AVERAGE(AV$2:AV$38)*100+100 -> 97.977031 | AC20: =(AVERAGE(AW$2:AW$38)-AW20)/AVERAGE(AW$2:AW$38)*100+100 -> 101.35444 | AD20: =(AX20-AVERAGE(AX$2:AX$38))/AVERAGE(AX$2:AX$38)*100+100 -> 108.88519 | AF20: =P14_Relievers!G26 -> 3.5377049 | AG20: =P14_Relievers!H26 -> 2.8922372 | AH20: =P14_Relievers!I26 -> 1.8032787 | AI20: =P14_Relievers!J26 -> 19.770878 | AJ20: =AH20+AI20 -> 21.574156 | AK20: =P14_Relievers!K26 -> 3 | AL20: =P14_Relievers!L26 -> 46.314196 | AM20: =P14_Relievers!M26 -> 25.939384 | AN20: =P14_Relievers!N26 -> 23.91986 | AO20: =P14_Relievers!O26 -> 8.3652567 | AP20: =P14_Relievers!P26 -> 2.0000926 | AQ20: =P14_Relievers!Q26 -> 3.0292864 | AR20: =P14_Relievers!R26 -> 78.504418 | AS20: =P14_Relievers!S26 -> 25.250622 | AT20: =AR20/$E20*9 -> 11.456782 | AU20: =AS20/$E20*9 -> 3.6850267 | AV20: =AN20/$E20*9 -> 3.4908179 | AW20: =(AS20+AL20)/E20 -> 1.1604478 | AX20: =(AR20-AS20)/F20 -> 0.20966062
A21: Matt Strahm | B21: =P14_Relievers!B23 -> KC | C21: =P14_Relievers!C23 -> RP | D21: =P14_Relievers!D23 -> 62 | E21: 64.33 | F21: =P14_Relievers!F23 -> 262 | G21: =(P21-P$39)/P$40 -> -0.67667347 | H21: =(AB21-AB$39)/AB$40 -> -0.027966622 | I21: =(AC21-AC$39)/AC$40 -> 0.66577088 | J21: =(Z21-Z$39)/Z$40 -> -0.46666027 | K21: =(AA21-AA$39)/AA$40 -> 1.0525993 | L21: =(R21-R$39)/R$40 -> -1.3918288 | M21: =(AD21-AD$39)/AD$40 -> -0.070846183 | N21: =G21+H21+I21+J21+K21+L21+M21*2 -> -0.98645141 | P21: =(AF21-AVERAGE(AF$2:AF$38))/AVERAGE(AF$2:AF$38)*100+100 -> 91.189001 | Q21: =(AVERAGE(AG$2:AG$38)-AG21)/AVERAGE(AG$2:AG$38)*100+100 -> 127.5248 | R21: =(AJ21-AVERAGE(AJ$2:AJ$38))/AVERAGE(AJ$2:AJ$38)*100+100 -> 71.332136 | S21: =(AVERAGE(AK$2:AK$38)-AK21)/AVERAGE(AK$2:AK$38)*100+100 -> 126.49007 | T21: =(AVERAGE(AL$2:AL$38)-AL21)/AVERAGE(AL$2:AL$38)*100+100 -> 97.987049 | U21: =(AVERAGE(AM$2:AM$38)-AM21)/AVERAGE(AM$2:AM$38)*100+100 -> 99.527813 | V21: =(AVERAGE(AN$2:AN$38)-AN21)/AVERAGE(AN$2:AN$38)*100+100 -> 98.710849 | W21: =(AVERAGE(AO$2:AO$38)-AO21)/AVERAGE(AO$2:AO$38)*100+100 -> 89.087942 | X21: =(AVERAGE(AP$2:AP$38)-AP21)/AVERAGE(AP$2:AP$38)*100+100 -> 119.2872 | Y21: =(AVERAGE(AQ$2:AQ$38)-AQ21)/AVERAGE(AQ$2:AQ$38)*100+100 -> 88.967808 | Z21: =(AT21-AVERAGE(AT$2:AT$38))/AVERAGE(AT$2:AT$38)*100+100 -> 92.98314 | AA21: =(AVERAGE(AU$2:AU$38)-AU21)/AVERAGE(AU$2:AU$38)*100+100 -> 116.66086 | AB21: =(AVERAGE(AV$2:AV$38)-AV21)/AVERAGE(AV$2:AV$38)*100+100 -> 99.653188 | AC21: =(AVERAGE(AW$2:AW$38)-AW21)/AVERAGE(AW$2:AW$38)*100+100 -> 104.26108 | AD21: =(AX21-AVERAGE(AX$2:AX$38))/AVERAGE(AX$2:AX$38)*100+100 -> 98.436297 | AF21: =P14_Relievers!G23 -> 3.3606061 | AG21: =P14_Relievers!H23 -> 2.2901776 | AH21: =P14_Relievers!I23 -> 1.7878788 | AI21: =P14_Relievers!J23 -> 17.925392 | AJ21: =AH21+AI21 -> 19.713271 | AK21: =P14_Relievers!K23 -> 3 | AL21: =P14_Relievers!L23 -> 53.037594 | AM21: =P14_Relievers!M23 -> 26.447095 | AN21: =P14_Relievers!N23 -> 24.541656 | AO21: =P14_Relievers!O23 -> 7.5170445 | AP21: =P14_Relievers!P23 -> 1.1765796 | AQ21: =P14_Relievers!Q23 -> 3.1439768 | AR21: =P14_Relievers!R23 -> 69.07413 | AS21: =P14_Relievers!S23 -> 19.414371 | AT21: =AR21/$E21*9 -> 9.663721 | AU21: =AS21/$E21*9 -> 2.7161408 | AV21: =AN21/$E21*9 -> 3.4334665 | AW21: =(AS21+AL21)/E21 -> 1.1262547 | AX21: =(AR21-AS21)/F21 -> 0.18954107
A22: Robert Suarez | B22: =P14_Relievers!B21 -> ATL | C22: =P14_Relievers!C21 -> RP | D22: =P14_Relievers!D21 -> 64 | E22: 66.33 | F22: =P14_Relievers!F21 -> 273 | G22: =(P22-P$39)/P$40 -> 1.4177922 | H22: =(AB22-AB$39)/AB$40 -> -0.40832301 | I22: =(AC22-AC$39)/AC$40 -> -0.29061115 | J22: =(Z22-Z$39)/Z$40 -> -0.74601548 | K22: =(AA22-AA$39)/AA$40 -> 0.78310218 | L22: =(R22-R$39)/R$40 -> -0.82307141 | M22: =(AD22-AD$39)/AD$40 -> -0.48309358 | N22: =G22+H22+I22+J22+K22+L22+M22*2 -> -1.0333138 | P22: =(AF22-AVERAGE(AF$2:AF$38))/AVERAGE(AF$2:AF$38)*100+100 -> 118.46114 | Q22: =(AVERAGE(AG$2:AG$38)-AG22)/AVERAGE(AG$2:AG$38)*100+100 -> 71.499747 | R22: =(AJ22-AVERAGE(AJ$2:AJ$38))/AVERAGE(AJ$2:AJ$38)*100+100 -> 83.046982 | S22: =(AVERAGE(AK$2:AK$38)-AK22)/AVERAGE(AK$2:AK$38)*100+100 -> 77.483444 | T22: =(AVERAGE(AL$2:AL$38)-AL22)/AVERAGE(AL$2:AL$38)*100+100 -> 87.599622 | U22: =(AVERAGE(AM$2:AM$38)-AM22)/AVERAGE(AM$2:AM$38)*100+100 -> 90.988597 | V22: =(AVERAGE(AN$2:AN$38)-AN22)/AVERAGE(AN$2:AN$38)*100+100 -> 90.652715 | W22: =(AVERAGE(AO$2:AO$38)-AO22)/AVERAGE(AO$2:AO$38)*100+100 -> 88.148304 | X22: =(AVERAGE(AP$2:AP$38)-AP22)/AVERAGE(AP$2:AP$38)*100+100 -> 64.466287 | Y22: =(AVERAGE(AQ$2:AQ$38)-AQ22)/AVERAGE(AQ$2:AQ$38)*100+100 -> 122.27794 | Z22: =(AT22-AVERAGE(AT$2:AT$38))/AVERAGE(AT$2:AT$38)*100+100 -> 88.782661 | AA22: =(AVERAGE(AU$2:AU$38)-AU22)/AVERAGE(AU$2:AU$38)*100+100 -> 112.39518 | AB22: =(AVERAGE(AV$2:AV$38)-AV22)/AVERAGE(AV$2:AV$38)*100+100 -> 94.936417 | AC22: =(AVERAGE(AW$2:AW$38)-AW22)/AVERAGE(AW$2:AW$38)*100+100 -> 98.140025 | AD22: =(AX22-AVERAGE(AX$2:AX$38))/AVERAGE(AX$2:AX$38)*100+100 -> 89.337254 | AF22: =P14_Relievers!G21 -> 4.3656716 | AG22: =P14_Relievers!H21 -> 4.0605394 | AH22: =P14_Relievers!I21 -> 10.328358 | AI22: =P14_Relievers!J21 -> 12.622414 | AJ22: =AH22+AI22 -> 22.950772 | AK22: =P14_Relievers!K21 -> 5 | AL22: =P14_Relievers!L21 -> 58.438126 | AM22: =P14_Relievers!M21 -> 28.694856 | AN22: =P14_Relievers!N21 -> 26.494085 | AO22: =P14_Relievers!O21 -> 7.5807283 | AP22: =P14_Relievers!P21 -> 1.9757239 | AQ22: =P14_Relievers!Q21 -> 2.2007704 | AR22: =P14_Relievers!R21 -> 68.004214 | AS22: =P14_Relievers!S21 -> 21.042569 | AT22: =AR22/$E22*9 -> 9.2271661 | AU22: =AS22/$E22*9 -> 2.8551654 | AV22: =AN22/$E22*9 -> 3.5948556 | AW22: =(AS22+AL22)/E22 -> 1.1982616 | AX22: =(AR22-AS22)/F22 -> 0.17202068
A23: Adrian Morejon | B23: =P14_Relievers!B29 -> SD | C23: =P14_Relievers!C29 -> RP | D23: =P14_Relievers!D29 -> 65 | E23: 66.33 | F23: =P14_Relievers!F29 -> 274 | G23: =(P23-P$39)/P$40 -> 2.4454761 | H23: =(AB23-AB$39)/AB$40 -> 0.085420575 | I23: =(AC23-AC$39)/AC$40 -> -0.33405879 | J23: =(Z23-Z$39)/Z$40 -> -0.84023062 | K23: =(AA23-AA$39)/AA$40 -> 0.45452695 | L23: =(R23-R$39)/R$40 -> -1.7276897 | M23: =(AD23-AD$39)/AD$40 -> -0.69832439 | N23: =G23+H23+I23+J23+K23+L23+M23*2 -> -1.3132044 | P23: =(AF23-AVERAGE(AF$2:AF$38))/AVERAGE(AF$2:AF$38)*100+100 -> 131.84267 | Q23: =(AVERAGE(AG$2:AG$38)-AG23)/AVERAGE(AG$2:AG$38)*100+100 -> 41.536787 | R23: =(AJ23-AVERAGE(AJ$2:AJ$38))/AVERAGE(AJ$2:AJ$38)*100+100 -> 64.41432 | S23: =(AVERAGE(AK$2:AK$38)-AK23)/AVERAGE(AK$2:AK$38)*100+100 -> 150.99338 | T23: =(AVERAGE(AL$2:AL$38)-AL23)/AVERAGE(AL$2:AL$38)*100+100 -> 89.585047 | U23: =(AVERAGE(AM$2:AM$38)-AM23)/AVERAGE(AM$2:AM$38)*100+100 -> 96.893957 | V23: =(AVERAGE(AN$2:AN$38)-AN23)/AVERAGE(AN$2:AN$38)*100+100 -> 97.025237 | W23: =(AVERAGE(AO$2:AO$38)-AO23)/AVERAGE(AO$2:AO$38)*100+100 -> 115.03027 | X23: =(AVERAGE(AP$2:AP$38)-AP23)/AVERAGE(AP$2:AP$38)*100+100 -> 97.879153 | Y23: =(AVERAGE(AQ$2:AQ$38)-AQ23)/AVERAGE(AQ$2:AQ$38)*100+100 -> 147.29714 | Z23: =(AT23-AVERAGE(AT$2:AT$38))/AVERAGE(AT$2:AT$38)*100+100 -> 87.366011 | AA23: =(AVERAGE(AU$2:AU$38)-AU23)/AVERAGE(AU$2:AU$38)*100+100 -> 107.19439 | AB23: =(AVERAGE(AV$2:AV$38)-AV23)/AVERAGE(AV$2:AV$38)*100+100 -> 101.05929 | AC23: =(AVERAGE(AW$2:AW$38)-AW23)/AVERAGE(AW$2:AW$38)*100+100 -> 97.86195 | AD23: =(AX23-AVERAGE(AX$2:AX$38))/AVERAGE(AX$2:AX$38)*100+100 -> 84.586722 | AF23: =P14_Relievers!G29 -> 4.8588235 | AG23: =P14_Relievers!H29 -> 5.0073529 | AH23: =P14_Relievers!I29 -> 2.9735294 | AI23: =P14_Relievers!J29 -> 14.827941 | AJ23: =AH23+AI23 -> 17.801471 | AK23: =P14_Relievers!K29 -> 2 | AL23: =P14_Relievers!L29 -> 57.405882 | AM23: =P14_Relievers!M29 -> 27.140399 | AN23: =P14_Relievers!N29 -> 24.950068 | AO23: =P14_Relievers!O29 -> 5.7588079 | AP23: =P14_Relievers!P29 -> 1.4886525 | AQ23: =P14_Relievers!Q29 -> 1.492329 | AR23: =P14_Relievers!R29 -> 66.919112 | AS23: =P14_Relievers!S29 -> 22.291792 | AT23: =AR23/$E23*9 -> 9.0799338 | AU23: =AS23/$E23*9 -> 3.0246665 | AV23: =AN23/$E23*9 -> 3.3853552 | AW23: =(AS23+AL23)/E23 -> 1.2015329 | AX23: =(AR23-AS23)/F23 -> 0.16287343
A24: Abner Uribe | B24: =P14_Relievers!B32 -> MIL | C24: =P14_Relievers!C32 -> RP | D24: =P14_Relievers!D32 -> 67 | E24: 68.67 | F24: =P14_Relievers!F32 -> 286 | G24: =(P24-P$39)/P$40 -> 0.25056098 | H24: =(AB24-AB$39)/AB$40 -> 0.7098294 | I24: =(AC24-AC$39)/AC$40 -> -0.29857779 | J24: =(Z24-Z$39)/Z$40 -> 0.29718576 | K24: =(AA24-AA$39)/AA$40 -> -1.7353797 | L24: =(R24-R$39)/R$40 -> 0.10112018 | M24: =(AD24-AD$39)/AD$40 -> -0.32297402 | N24: =G24+H24+I24+J24+K24+L24+M24*2 -> -1.3212092 | P24: =(AF24-AVERAGE(AF$2:AF$38))/AVERAGE(AF$2:AF$38)*100+100 -> 103.26257 | Q24: =(AVERAGE(AG$2:AG$38)-AG24)/AVERAGE(AG$2:AG$38)*100+100 -> 151.5439 | R24: =(AJ24-AVERAGE(AJ$2:AJ$38))/AVERAGE(AJ$2:AJ$38)*100+100 -> 102.0828 | S24: =(AVERAGE(AK$2:AK$38)-AK24)/AVERAGE(AK$2:AK$38)*100+100 -> 126.49007 | T24: =(AVERAGE(AL$2:AL$38)-AL24)/AVERAGE(AL$2:AL$38)*100+100 -> 102.62169 | U24: =(AVERAGE(AM$2:AM$38)-AM24)/AVERAGE(AM$2:AM$38)*100+100 -> 101.19043 | V24: =(AVERAGE(AN$2:AN$38)-AN24)/AVERAGE(AN$2:AN$38)*100+100 -> 101.73574 | W24: =(AVERAGE(AO$2:AO$38)-AO24)/AVERAGE(AO$2:AO$38)*100+100 -> 122.00845 | X24: =(AVERAGE(AP$2:AP$38)-AP24)/AVERAGE(AP$2:AP$38)*100+100 -> 64.398136 | Y24: =(AVERAGE(AQ$2:AQ$38)-AQ24)/AVERAGE(AQ$2:AQ$38)*100+100 -> 46.39588 | Z24: =(AT24-AVERAGE(AT$2:AT$38))/AVERAGE(AT$2:AT$38)*100+100 -> 104.46858 | AA24: =(AVERAGE(AU$2:AU$38)-AU24)/AVERAGE(AU$2:AU$38)*100+100 -> 72.531883 | AB24: =(AVERAGE(AV$2:AV$38)-AV24)/AVERAGE(AV$2:AV$38)*100+100 -> 108.80254 | AC24: =(AVERAGE(AW$2:AW$38)-AW24)/AVERAGE(AW$2:AW$38)*100+100 -> 98.089037 | AD24: =(AX24-AVERAGE(AX$2:AX$38))/AVERAGE(AX$2:AX$38)*100+100 -> 92.871381 | AF24: =P14_Relievers!G32 -> 3.8055556 | AG24: =P14_Relievers!H32 -> 1.5311869 | AH24: =P14_Relievers!I32 -> 16.336111 | AI24: =P14_Relievers!J32 -> 11.875379 | AJ24: =AH24+AI24 -> 28.21149 | AK24: =P14_Relievers!K32 -> 3 | AL24: =P14_Relievers!L32 -> 50.627998 | AM24: =P14_Relievers!M32 -> 26.009448 | AN24: =P14_Relievers!N32 -> 23.808746 | AO24: =P14_Relievers!O32 -> 5.2858632 | AP24: =P14_Relievers!P32 -> 1.9767174 | AQ24: =P14_Relievers!Q32 -> 4.3494394 | AR24: =P14_Relievers!R32 -> 82.841971 | AS24: =P14_Relievers!S32 -> 31.697818 | AT24: =AR24/$E24*9 -> 10.857401 | AU24: =AS24/$E24*9 -> 4.1543667 | AV24: =AN24/$E24*9 -> 3.1204123 | AW24: =(AS24+AL24)/E24 -> 1.1988615 | AX24: =(AR24-AS24)/F24 -> 0.17882571
A25: Robert Garcia | B25: =P14_Relievers!B36 -> TEX | C25: =P14_Relievers!C36 -> RP | D25: =P14_Relievers!D36 -> 62 | E25: 61.67 | F25: =P14_Relievers!F36 -> 257 | G25: =(P25-P$39)/P$40 -> -0.13221266 | H25: =(AB25-AB$39)/AB$40 -> -0.34185758 | I25: =(AC25-AC$39)/AC$40 -> -0.46958343 | J25: =(Z25-Z$39)/Z$40 -> -0.3692743 | K25: =(AA25-AA$39)/AA$40 -> 0.15488876 | L25: =(R25-R$39)/R$40 -> -0.47734132 | M25: =(AD25-AD$39)/AD$40 -> -0.36712907 | N25: =G25+H25+I25+J25+K25+L25+M25*2 -> -2.3696387 | P25: =(AF25-AVERAGE(AF$2:AF$38))/AVERAGE(AF$2:AF$38)*100+100 -> 98.278452 | Q25: =(AVERAGE(AG$2:AG$38)-AG25)/AVERAGE(AG$2:AG$38)*100+100 -> 84.590614 | R25: =(AJ25-AVERAGE(AJ$2:AJ$38))/AVERAGE(AJ$2:AJ$38)*100+100 -> 90.168075 | S25: =(AVERAGE(AK$2:AK$38)-AK25)/AVERAGE(AK$2:AK$38)*100+100 -> 77.483444 | T25: =(AVERAGE(AL$2:AL$38)-AL25)/AVERAGE(AL$2:AL$38)*100+100 -> 98.169107 | U25: =(AVERAGE(AM$2:AM$38)-AM25)/AVERAGE(AM$2:AM$38)*100+100 -> 99.405571 | V25: =(AVERAGE(AN$2:AN$38)-AN25)/AVERAGE(AN$2:AN$38)*100+100 -> 99.132456 | W25: =(AVERAGE(AO$2:AO$38)-AO25)/AVERAGE(AO$2:AO$38)*100+100 -> 102.9262 | X25: =(AVERAGE(AP$2:AP$38)-AP25)/AVERAGE(AP$2:AP$38)*100+100 -> 64.655839 | Y25: =(AVERAGE(AQ$2:AQ$38)-AQ25)/AVERAGE(AQ$2:AQ$38)*100+100 -> 127.96383 | Z25: =(AT25-AVERAGE(AT$2:AT$38))/AVERAGE(AT$2:AT$38)*100+100 -> 94.447468 | AA25: =(AVERAGE(AU$2:AU$38)-AU25)/AVERAGE(AU$2:AU$38)*100+100 -> 102.45163 | AB25: =(AVERAGE(AV$2:AV$38)-AV25)/AVERAGE(AV$2:AV$38)*100+100 -> 95.76065 | AC25: =(AVERAGE(AW$2:AW$38)-AW25)/AVERAGE(AW$2:AW$38)*100+100 -> 96.994563 | AD25: =(AX25-AVERAGE(AX$2:AX$38))/AVERAGE(AX$2:AX$38)*100+100 -> 91.8968 | AF25: =P14_Relievers!G36 -> 3.621875 | AG25: =P14_Relievers!H36 -> 3.646875 | AH25: =P14_Relievers!I36 -> 17.475 | AI25: =P14_Relievers!J36 -> 7.44375 | AJ25: =AH25+AI25 -> 24.91875 | AK25: =P14_Relievers!K36 -> 5 | AL25: =P14_Relievers!L36 -> 52.94294 | AM25: =P14_Relievers!M36 -> 26.479272 | AN25: =P14_Relievers!N36 -> 24.439503 | AO25: =P14_Relievers!O36 -> 6.5791592 | AP25: =P14_Relievers!P36 -> 1.9729607 | AQ25: =P14_Relievers!Q36 -> 2.0397693 | AR25: =P14_Relievers!R36 -> 67.260786 | AS25: =P14_Relievers!S36 -> 21.784858 | AT25: =AR25/$E25*9 -> 9.8159084 | AU25: =AS25/$E25*9 -> 3.1792399 | AV25: =AN25/$E25*9 -> 3.5666536 | AW25: =(AS25+AL25)/E25 -> 1.2117366 | AX25: =(AR25-AS25)/F25 -> 0.17694913
A26: Pete Fairbanks | B26: =P14_Relievers!B19 -> MIA | C26: =P14_Relievers!C19 -> RP | D26: =P14_Relievers!D19 -> 61 | E26: 63 | F26: =P14_Relievers!F19 -> 261 | G26: =(P26-P$39)/P$40 -> -0.46349545 | H26: =(AB26-AB$39)/AB$40 -> 0.030527602 | I26: =(AC26-AC$39)/AC$40 -> -0.39634549 | J26: =(Z26-Z$39)/Z$40 -> -0.68771833 | K26: =(AA26-AA$39)/AA$40 -> 0.032166323 | L26: =(R26-R$39)/R$40 -> 0.44708808 | M26: =(AD26-AD$39)/AD$40 -> -0.69651462 | N26: =G26+H26+I26+J26+K26+L26+M26*2 -> -2.4308065 | P26: =(AF26-AVERAGE(AF$2:AF$38))/AVERAGE(AF$2:AF$38)*100+100 -> 93.964803 | Q26: =(AVERAGE(AG$2:AG$38)-AG26)/AVERAGE(AG$2:AG$38)*100+100 -> 100.64887 | R26: =(AJ26-AVERAGE(AJ$2:AJ$38))/AVERAGE(AJ$2:AJ$38)*100+100 -> 109.20879 | S26: =(AVERAGE(AK$2:AK$38)-AK26)/AVERAGE(AK$2:AK$38)*100+100 -> 77.483444 | T26: =(AVERAGE(AL$2:AL$38)-AL26)/AVERAGE(AL$2:AL$38)*100+100 -> 97.493533 | U26: =(AVERAGE(AM$2:AM$38)-AM26)/AVERAGE(AM$2:AM$38)*100+100 -> 101.01587 | V26: =(AVERAGE(AN$2:AN$38)-AN26)/AVERAGE(AN$2:AN$38)*100+100 -> 101.52202 | W26: =(AVERAGE(AO$2:AO$38)-AO26)/AVERAGE(AO$2:AO$38)*100+100 -> 115.90124 | X26: =(AVERAGE(AP$2:AP$38)-AP26)/AVERAGE(AP$2:AP$38)*100+100 -> 131.5284 | Y26: =(AVERAGE(AQ$2:AQ$38)-AQ26)/AVERAGE(AQ$2:AQ$38)*100+100 -> 143.5307 | Z26: =(AT26-AVERAGE(AT$2:AT$38))/AVERAGE(AT$2:AT$38)*100+100 -> 89.659237 | AA26: =(AVERAGE(AU$2:AU$38)-AU26)/AVERAGE(AU$2:AU$38)*100+100 -> 100.50914 | AB26: =(AVERAGE(AV$2:AV$38)-AV26)/AVERAGE(AV$2:AV$38)*100+100 -> 100.37857 | AC26: =(AVERAGE(AW$2:AW$38)-AW26)/AVERAGE(AW$2:AW$38)*100+100 -> 97.463302 | AD26: =(AX26-AVERAGE(AX$2:AX$38))/AVERAGE(AX$2:AX$38)*100+100 -> 84.626667 | AF26: =P14_Relievers!G19 -> 3.4629032 | AG26: =P14_Relievers!H19 -> 3.1394428 | AH26: =P14_Relievers!I19 -> 26.112903 | AI26: =P14_Relievers!J19 -> 4.0679179 | AJ26: =AH26+AI26 -> 30.180821 | AK26: =P14_Relievers!K19 -> 5 | AL26: =P14_Relievers!L19 -> 53.294178 | AM26: =P14_Relievers!M19 -> 26.055397 | AN26: =P14_Relievers!N19 -> 23.860528 | AO26: =P14_Relievers!O19 -> 5.6997779 | AP26: =P14_Relievers!P19 -> 0.99813531 | AQ26: =P14_Relievers!Q19 -> 1.5989792 | AR26: =P14_Relievers!R19 -> 65.227879 | AS26: =P14_Relievers!S19 -> 22.697838 | AT26: =AR26/$E26*9 -> 9.3182684 | AU26: =AS26/$E26*9 -> 3.2425483 | AV26: =AN26/$E26*9 -> 3.4086468 | AW26: =(AS26+AL26)/E26 -> 1.2062225 | AX26: =(AR26-AS26)/F26 -> 0.16295035
A27: Will Vest | B27: =P14_Relievers!B30 -> DET | C27: =P14_Relievers!C30 -> RP | D27: =P14_Relievers!D30 -> 61 | E27: 64 | F27: =P14_Relievers!F30 -> 265 | G27: =(P27-P$39)/P$40 -> 0.055109344 | H27: =(AB27-AB$39)/AB$40 -> 0.19345915 | I27: =(AC27-AC$39)/AC$40 -> -0.23517063 | J27: =(Z27-Z$39)/Z$40 -> -0.77560125 | K27: =(AA27-AA$39)/AA$40 -> 0.78116753 | L27: =(R27-R$39)/R$40 -> -1.4000505 | M27: =(AD27-AD$39)/AD$40 -> -0.53719825 | N27: =G27+H27+I27+J27+K27+L27+M27*2 -> -2.4554829 | P27: =(AF27-AVERAGE(AF$2:AF$38))/AVERAGE(AF$2:AF$38)*100+100 -> 100.71758 | Q27: =(AVERAGE(AG$2:AG$38)-AG27)/AVERAGE(AG$2:AG$38)*100+100 -> 87.392612 | R27: =(AJ27-AVERAGE(AJ$2:AJ$38))/AVERAGE(AJ$2:AJ$38)*100+100 -> 71.162791 | S27: =(AVERAGE(AK$2:AK$38)-AK27)/AVERAGE(AK$2:AK$38)*100+100 -> 77.483444 | T27: =(AVERAGE(AL$2:AL$38)-AL27)/AVERAGE(AL$2:AL$38)*100+100 -> 92.075437 | U27: =(AVERAGE(AM$2:AM$38)-AM27)/AVERAGE(AM$2:AM$38)*100+100 -> 102.32417 | V27: =(AVERAGE(AN$2:AN$38)-AN27)/AVERAGE(AN$2:AN$38)*100+100 -> 101.98789 | W27: =(AVERAGE(AO$2:AO$38)-AO27)/AVERAGE(AO$2:AO$38)*100+100 -> 123.90201 | X27: =(AVERAGE(AP$2:AP$38)-AP27)/AVERAGE(AP$2:AP$38)*100+100 -> 119.73188 | Y27: =(AVERAGE(AQ$2:AQ$38)-AQ27)/AVERAGE(AQ$2:AQ$38)*100+100 -> 130.66213 | Z27: =(AT27-AVERAGE(AT$2:AT$38))/AVERAGE(AT$2:AT$38)*100+100 -> 88.3378 | AA27: =(AVERAGE(AU$2:AU$38)-AU27)/AVERAGE(AU$2:AU$38)*100+100 -> 112.36456 | AB27: =(AVERAGE(AV$2:AV$38)-AV27)/AVERAGE(AV$2:AV$38)*100+100 -> 102.39907 | AC27: =(AVERAGE(AW$2:AW$38)-AW27)/AVERAGE(AW$2:AW$38)*100+100 -> 98.494856 | AD27: =(AX27-AVERAGE(AX$2:AX$38))/AVERAGE(AX$2:AX$38)*100+100 -> 88.143066 | AF27: =P14_Relievers!G30 -> 3.7117647 | AG27: =P14_Relievers!H30 -> 3.5583333 | AH27: =P14_Relievers!I30 -> 6.4970588 | AI27: =P14_Relievers!J30 -> 13.169412 | AJ27: =AH27+AI27 -> 19.666471 | AK27: =P14_Relievers!K30 -> 5 | AL27: =P14_Relievers!L30 -> 56.111102 | AM27: =P14_Relievers!M30 -> 25.711015 | AN27: =P14_Relievers!N30 -> 23.74765 | AO27: =P14_Relievers!O30 -> 5.1575273 | AP27: =P14_Relievers!P30 -> 1.1700973 | AQ27: =P14_Relievers!Q30 -> 1.9633643 | AR27: =P14_Relievers!R30 -> 65.286625 | AS27: =P14_Relievers!S30 -> 20.310495 | AT27: =AR27/$E27*9 -> 9.1809317 | AU27: =AS27/$E27*9 -> 2.8561634 | AV27: =AN27/$E27*9 -> 3.3395133 | AW27: =(AS27+AL27)/E27 -> 1.1940875 | AX27: =(AR27-AS27)/F27 -> 0.16972125
A28: Emilio Pagan | B28: =P14_Relievers!B17 -> CIN | C28: =P14_Relievers!C17 -> RP | D28: =P14_Relievers!D17 -> 63 | E28: 65 | F28: =P14_Relievers!F17 -> 267 | G28: =(P28-P$39)/P$40 -> -1.6270625 | H28: =(AB28-AB$39)/AB$40 -> -1.4533312 | I28: =(AC28-AC$39)/AC$40 -> -0.23417155 | J28: =(Z28-Z$39)/Z$40 -> -0.34488891 | K28: =(AA28-AA$39)/AA$40 -> 0.20786182 | L28: =(R28-R$39)/R$40 -> 0.40986974 | M28: =(AD28-AD$39)/AD$40 -> -0.2650213 | N28: =G28+H28+I28+J28+K28+L28+M28*2 -> -3.5717652 | P28: =(AF28-AVERAGE(AF$2:AF$38))/AVERAGE(AF$2:AF$38)*100+100 -> 78.813938 | Q28: =(AVERAGE(AG$2:AG$38)-AG28)/AVERAGE(AG$2:AG$38)*100+100 -> 103.12721 | R28: =(AJ28-AVERAGE(AJ$2:AJ$38))/AVERAGE(AJ$2:AJ$38)*100+100 -> 108.44219 | S28: =(AVERAGE(AK$2:AK$38)-AK28)/AVERAGE(AK$2:AK$38)*100+100 -> 77.483444 | T28: =(AVERAGE(AL$2:AL$38)-AL28)/AVERAGE(AL$2:AL$38)*100+100 -> 94.506859 | U28: =(AVERAGE(AM$2:AM$38)-AM28)/AVERAGE(AM$2:AM$38)*100+100 -> 79.85467 | V28: =(AVERAGE(AN$2:AN$38)-AN28)/AVERAGE(AN$2:AN$38)*100+100 -> 79.628264 | W28: =(AVERAGE(AO$2:AO$38)-AO28)/AVERAGE(AO$2:AO$38)*100+100 -> 54.307682 | X28: =(AVERAGE(AP$2:AP$38)-AP28)/AVERAGE(AP$2:AP$38)*100+100 -> 132.32166 | Y28: =(AVERAGE(AQ$2:AQ$38)-AQ28)/AVERAGE(AQ$2:AQ$38)*100+100 -> 144.47366 | Z28: =(AT28-AVERAGE(AT$2:AT$38))/AVERAGE(AT$2:AT$38)*100+100 -> 94.814135 | AA28: =(AVERAGE(AU$2:AU$38)-AU28)/AVERAGE(AU$2:AU$38)*100+100 -> 103.2901 | AB28: =(AVERAGE(AV$2:AV$38)-AV28)/AVERAGE(AV$2:AV$38)*100+100 -> 81.977349 | AC28: =(AVERAGE(AW$2:AW$38)-AW28)/AVERAGE(AW$2:AW$38)*100+100 -> 98.501251 | AD28: =(AX28-AVERAGE(AX$2:AX$38))/AVERAGE(AX$2:AX$38)*100+100 -> 94.150502 | AF28: =P14_Relievers!G17 -> 2.9045455 | AG28: =P14_Relievers!H17 -> 3.0611285 | AH28: =P14_Relievers!I17 -> 25.954545 | AI28: =P14_Relievers!J17 -> 4.0144201 | AJ28: =AH28+AI28 -> 29.968966 | AK28: =P14_Relievers!K17 -> 5 | AL28: =P14_Relievers!L17 -> 54.846981 | AM28: =P14_Relievers!M17 -> 31.625617 | AN28: =P14_Relievers!N17 -> 29.165233 | AO28: =P14_Relievers!O17 -> 9.8742703 | AP28: =P14_Relievers!P17 -> 0.98657163 | AQ28: =P14_Relievers!Q17 -> 1.5722784 | AR28: =P14_Relievers!R17 -> 71.167893 | AS28: =P14_Relievers!S17 -> 22.763815 | AT28: =AR28/$E28*9 -> 9.854016 | AU28: =AS28/$E28*9 -> 3.1519128 | AV28: =AN28/$E28*9 -> 4.038263 | AW28: =(AS28+AL28)/E28 -> 1.1940122 | AX28: =(AR28-AS28)/F28 -> 0.18128868
A29: Luke Weaver | B29: =P14_Relievers!B25 -> NYM | C29: =P14_Relievers!C25 -> RP | D29: =P14_Relievers!D25 -> 60 | E29: 67.67 | F29: =P14_Relievers!F25 -> 280 | G29: =(P29-P$39)/P$40 -> 0.046144325 | H29: =(AB29-AB$39)/AB$40 -> -1.2752366 | I29: =(AC29-AC$39)/AC$40 -> -0.55929943 | J29: =(Z29-Z$39)/Z$40 -> -0.54464007 | K29: =(AA29-AA$39)/AA$40 -> 0.51962 | L29: =(R29-R$39)/R$40 -> -1.0687907 | M29: =(AD29-AD$39)/AD$40 -> -0.39160175 | N29: =G29+H29+I29+J29+K29+L29+M29*2 -> -3.665406 | P29: =(AF29-AVERAGE(AF$2:AF$38))/AVERAGE(AF$2:AF$38)*100+100 -> 100.60085 | Q29: =(AVERAGE(AG$2:AG$38)-AG29)/AVERAGE(AG$2:AG$38)*100+100 -> 71.023785 | R29: =(AJ29-AVERAGE(AJ$2:AJ$38))/AVERAGE(AJ$2:AJ$38)*100+100 -> 77.985837 | S29: =(AVERAGE(AK$2:AK$38)-AK29)/AVERAGE(AK$2:AK$38)*100+100 -> 126.49007 | T29: =(AVERAGE(AL$2:AL$38)-AL29)/AVERAGE(AL$2:AL$38)*100+100 -> 84.661541 | U29: =(AVERAGE(AM$2:AM$38)-AM29)/AVERAGE(AM$2:AM$38)*100+100 -> 76.448501 | V29: =(AVERAGE(AN$2:AN$38)-AN29)/AVERAGE(AN$2:AN$38)*100+100 -> 77.028785 | W29: =(AVERAGE(AO$2:AO$38)-AO29)/AVERAGE(AO$2:AO$38)*100+100 -> 60.533801 | X29: =(AVERAGE(AP$2:AP$38)-AP29)/AVERAGE(AP$2:AP$38)*100+100 -> 104.4682 | Y29: =(AVERAGE(AQ$2:AQ$38)-AQ29)/AVERAGE(AQ$2:AQ$38)*100+100 -> 124.06226 | Z29: =(AT29-AVERAGE(AT$2:AT$38))/AVERAGE(AT$2:AT$38)*100+100 -> 91.81061 | AA29: =(AVERAGE(AU$2:AU$38)-AU29)/AVERAGE(AU$2:AU$38)*100+100 -> 108.2247 | AB29: =(AVERAGE(AV$2:AV$38)-AV29)/AVERAGE(AV$2:AV$38)*100+100 -> 84.185887 | AC29: =(AVERAGE(AW$2:AW$38)-AW29)/AVERAGE(AW$2:AW$38)*100+100 -> 96.420361 | AD29: =(AX29-AVERAGE(AX$2:AX$38))/AVERAGE(AX$2:AX$38)*100+100 -> 91.356644 | AF29: =P14_Relievers!G25 -> 3.7074627 | AG29: =P14_Relievers!H25 -> 4.0755795 | AH29: =P14_Relievers!I25 -> 4.7164179 | AI29: =P14_Relievers!J25 -> 16.835662 | AJ29: =AH29+AI29 -> 21.55208 | AK29: =P14_Relievers!K25 -> 3 | AL29: =P14_Relievers!L25 -> 59.965664 | AM29: =P14_Relievers!M25 -> 32.522217 | AN29: =P14_Relievers!N25 -> 29.795069 | AO29: =P14_Relievers!O25 -> 9.4522962 | AP29: =P14_Relievers!P25 -> 1.3926016 | AQ29: =P14_Relievers!Q25 -> 2.1502457 | AR29: =P14_Relievers!R25 -> 71.744186 | AS29: =P14_Relievers!S25 -> 22.489652 | AT29: =AR29/$E29*9 -> 9.5418602 | AU29: =AS29/$E29*9 -> 2.9910871 | AV29: =AN29/$E29*9 -> 3.9626957 | AW29: =(AS29+AL29)/E29 -> 1.2184914 | AX29: =(AR29-AS29)/F29 -> 0.17590905
A30: Daniel Palencia | B30: =P14_Relievers!B18 -> CHC | C30: =P14_Relievers!C18 -> RP | D30: =P14_Relievers!D18 -> 62 | E30: 64.67 | F30: =P14_Relievers!F18 -> 273 | G30: =(P30-P$39)/P$40 -> -0.98336915 | H30: =(AB30-AB$39)/AB$40 -> -0.72912909 | I30: =(AC30-AC$39)/AC$40 -> -0.73192418 | J30: =(Z30-Z$39)/Z$40 -> -0.11150884 | K30: =(AA30-AA$39)/AA$40 -> -0.98322596 | L30: =(R30-R$39)/R$40 -> 0.92038363 | M30: =(AD30-AD$39)/AD$40 -> -0.53461637 | N30: =G30+H30+I30+J30+K30+L30+M30*2 -> -3.6880063 | P30: =(AF30-AVERAGE(AF$2:AF$38))/AVERAGE(AF$2:AF$38)*100+100 -> 87.195501 | Q30: =(AVERAGE(AG$2:AG$38)-AG30)/AVERAGE(AG$2:AG$38)*100+100 -> 96.010304 | R30: =(AJ30-AVERAGE(AJ$2:AJ$38))/AVERAGE(AJ$2:AJ$38)*100+100 -> 118.95738 | S30: =(AVERAGE(AK$2:AK$38)-AK30)/AVERAGE(AK$2:AK$38)*100+100 -> 101.98675 | T30: =(AVERAGE(AL$2:AL$38)-AL30)/AVERAGE(AL$2:AL$38)*100+100 -> 98.872948 | U30: =(AVERAGE(AM$2:AM$38)-AM30)/AVERAGE(AM$2:AM$38)*100+100 -> 90.133915 | V30: =(AVERAGE(AN$2:AN$38)-AN30)/AVERAGE(AN$2:AN$38)*100+100 -> 89.352406 | W30: =(AVERAGE(AO$2:AO$38)-AO30)/AVERAGE(AO$2:AO$38)*100+100 -> 95.33318 | X30: =(AVERAGE(AP$2:AP$38)-AP30)/AVERAGE(AP$2:AP$38)*100+100 -> 118.48065 | Y30: =(AVERAGE(AQ$2:AQ$38)-AQ30)/AVERAGE(AQ$2:AQ$38)*100+100 -> 68.350847 | Z30: =(AT30-AVERAGE(AT$2:AT$38))/AVERAGE(AT$2:AT$38)*100+100 -> 98.323316 | AA30: =(AVERAGE(AU$2:AU$38)-AU30)/AVERAGE(AU$2:AU$38)*100+100 -> 84.437201 | AB30: =(AVERAGE(AV$2:AV$38)-AV30)/AVERAGE(AV$2:AV$38)*100+100 -> 90.958125 | AC30: =(AVERAGE(AW$2:AW$38)-AW30)/AVERAGE(AW$2:AW$38)*100+100 -> 95.315525 | AD30: =(AX30-AVERAGE(AX$2:AX$38))/AVERAGE(AX$2:AX$38)*100+100 -> 88.200053 | AF30: =P14_Relievers!G18 -> 3.2134328 | AG30: =P14_Relievers!H18 -> 3.2860189 | AH30: =P14_Relievers!I18 -> 28.752239 | AI30: =P14_Relievers!J18 -> 4.1226927 | AJ30: =AH30+AI30 -> 32.874931 | AK30: =P14_Relievers!K18 -> 4 | AL30: =P14_Relievers!L18 -> 52.577006 | AM30: =P14_Relievers!M18 -> 28.919832 | AN30: =P14_Relievers!N18 -> 26.809141 | AO30: =P14_Relievers!O18 -> 7.0937746 | AP30: =P14_Relievers!P18 -> 1.188337 | AQ30: =P14_Relievers!Q18 -> 3.7277646 | AR30: =P14_Relievers!R18 -> 73.427213 | AS30: =P14_Relievers!S18 -> 27.063357 | AT30: =AR30/$E30*9 -> 10.218725 | AU30: =AS30/$E30*9 -> 3.7663555 | AV30: =AN30/$E30*9 -> 3.7309768 | AW30: =(AS30+AL30)/E30 -> 1.2314885 | AX30: =(AR30-AS30)/F30 -> 0.16983097
A31: Dennis Santana | B31: =P14_Relievers!B20 -> PIT | C31: =P14_Relievers!C20 -> RP | D31: =P14_Relievers!D20 -> 64 | E31: 66.67 | F31: =P14_Relievers!F20 -> 280 | G31: =(P31-P$39)/P$40 -> -0.66812982 | H31: =(AB31-AB$39)/AB$40 -> -0.68401724 | I31: =(AC31-AC$39)/AC$40 -> -0.77593043 | J31: =(Z31-Z$39)/Z$40 -> -1.2519965 | K31: =(AA31-AA$39)/AA$40 -> 0.40847257 | L31: =(R31-R$39)/R$40 -> 0.41914375 | M31: =(AD31-AD$39)/AD$40 -> -1.1765806 | N31: =G31+H31+I31+J31+K31+L31+M31*2 -> -4.9056188 | P31: =(AF31-AVERAGE(AF$2:AF$38))/AVERAGE(AF$2:AF$38)*100+100 -> 91.300248 | Q31: =(AVERAGE(AG$2:AG$38)-AG31)/AVERAGE(AG$2:AG$38)*100+100 -> 107.10051 | R31: =(AJ31-AVERAGE(AJ$2:AJ$38))/AVERAGE(AJ$2:AJ$38)*100+100 -> 108.63321 | S31: =(AVERAGE(AK$2:AK$38)-AK31)/AVERAGE(AK$2:AK$38)*100+100 -> 126.49007 | T31: =(AVERAGE(AL$2:AL$38)-AL31)/AVERAGE(AL$2:AL$38)*100+100 -> 85.091381 | U31: =(AVERAGE(AM$2:AM$38)-AM31)/AVERAGE(AM$2:AM$38)*100+100 -> 85.806068 | V31: =(AVERAGE(AN$2:AN$38)-AN31)/AVERAGE(AN$2:AN$38)*100+100 -> 86.515715 | W31: =(AVERAGE(AO$2:AO$38)-AO31)/AVERAGE(AO$2:AO$38)*100+100 -> 105.2383 | X31: =(AVERAGE(AP$2:AP$38)-AP31)/AVERAGE(AP$2:AP$38)*100+100 -> 99.001453 | Y31: =(AVERAGE(AQ$2:AQ$38)-AQ31)/AVERAGE(AQ$2:AQ$38)*100+100 -> 90.336305 | Z31: =(AT31-AVERAGE(AT$2:AT$38))/AVERAGE(AT$2:AT$38)*100+100 -> 81.174562 | AA31: =(AVERAGE(AU$2:AU$38)-AU31)/AVERAGE(AU$2:AU$38)*100+100 -> 106.46543 | AB31: =(AVERAGE(AV$2:AV$38)-AV31)/AVERAGE(AV$2:AV$38)*100+100 -> 91.517554 | AC31: =(AVERAGE(AW$2:AW$38)-AW31)/AVERAGE(AW$2:AW$38)*100+100 -> 95.033875 | AD31: =(AX31-AVERAGE(AX$2:AX$38))/AVERAGE(AX$2:AX$38)*100+100 -> 74.030746 | AF31: =P14_Relievers!G20 -> 3.3647059 | AG31: =P14_Relievers!H20 -> 2.9355742 | AH31: =P14_Relievers!I20 -> 24.094118 | AI31: =P14_Relievers!J20 -> 5.9276377 | AJ31: =AH31+AI31 -> 30.021755 | AK31: =P14_Relievers!K20 -> 3 | AL31: =P14_Relievers!L20 -> 59.742186 | AM31: =P14_Relievers!M20 -> 30.059043 | AN31: =P14_Relievers!N20 -> 27.496452 | AO31: =P14_Relievers!O20 -> 6.4224566 | AP31: =P14_Relievers!P20 -> 1.4722923 | AQ31: =P14_Relievers!Q20 -> 3.1052266 | AR31: =P14_Relievers!R20 -> 62.495403 | AS31: =P14_Relievers!S20 -> 22.58205 | AT31: =AR31/$E31*9 -> 8.4364576 | AU31: =AS31/$E31*9 -> 3.0484244 | AV31: =AN31/$E31*9 -> 3.7118354 | AW31: =(AS31+AL31)/E31 -> 1.2348018 | AX31: =(AR31-AS31)/F31 -> 0.14254769
A32: Tyler Rogers | B32: =P14_Relievers!B24 -> TOR | C32: =P14_Relievers!C24 -> RP | D32: =P14_Relievers!D24 -> 68 | E32: 69 | F32: =P14_Relievers!F24 -> 286 | G32: =(P32-P$39)/P$40 -> 0.56565059 | H32: =(AB32-AB$39)/AB$40 -> -0.75042062 | I32: =(AC32-AC$39)/AC$40 -> -0.52433294 | J32: =(Z32-Z$39)/Z$40 -> -2.6535799 | K32: =(AA32-AA$39)/AA$40 -> 2.1489605 | L32: =(R32-R$39)/R$40 -> -0.98487822 | M32: =(AD32-AD$39)/AD$40 -> -1.9473794 | N32: =G32+H32+I32+J32+K32+L32+M32*2 -> -6.0933594 | P32: =(AF32-AVERAGE(AF$2:AF$38))/AVERAGE(AF$2:AF$38)*100+100 -> 107.36536 | Q32: =(AVERAGE(AG$2:AG$38)-AG32)/AVERAGE(AG$2:AG$38)*100+100 -> 100.18648 | R32: =(AJ32-AVERAGE(AJ$2:AJ$38))/AVERAGE(AJ$2:AJ$38)*100+100 -> 79.714204 | S32: =(AVERAGE(AK$2:AK$38)-AK32)/AVERAGE(AK$2:AK$38)*100+100 -> 126.49007 | T32: =(AVERAGE(AL$2:AL$38)-AL32)/AVERAGE(AL$2:AL$38)*100+100 -> 70.349591 | U32: =(AVERAGE(AM$2:AM$38)-AM32)/AVERAGE(AM$2:AM$38)*100+100 -> 81.563844 | V32: =(AVERAGE(AN$2:AN$38)-AN32)/AVERAGE(AN$2:AN$38)*100+100 -> 81.658101 | W32: =(AVERAGE(AO$2:AO$38)-AO32)/AVERAGE(AO$2:AO$38)*100+100 -> 92.591975 | X32: =(AVERAGE(AP$2:AP$38)-AP32)/AVERAGE(AP$2:AP$38)*100+100 -> 120.06746 | Y32: =(AVERAGE(AQ$2:AQ$38)-AQ32)/AVERAGE(AQ$2:AQ$38)*100+100 -> 92.924945 | Z32: =(AT32-AVERAGE(AT$2:AT$38))/AVERAGE(AT$2:AT$38)*100+100 -> 60.099885 | AA32: =(AVERAGE(AU$2:AU$38)-AU32)/AVERAGE(AU$2:AU$38)*100+100 -> 134.0144 | AB32: =(AVERAGE(AV$2:AV$38)-AV32)/AVERAGE(AV$2:AV$38)*100+100 -> 90.69409 | AC32: =(AVERAGE(AW$2:AW$38)-AW32)/AVERAGE(AW$2:AW$38)*100+100 -> 96.644154 | AD32: =(AX32-AVERAGE(AX$2:AX$38))/AVERAGE(AX$2:AX$38)*100+100 -> 57.017826 | AF32: =P14_Relievers!G24 -> 3.9567568 | AG32: =P14_Relievers!H24 -> 3.1540541 | AH32: =P14_Relievers!I24 -> 1.9675676 | AI32: =P14_Relievers!J24 -> 20.062162 | AJ32: =AH32+AI32 -> 22.02973 | AK32: =P14_Relievers!K24 -> 3 | AL32: =P14_Relievers!L24 -> 67.406596 | AM32: =P14_Relievers!M24 -> 31.175715 | AN32: =P14_Relievers!N24 -> 28.673418 | AO32: =P14_Relievers!O24 -> 7.2795593 | AP32: =P14_Relievers!P24 -> 1.1652055 | AQ32: =P14_Relievers!Q24 -> 3.0319269 | AR32: =P14_Relievers!R24 -> 47.887305 | AS32: =P14_Relievers!S24 -> 16.48766 | AT32: =AR32/$E32*9 -> 6.2461702 | AU32: =AS32/$E32*9 -> 2.1505643 | AV32: =AN32/$E32*9 -> 3.740011 | AW32: =(AS32+AL32)/E32 -> 1.2158588 | AX32: =(AR32-AS32)/F32 -> 0.10978897
A33: Kenley Jansen | B33: =P14_Relievers!B15 -> DET | C33: =P14_Relievers!C15 -> RP | D33: =P14_Relievers!D15 -> 55 | E33: 56 | F33: =P14_Relievers!F15 -> 233 | G33: =(P33-P$39)/P$40 -> -0.78560511 | H33: =(AB33-AB$39)/AB$40 -> -1.6060134 | I33: =(AC33-AC$39)/AC$40 -> -0.73260801 | J33: =(Z33-Z$39)/Z$40 -> -0.910691 | K33: =(AA33-AA$39)/AA$40 -> -0.10058147 | L33: =(R33-R$39)/R$40 -> -0.41689575 | M33: =(AD33-AD$39)/AD$40 -> -0.97494621 | N33: =G33+H33+I33+J33+K33+L33+M33*2 -> -6.5022871 | P33: =(AF33-AVERAGE(AF$2:AF$38))/AVERAGE(AF$2:AF$38)*100+100 -> 89.770597 | Q33: =(AVERAGE(AG$2:AG$38)-AG33)/AVERAGE(AG$2:AG$38)*100+100 -> 100.47706 | R33: =(AJ33-AVERAGE(AJ$2:AJ$38))/AVERAGE(AJ$2:AJ$38)*100+100 -> 91.413089 | S33: =(AVERAGE(AK$2:AK$38)-AK33)/AVERAGE(AK$2:AK$38)*100+100 -> 126.49007 | T33: =(AVERAGE(AL$2:AL$38)-AL33)/AVERAGE(AL$2:AL$38)*100+100 -> 106.97573 | U33: =(AVERAGE(AM$2:AM$38)-AM33)/AVERAGE(AM$2:AM$38)*100+100 -> 94.822069 | V33: =(AVERAGE(AN$2:AN$38)-AN33)/AVERAGE(AN$2:AN$38)*100+100 -> 94.631416 | W33: =(AVERAGE(AO$2:AO$38)-AO33)/AVERAGE(AO$2:AO$38)*100+100 -> 82.518473 | X33: =(AVERAGE(AP$2:AP$38)-AP33)/AVERAGE(AP$2:AP$38)*100+100 -> 119.94922 | Y33: =(AVERAGE(AQ$2:AQ$38)-AQ33)/AVERAGE(AQ$2:AQ$38)*100+100 -> 144.86078 | Z33: =(AT33-AVERAGE(AT$2:AT$38))/AVERAGE(AT$2:AT$38)*100+100 -> 86.306545 | AA33: =(AVERAGE(AU$2:AU$38)-AU33)/AVERAGE(AU$2:AU$38)*100+100 -> 98.407966 | AB33: =(AVERAGE(AV$2:AV$38)-AV33)/AVERAGE(AV$2:AV$38)*100+100 -> 80.083949 | AC33: =(AVERAGE(AW$2:AW$38)-AW33)/AVERAGE(AW$2:AW$38)*100+100 -> 95.311148 | AD33: =(AX33-AVERAGE(AX$2:AX$38))/AVERAGE(AX$2:AX$38)*100+100 -> 78.48118 | AF33: =P14_Relievers!G15 -> 3.3083333 | AG33: =P14_Relievers!H15 -> 3.1448718 | AH33: =P14_Relievers!I15 -> 21.816667 | AI33: =P14_Relievers!J15 -> 3.4461538 | AJ33: =AH33+AI33 -> 25.262821 | AK33: =P14_Relievers!K15 -> 3 | AL33: =P14_Relievers!L15 -> 48.364286 | AM33: =P14_Relievers!M15 -> 27.685779 | AN33: =P14_Relievers!N15 -> 25.530074 | AO33: =P14_Relievers!O15 -> 7.9622891 | AP33: =P14_Relievers!P15 -> 1.1669291 | AQ33: =P14_Relievers!Q15 -> 1.5613169 | AR33: =P14_Relievers!R15 -> 55.812237 | AS33: =P14_Relievers!S15 -> 20.601955 | AT33: =AR33/$E33*9 -> 8.9698238 | AU33: =AS33/$E33*9 -> 3.3110285 | AV33: =AN33/$E33*9 -> 4.1030476 | AW33: =(AS33+AL33)/E33 -> 1.23154 | AX33: =(AR33-AS33)/F33 -> 0.15111709
A34: Carlos Estevez | B34: =P14_Relievers!B12 -> KC | C34: =P14_Relievers!C12 -> RP | D34: =P14_Relievers!D12 -> 63 | E34: 64.67 | F34: =P14_Relievers!F12 -> 273 | G34: =(P34-P$39)/P$40 -> -0.5336658 | H34: =(AB34-AB$39)/AB$40 -> -1.7309894 | I34: =(AC34-AC$39)/AC$40 -> -1.3013693 | J34: =(Z34-Z$39)/Z$40 -> -1.5649909 | K34: =(AA34-AA$39)/AA$40 -> -0.11095802 | L34: =(R34-R$39)/R$40 -> 1.0509046 | M34: =(AD34-AD$39)/AD$40 -> -1.6626477 | N34: =G34+H34+I34+J34+K34+L34+M34*2 -> -7.5163642 | P34: =(AF34-AVERAGE(AF$2:AF$38))/AVERAGE(AF$2:AF$38)*100+100 -> 93.051111 | Q34: =(AVERAGE(AG$2:AG$38)-AG34)/AVERAGE(AG$2:AG$38)*100+100 -> 74.139276 | R34: =(AJ34-AVERAGE(AJ$2:AJ$38))/AVERAGE(AJ$2:AJ$38)*100+100 -> 121.64576 | S34: =(AVERAGE(AK$2:AK$38)-AK34)/AVERAGE(AK$2:AK$38)*100+100 -> 77.483444 | T34: =(AVERAGE(AL$2:AL$38)-AL34)/AVERAGE(AL$2:AL$38)*100+100 -> 87.320994 | U34: =(AVERAGE(AM$2:AM$38)-AM34)/AVERAGE(AM$2:AM$38)*100+100 -> 78.341211 | V34: =(AVERAGE(AN$2:AN$38)-AN34)/AVERAGE(AN$2:AN$38)*100+100 -> 76.74546 | W34: =(AVERAGE(AO$2:AO$38)-AO34)/AVERAGE(AO$2:AO$38)*100+100 -> 82.874593 | X34: =(AVERAGE(AP$2:AP$38)-AP34)/AVERAGE(AP$2:AP$38)*100+100 -> 30.022685 | Y34: =(AVERAGE(AQ$2:AQ$38)-AQ34)/AVERAGE(AQ$2:AQ$38)*100+100 -> 106.25085 | Z34: =(AT34-AVERAGE(AT$2:AT$38))/AVERAGE(AT$2:AT$38)*100+100 -> 76.468272 | AA34: =(AVERAGE(AU$2:AU$38)-AU34)/AVERAGE(AU$2:AU$38)*100+100 -> 98.243723 | AB34: =(AVERAGE(AV$2:AV$38)-AV34)/AVERAGE(AV$2:AV$38)*100+100 -> 78.534131 | AC34: =(AVERAGE(AW$2:AW$38)-AW34)/AVERAGE(AW$2:AW$38)*100+100 -> 91.670951 | AD34: =(AX34-AVERAGE(AX$2:AX$38))/AVERAGE(AX$2:AX$38)*100+100 -> 63.302369 | AF34: =P14_Relievers!G12 -> 3.4292308 | AG34: =P14_Relievers!H12 -> 3.9771317 | AH34: =P14_Relievers!I12 -> 31.609231 | AI34: =P14_Relievers!J12 -> 2.0086571 | AJ34: =AH34+AI34 -> 33.617888 | AK34: =P14_Relievers!K12 -> 5 | AL34: =P14_Relievers!L12 -> 58.582987 | AM34: =P14_Relievers!M12 -> 32.024002 | AN34: =P14_Relievers!N12 -> 29.863716 | AO34: =P14_Relievers!O12 -> 7.9381531 | AP34: =P14_Relievers!P12 -> 2.4778207 | AQ34: =P14_Relievers!Q12 -> 2.654592 | AR34: =P14_Relievers!R12 -> 57.106009 | AS34: =P14_Relievers!S12 -> 23.830043 | AT34: =AR34/$E34*9 -> 7.9473338 | AU34: =AS34/$E34*9 -> 3.3163814 | AV34: =AN34/$E34*9 -> 4.1560762 | AW34: =(AS34+AL34)/E34 -> 1.2743626 | AX34: =(AR34-AS34)/F34 -> 0.12188998
A35: Seranthony Dominguez | B35: =P14_Relievers!B34 -> CWS | C35: =P14_Relievers!C34 -> RP | D35: =P14_Relievers!D34 -> 62 | E35: 61.67 | F35: =P14_Relievers!F34 -> 262 | G35: =(P35-P$39)/P$40 -> -1.0874412 | H35: =(AB35-AB$39)/AB$40 -> -1.2507348 | I35: =(AC35-AC$39)/AC$40 -> -1.6643501 | J35: =(Z35-Z$39)/Z$40 -> -0.16458433 | K35: =(AA35-AA$39)/AA$40 -> -1.9467566 | L35: =(R35-R$39)/R$40 -> -0.16302086 | M35: =(AD35-AD$39)/AD$40 -> -0.91691897 | N35: =G35+H35+I35+J35+K35+L35+M35*2 -> -8.1107258 | P35: =(AF35-AVERAGE(AF$2:AF$38))/AVERAGE(AF$2:AF$38)*100+100 -> 85.840374 | Q35: =(AVERAGE(AG$2:AG$38)-AG35)/AVERAGE(AG$2:AG$38)*100+100 -> 83.763357 | R35: =(AJ35-AVERAGE(AJ$2:AJ$38))/AVERAGE(AJ$2:AJ$38)*100+100 -> 96.642216 | S35: =(AVERAGE(AK$2:AK$38)-AK35)/AVERAGE(AK$2:AK$38)*100+100 -> 77.483444 | T35: =(AVERAGE(AL$2:AL$38)-AL35)/AVERAGE(AL$2:AL$38)*100+100 -> 101.78787 | U35: =(AVERAGE(AM$2:AM$38)-AM35)/AVERAGE(AM$2:AM$38)*100+100 -> 89.186142 | V35: =(AVERAGE(AN$2:AN$38)-AN35)/AVERAGE(AN$2:AN$38)*100+100 -> 88.226116 | W35: =(AVERAGE(AO$2:AO$38)-AO35)/AVERAGE(AO$2:AO$38)*100+100 -> 85.162528 | X35: =(AVERAGE(AP$2:AP$38)-AP35)/AVERAGE(AP$2:AP$38)*100+100 -> 131.70764 | Y35: =(AVERAGE(AQ$2:AQ$38)-AQ35)/AVERAGE(AQ$2:AQ$38)*100+100 -> 108.78619 | Z35: =(AT35-AVERAGE(AT$2:AT$38))/AVERAGE(AT$2:AT$38)*100+100 -> 97.525255 | AA35: =(AVERAGE(AU$2:AU$38)-AU35)/AVERAGE(AU$2:AU$38)*100+100 -> 69.186146 | AB35: =(AVERAGE(AV$2:AV$38)-AV35)/AVERAGE(AV$2:AV$38)*100+100 -> 84.489732 | AC35: =(AVERAGE(AW$2:AW$38)-AW35)/AVERAGE(AW$2:AW$38)*100+100 -> 89.347794 | AD35: =(AX35-AVERAGE(AX$2:AX$38))/AVERAGE(AX$2:AX$38)*100+100 -> 79.761946 | AF35: =P14_Relievers!G34 -> 3.1634921 | AG35: =P14_Relievers!H34 -> 3.6730159 | AH35: =P14_Relievers!I34 -> 20.736508 | AI35: =P14_Relievers!J34 -> 5.9714286 | AJ35: =AH35+AI35 -> 26.707937 | AK35: =P14_Relievers!K34 -> 5 | AL35: =P14_Relievers!L34 -> 51.061506 | AM35: =P14_Relievers!M34 -> 29.169312 | AN35: =P14_Relievers!N34 -> 27.082033 | AO35: =P14_Relievers!O34 -> 7.7830887 | AP35: =P14_Relievers!P34 -> 0.99552239 | AQ35: =P14_Relievers!Q34 -> 2.5828015 | AR35: =P14_Relievers!R34 -> 69.452632 | AS35: =P14_Relievers!S34 -> 29.213826 | AT35: =AR35/$E35*9 -> 10.135782 | AU35: =AS35/$E35*9 -> 4.2634091 | AV35: =AN35/$E35*9 -> 3.9522993 | AW35: =(AS35+AL35)/E35 -> 1.3016918 | AX35: =(AR35-AS35)/F35 -> 0.15358323
A36: Kirby Yates | B36: =P14_Relievers!B31 -> LAA | C36: =P14_Relievers!C31 -> RP | D36: =P14_Relievers!D31 -> 55 | E36: 56.33 | F36: =P14_Relievers!F31 -> 239 | G36: =(P36-P$39)/P$40 -> -1.5062905 | H36: =(AB36-AB$39)/AB$40 -> -1.2727404 | I36: =(AC36-AC$39)/AC$40 -> -1.3704127 | J36: =(Z36-Z$39)/Z$40 -> 0.25618566 | K36: =(AA36-AA$39)/AA$40 -> -1.9289354 | L36: =(R36-R$39)/R$40 -> -1.5572896 | M36: =(AD36-AD$39)/AD$40 -> -0.50134188 | N36: =G36+H36+I36+J36+K36+L36+M36*2 -> -8.3821666 | P36: =(AF36-AVERAGE(AF$2:AF$38))/AVERAGE(AF$2:AF$38)*100+100 -> 80.386517 | Q36: =(AVERAGE(AG$2:AG$38)-AG36)/AVERAGE(AG$2:AG$38)*100+100 -> 68.423787 | R36: =(AJ36-AVERAGE(AJ$2:AJ$38))/AVERAGE(AJ$2:AJ$38)*100+100 -> 67.924097 | S36: =(AVERAGE(AK$2:AK$38)-AK36)/AVERAGE(AK$2:AK$38)*100+100 -> 150.99338 | T36: =(AVERAGE(AL$2:AL$38)-AL36)/AVERAGE(AL$2:AL$38)*100+100 -> 112.57916 | U36: =(AVERAGE(AM$2:AM$38)-AM36)/AVERAGE(AM$2:AM$38)*100+100 -> 97.008266 | V36: =(AVERAGE(AN$2:AN$38)-AN36)/AVERAGE(AN$2:AN$38)*100+100 -> 97.66341 | W36: =(AVERAGE(AO$2:AO$38)-AO36)/AVERAGE(AO$2:AO$38)*100+100 -> 96.837929 | X36: =(AVERAGE(AP$2:AP$38)-AP36)/AVERAGE(AP$2:AP$38)*100+100 -> 200 | Y36: =(AVERAGE(AQ$2:AQ$38)-AQ36)/AVERAGE(AQ$2:AQ$38)*100+100 -> 84.465599 | Z36: =(AT36-AVERAGE(AT$2:AT$38))/AVERAGE(AT$2:AT$38)*100+100 -> 103.85209 | AA36: =(AVERAGE(AU$2:AU$38)-AU36)/AVERAGE(AU$2:AU$38)*100+100 -> 69.468225 | AB36: =(AVERAGE(AV$2:AV$38)-AV36)/AVERAGE(AV$2:AV$38)*100+100 -> 84.216843 | AC36: =(AVERAGE(AW$2:AW$38)-AW36)/AVERAGE(AW$2:AW$38)*100+100 -> 91.229058 | AD36: =(AX36-AVERAGE(AX$2:AX$38))/AVERAGE(AX$2:AX$38)*100+100 -> 88.934481 | AF36: =P14_Relievers!G31 -> 2.9625 | AG36: =P14_Relievers!H31 -> 4.1577381 | AH36: =P14_Relievers!I31 -> 7.9857143 | AI36: =P14_Relievers!J31 -> 10.785714 | AJ36: =AH36+AI36 -> 18.771429 | AK36: =P14_Relievers!K31 -> 2 | AL36: =P14_Relievers!L31 -> 45.451005 | AM36: =P14_Relievers!M31 -> 27.11031 | AN36: =P14_Relievers!N31 -> 24.795443 | AO36: =P14_Relievers!O31 -> 6.9917906 | AP36: =P14_Relievers!P31 -> 0 | AQ36: =P14_Relievers!Q31 -> 3.2714609 | AR36: =P14_Relievers!R31 -> 67.55425 | AS36: =P14_Relievers!S31 -> 26.626663 | AT36: =AR36/$E36*9 -> 10.793329 | AU36: =AS36/$E36*9 -> 4.2542157 | AV36: =AN36/$E36*9 -> 3.9616365 | AW36: =(AS36+AL36)/E36 -> 1.279561 | AX36: =(AR36-AS36)/F36 -> 0.17124513
A37: Riley O'Brien | B37: =P14_Relievers!B38 -> STL | C37: =P14_Relievers!C38 -> RP | D37: =P14_Relievers!D38 -> 61 | E37: 63.33 | F37: =P14_Relievers!F38 -> 275 | G37: =(P37-P$39)/P$40 -> -1.5670711 | H37: =(AB37-AB$39)/AB$40 -> -0.90936351 | I37: =(AC37-AC$39)/AC$40 -> -1.7568933 | J37: =(Z37-Z$39)/Z$40 -> -0.61812942 | K37: =(AA37-AA$39)/AA$40 -> -1.5729666 | L37: =(R37-R$39)/R$40 -> -0.082612562 | M37: =(AD37-AD$39)/AD$40 -> -1.305709 | N37: =G37+H37+I37+J37+K37+L37+M37*2 -> -9.1184545 | P37: =(AF37-AVERAGE(AF$2:AF$38))/AVERAGE(AF$2:AF$38)*100+100 -> 79.595088 | Q37: =(AVERAGE(AG$2:AG$38)-AG37)/AVERAGE(AG$2:AG$38)*100+100 -> 122.31487 | R37: =(AJ37-AVERAGE(AJ$2:AJ$38))/AVERAGE(AJ$2:AJ$38)*100+100 -> 98.298407 | S37: =(AVERAGE(AK$2:AK$38)-AK37)/AVERAGE(AK$2:AK$38)*100+100 -> 77.483444 | T37: =(AVERAGE(AL$2:AL$38)-AL37)/AVERAGE(AL$2:AL$38)*100+100 -> 95.685744 | U37: =(AVERAGE(AM$2:AM$38)-AM37)/AVERAGE(AM$2:AM$38)*100+100 -> 90.086244 | V37: =(AVERAGE(AN$2:AN$38)-AN37)/AVERAGE(AN$2:AN$38)*100+100 -> 89.424096 | W37: =(AVERAGE(AO$2:AO$38)-AO37)/AVERAGE(AO$2:AO$38)*100+100 -> 113.399 | X37: =(AVERAGE(AP$2:AP$38)-AP37)/AVERAGE(AP$2:AP$38)*100+100 -> 62.0387 | Y37: =(AVERAGE(AQ$2:AQ$38)-AQ37)/AVERAGE(AQ$2:AQ$38)*100+100 -> -21.739325 | Z37: =(AT37-AVERAGE(AT$2:AT$38))/AVERAGE(AT$2:AT$38)*100+100 -> 90.705599 | AA37: =(AVERAGE(AU$2:AU$38)-AU37)/AVERAGE(AU$2:AU$38)*100+100 -> 75.102608 | AB37: =(AVERAGE(AV$2:AV$38)-AV37)/AVERAGE(AV$2:AV$38)*100+100 -> 88.723052 | AC37: =(AVERAGE(AW$2:AW$38)-AW37)/AVERAGE(AW$2:AW$38)*100+100 -> 88.755498 | AD37: =(AX37-AVERAGE(AX$2:AX$38))/AVERAGE(AX$2:AX$38)*100+100 -> 71.180649 | AF37: =P14_Relievers!G38 -> 2.9333333 | AG37: =P14_Relievers!H38 -> 2.4548086 | AH37: =P14_Relievers!I38 -> 15.898413 | AI37: =P14_Relievers!J38 -> 11.267227 | AJ37: =AH37+AI37 -> 27.16564 | AK37: =P14_Relievers!K38 -> 5 | AL37: =P14_Relievers!L38 -> 54.234066 | AM37: =P14_Relievers!M38 -> 28.93238 | AN37: =P14_Relievers!N38 -> 26.791771 | AO37: =P14_Relievers!O38 -> 5.8693668 | AP37: =P14_Relievers!P38 -> 2.0111117 | AQ37: =P14_Relievers!Q38 -> 6.2787492 | AR37: =P14_Relievers!R38 -> 66.334774 | AS37: =P14_Relievers!S38 -> 28.643337 | AT37: =AR37/$E37*9 -> 9.4270166 | AU37: =AS37/$E37*9 -> 4.0705832 | AV37: =AN37/$E37*9 -> 3.8074521 | AW37: =(AS37+AL37)/E37 -> 1.3086595 | AX37: =(AR37-AS37)/F37 -> 0.13705977
A38: Kyle Finnegan | B38: =P14_Relievers!B27 -> DET | C38: =P14_Relievers!C27 -> RP | D38: =P14_Relievers!D27 -> 59 | E38: 61 | F38: =P14_Relievers!F27 -> 256 | G38: =(P38-P$39)/P$40 -> -0.76064161 | H38: =(AB38-AB$39)/AB$40 -> -1.1973525 | I38: =(AC38-AC$39)/AC$40 -> -1.6665309 | J38: =(Z38-Z$39)/Z$40 -> -1.3262989 | K38: =(AA38-AA$39)/AA$40 -> -0.019731818 | L38: =(R38-R$39)/R$40 -> -1.6002036 | M38: =(AD38-AD$39)/AD$40 -> -1.3840728 | N38: =G38+H38+I38+J38+K38+L38+M38*2 -> -9.338905 | P38: =(AF38-AVERAGE(AF$2:AF$38))/AVERAGE(AF$2:AF$38)*100+100 -> 90.095648 | Q38: =(AVERAGE(AG$2:AG$38)-AG38)/AVERAGE(AG$2:AG$38)*100+100 -> 74.112506 | R38: =(AJ38-AVERAGE(AJ$2:AJ$38))/AVERAGE(AJ$2:AJ$38)*100+100 -> 67.040187 | S38: =(AVERAGE(AK$2:AK$38)-AK38)/AVERAGE(AK$2:AK$38)*100+100 -> 77.483444 | T38: =(AVERAGE(AL$2:AL$38)-AL38)/AVERAGE(AL$2:AL$38)*100+100 -> 89.876246 | U38: =(AVERAGE(AM$2:AM$38)-AM38)/AVERAGE(AM$2:AM$38)*100+100 -> 89.615087 | V38: =(AVERAGE(AN$2:AN$38)-AN38)/AVERAGE(AN$2:AN$38)*100+100 -> 90.074075 | W38: =(AVERAGE(AO$2:AO$38)-AO38)/AVERAGE(AO$2:AO$38)*100+100 -> 90.946057 | X38: =(AVERAGE(AP$2:AP$38)-AP38)/AVERAGE(AP$2:AP$38)*100+100 -> 84.963153 | Y38: =(AVERAGE(AQ$2:AQ$38)-AQ38)/AVERAGE(AQ$2:AQ$38)*100+100 -> 165.41663 | Z38: =(AT38-AVERAGE(AT$2:AT$38))/AVERAGE(AT$2:AT$38)*100+100 -> 80.057326 | AA38: =(AVERAGE(AU$2:AU$38)-AU38)/AVERAGE(AU$2:AU$38)*100+100 -> 99.687679 | AB38: =(AVERAGE(AV$2:AV$38)-AV38)/AVERAGE(AV$2:AV$38)*100+100 -> 85.151721 | AC38: =(AVERAGE(AW$2:AW$38)-AW38)/AVERAGE(AW$2:AW$38)*100+100 -> 89.333836 | AD38: =(AX38-AVERAGE(AX$2:AX$38))/AVERAGE(AX$2:AX$38)*100+100 -> 69.451019 | AF38: =P14_Relievers!G27 -> 3.3203125 | AG38: =P14_Relievers!H27 -> 3.9779776 | AH38: =P14_Relievers!I27 -> 5.5375 | AI38: =P14_Relievers!J27 -> 12.989652 | AJ38: =AH38+AI38 -> 18.527152 | AK38: =P14_Relievers!K27 -> 5 | AL38: =P14_Relievers!L27 -> 57.254485 | AM38: =P14_Relievers!M27 -> 29.056402 | AN38: =P14_Relievers!N27 -> 26.634286 | AO38: =P14_Relievers!O27 -> 7.3911111 | AP38: =P14_Relievers!P27 -> 1.6769337 | AQ38: =P14_Relievers!Q27 -> 0.97925926 | AR38: =P14_Relievers!R27 -> 56.393439 | AS38: =P14_Relievers!S27 -> 22.15873 | AT38: =AR38/$E38*9 -> 8.3203435 | AU38: =AS38/$E38*9 -> 3.2693208 | AV38: =AN38/$E38*9 -> 3.9296487 | AW38: =(AS38+AL38)/E38 -> 1.301856 | AX38: =(AR38-AS38)/F38 -> 0.13372933
A39: Mean | P39: =AVERAGE(P2:P38) -> 100 | Q39: =AVERAGE(Q2:Q38) -> 100 | R39: =AVERAGE(R2:R38) -> 100 | S39: =AVERAGE(S2:S38) -> 100 | T39: =AVERAGE(T2:T38) -> 100 | U39: =AVERAGE(U2:U38) -> 100 | V39: =AVERAGE(V2:V38) -> 100 | W39: =AVERAGE(W2:W38) -> 100 | ... AD39: =AVERAGE(AD2:AD38) -> 100
A40: Standard Deviation | P40: =STDEV(P2:P38) -> 13.02105 | Q40: =STDEV(Q2:Q38) -> 24.7278 | R40: =STDEV(R2:R38) -> 20.597263 | S40: =STDEV(S2:S38) -> 29.662829 | T40: =STDEV(T2:T38) -> 11.630306 | U40: =STDEV(U2:U38) -> 12.344146 | V40: =STDEV(V2:V38) -> 12.594964 | W40: =STDEV(W2:W38) -> 18.999548 | ... AD40: =STDEV(AD2:AD38) -> 22.071802

Sheet 2026_Fantasy_Relievers
A1: Name | B1: Team | C1: Position | D1: G | E1: IP | F1: TBF | G1: W | H1: L | I1: SV | J1: HLD | K1: BS | L1: H | M1: R | N1: ER | O1: HR | P1: IBB | Q1: HBP | R1: K | S1: BB | T1: K/9 | U1: BB/9 | V1: K-BB% | W1: ERA | X1: WHIP | Z1: W% | AA1: L% | AB1: SV% | AC1: HLD% | AD1: BS% | AE1: H% | AF1: R% | AG1: ER% | AH1: HR% | AI1: IBB% | AJ1: HBP% | AK1: K% | AL1: BB%
A2: Mason Miller | B2: SD | C2: RP | D2: 59 | E2: 64.67 | F2: 254 | G2: =$D2*Z2 -> 3 | H2: =$D2*AA2 -> 2 | I2: =$D2*AB2 -> 31.503818 | J2: =$D2*AC2 -> 2.5575758 | K2: =$D2*AD2 -> 4 | L2: =$F2*AE2 -> 38.323127 | M2: =$F2*AF2 -> 17.690521 | N2: =$F2*AG2 -> 16.707926 | O2: =$F2*AH2 -> 5.9093643 | P2: =$F2*AI2 -> 1.9770095 | Q2: =$F2*AJ2 -> 2.9477867 | R2: =$F2*AK2 -> 97.423086 | S2: =$F2*AL2 -> 24.258134 | T2: =R2/$E2*9 -> 13.558184 | U2: =S2/$E2*9 -> 3.375958 | V2: =AK2-AL2 -> 0.28805099 | W2: =N2/$E2*9 -> 2.32521 | X2: =(S2+L2)/E2 -> 0.96770158 | Z2: 0.050847458 | AA2: 0.033898305 | AB2: 0.5339630200308166 | AC2: 0.043348742 | AD2: 0.06779661 | AE2: 0.15087845320403453 | AF2: 0.069647721 | AG2: 0.065779234 | AH2: 0.023265214 | AI2: 0.0077835018 | AJ2: 0.011605459 | AK2: 0.38355546 | AL2: 0.095504464
A3: Edwin Diaz | B3: LAD | C3: RP | D3: 64 | E3: 65.67 | F3: 265 | G3: =$D3*Z3 -> 4 | H3: =$D3*AA3 -> 2 | I3: =$D3*AB3 -> 36.266727 | J3: =$D3*AC3 -> 2.9818182 | K3: =$D3*AD3 -> 5 | L3: =$F3*AE3 -> 47.677962 | M3: =$F3*AF3 -> 24.0725 | N3: =$F3*AG3 -> 22.105834 | O3: =$F3*AH3 -> 7.3774448 | P3: =$F3*AI3 -> 0.99038396 | Q3: =$F3*AJ3 -> 3.4389285 | R3: =$F3*AK3 -> 88.914618 | S3: =$F3*AL3 -> 23.406704 | T3: =R3/$E3*9 -> 12.185649 | U3: =S3/$E3*9 -> 3.2078626 | V3: =AK3-AL3 -> 0.24719967 | W3: =N3/$E3*9 -> 3.0295798 | X3: =(S3+L3)/E3 -> 1.0824526 | Z3: 0.0625 | AA3: 0.03125 | AB3: 0.5666676136363636 | AC3: 0.046590909 | AD3: 0.078125 | AE3: 0.17991683648179763 | AF3: 0.090839621 | AG3: 0.083418241 | AH3: 0.027839414189882263 | AI3: 0.0037372979 | AJ3: 0.012977089 | AK3: 0.3355268587612657 | AL3: 0.088327184
A4: Andres Munoz | B4: SEA | C4: RP | D4: 60 | E4: 61.67 | F4: 253 | G4: =$D4*Z4 -> 3.5 | H4: =$D4*AA4 -> 2.5 | I4: =$D4*AB4 -> 31.38525 | J4: =$D4*AC4 -> 2.9625 | K4: =$D4*AD4 -> 5 | L4: =$F4*AE4 -> 44.41694 | M4: =$F4*AF4 -> 20.252463 | N4: =$F4*AG4 -> 18.279146 | O4: =$F4*AH4 -> 4.9483794 | P4: =$F4*AI4 -> 1.9828321 | Q4: =$F4*AJ4 -> 3.4619595 | R4: =$F4*AK4 -> 76.839613 | S4: =$F4*AL4 -> 24.652852 | T4: =R4/$E4*9 -> 11.213824 | U4: =S4/$E4*9 -> 3.5977894 | V4: =AK4-AL4 -> 0.20627178 | W4: =N4/$E4*9 -> 2.6676231 | X4: =(S4+L4)/E4 -> 1.1199902 | Z4: 0.058333333 | AA4: 0.041666667 | AB4: 0.5230875 | AC4: 0.049375 | AD4: 0.083333333 | AE4: 0.17556102900930487 | AF4: 0.080049261 | AG4: 0.072249589 | AH4: 0.019558811941074068 | AI4: 0.0078372809 | AJ4: 0.013683634 | AK4: 0.30371388656321185 | AL4: 0.097442104
A5: Jhoan Duran | B5: PHI | C5: RP | D5: 65 | E5: 66.33 | F5: 271 | G5: =$D5*Z5 -> 4 | H5: =$D5*AA5 -> 3 | I5: =$D5*AB5 -> 30.945214 | J5: =$D5*AC5 -> 2.9571429 | K5: =$D5*AD5 -> 4 | L5: =$F5*AE5 -> 53.489454 | M5: =$F5*AF5 -> 22.888972 | N5: =$F5*AG5 -> 20.945421 | O5: =$F5*AH5 -> 4.6916098 | P5: =$F5*AI5 -> 1.9759553 | Q5: =$F5*AJ5 -> 3.4116638 | R5: =$F5*AK5 -> 75.69481 | S5: =$F5*AL5 -> 20.921793 | T5: =R5/$E5*9 -> 10.270666 | U5: =S5/$E5*9 -> 2.8387778 | V5: =AK5-AL5 -> 0.20211445 | W5: =N5/$E5*9 -> 2.8419839 | X5: =(S5+L5)/E5 -> 1.121834 | Z5: 0.061538462 | AA5: 0.046153846 | AB5: 0.47608021978021975 | AC5: 0.045494505 | AD5: 0.061538462 | AE5: 0.19737806053595525 | AF5: 0.084461153 | AG5: 0.077289377 | AH5: 0.017312213 | AI5: 0.0072913479 | AJ5: 0.012589165 | AK5: 0.27931664102066117 | AL5: 0.077202187
A6: Cade Smith | B6: CLE | C6: RP | D6: 67 | E6: 69 | F6: 277 | G6: =$D6*Z6 -> 4 | H6: =$D6*AA6 -> 2.5 | I6: =$D6*AB6 -> 30.207857 | J6: =$D6*AC6 -> 3.5742857 | K6: =$D6*AD6 -> 5 | L6: =$F6*AE6 -> 51.694303 | M6: =$F6*AF6 -> 22.92621 | N6: =$F6*AG6 -> 21.464881 | O6: =$F6*AH6 -> 5.6612216 | P6: =$F6*AI6 -> 1.9760511 | Q6: =$F6*AJ6 -> 3.4154919 | R6: =$F6*AK6 -> 87.124798 | S6: =$F6*AL6 -> 21.386145 | T6: =R6/$E6*9 -> 11.364104 | U6: =S6/$E6*9 -> 2.7894972 | V6: =AK6-AL6 -> 0.23732366 | W6: =N6/$E6*9 -> 2.7997671 | X6: =(S6+L6)/E6 -> 1.0591369 | Z6: 0.059701492537313355 | AA6: 0.037313433 | AB6: 0.45086353944562896 | AC6: 0.053347548 | AD6: 0.074626866 | AE6: 0.18662203211208228 | AF6: 0.082766103 | AG6: 0.077490546 | AH6: 0.020437623 | AI6: 0.0071337584 | AJ6: 0.012330295703924049 | AK6: 0.31452996 | AL6: 0.077206301
A7: David Bednar | B7: NYY | C7: RP | D7: 62 | E7: 63.67 | F7: 259 | G7: =$D7*Z7 -> 3.5 | H7: =$D7*AA7 -> 3 | I7: =$D7*AB7 -> 31.127815 | J7: =$D7*AC7 -> 3.1815385 | K7: =$D7*AD7 -> 4 | L7: =$F7*AE7 -> 48.585497 | M7: =$F7*AF7 -> 24.540833 | N7: =$F7*AG7 -> 22.578458 | O7: =$F7*AH7 -> 6.8734166 | P7: =$F7*AI7 -> 1.9819695 | Q7: =$F7*AJ7 -> 2.9435619 | R7: =$F7*AK7 -> 75.610396 | S7: =$F7*AL7 -> 21.99103 | T7: =R7/$E7*9 -> 10.687821 | U7: =S7/$E7*9 -> 3.1085169 | V7: =AK7-AL7 -> 0.20702458 | W7: =N7/$E7*9 -> 3.1915521 | X7: =(S7+L7)/E7 -> 1.1084738 | Z7: 0.056451613 | AA7: 0.048387097 | AB7: 0.5020615384615384 | AC7: 0.051315136476426736 | AD7: 0.064516129 | AE7: 0.18758878987472555 | AF7: 0.094752249 | AG7: 0.087175513 | AH7: 0.026538288119886413 | AI7: 0.0076523917 | AJ7: 0.011365104 | AK7: 0.29193203077433993 | AL7: 0.084907451
A8: Aroldis Chapman | B8: BOS | C8: RP | D8: 57 | E8: 57.33 | F8: 234 | G8: =$D8*Z8 -> 3.5 | H8: =$D8*AA8 -> 2.5 | I8: =$D8*AB8 -> 29.4705 | J8: =$D8*AC8 -> 2.5677419 | K8: =$D8*AD8 -> 4 | L8: =$F8*AE8 -> 39.229412 | M8: =$F8*AF8 -> 20.388971 | N8: =$F8*AG8 -> 18.955147 | O8: =$F8*AH8 -> 5.2227304 | P8: =$F8*AI8 -> 0.9753125 | Q8: =$F8*AJ8 -> 2.3514706 | R8: =$F8*AK8 -> 77.864704 | S8: =$F8*AL8 -> 25.702109 | T8: =R8/$E8*9 -> 12.223658 | U8: =S8/$E8*9 -> 4.034868 | V8: =AK8-AL8 -> 0.22291707 | W8: =N8/$E8*9 -> 2.9756903 | X8: =(S8+L8)/E8 -> 1.1325924 | Z8: 0.061403509 | AA8: 0.043859649 | AB8: 0.5170263157894737 | AC8: 0.045048104 | AD8: 0.070175439 | AE8: 0.16764705882352937 | AF8: 0.087132353 | AG8: 0.081004902 | AH8: 0.022319360815192212 | AI8: 0.0041680021 | AJ8: 0.01004902 | AK8: 0.33275514705882353 | AL8: 0.10983807318202868
A9: Devin Williams | B9: NYM | C9: RP | D9: 64 | E9: 64.33 | F9: 263 | G9: =$D9*Z9 -> 4 | H9: =$D9*AA9 -> 3 | I9: =$D9*AB9 -> 30.636 | J9: =$D9*AC9 -> 4.2 | K9: =$D9*AD9 -> 4 | L9: =$F9*AE9 -> 45.412293 | M9: =$F9*AF9 -> 22.44951 | N9: =$F9*AG9 -> 20.453241 | O9: =$F9*AH9 -> 6.0074845 | P9: =$F9*AI9 -> 0.99548021 | Q9: =$F9*AJ9 -> 2.9944044 | R9: =$F9*AK9 -> 83.478654 | S9: =$F9*AL9 -> 26.876424 | T9: =R9/$E9*9 -> 11.678966 | U9: =S9/$E9*9 -> 3.7601091 | V9: =AK9-AL9 -> 0.2152176 | W9: =N9/$E9*9 -> 2.8614825 | X9: =(S9+L9)/E9 -> 1.123717 | Z9: 0.0625 | AA9: 0.046875 | AB9: 0.47868750000000004 | AC9: 0.065625 | AD9: 0.0625 | AE9: 0.1726703154256085 | AF9: 0.085359355 | AG9: 0.077768976 | AH9: 0.022842147 | AI9: 0.0037850959 | AJ9: 0.011385568 | AK9: 0.3174093305126097 | AL9: 0.10219172732114325
A10: Josh Hader | B10: HOU | C10: RP | D10: 53 | E10: 56 | F10: 225 | G10: =$D10*Z10 -> 3.5 | H10: =$D10*AA10 -> 2.5 | I10: =$D10*AB10 -> 27.603682 | J10: =$D10*AC10 -> 1.9212121 | K10: =$D10*AD10 -> 3 | L10: =$F10*AE10 -> 38.120063 | M10: =$F10*AF10 -> 21.411486 | N10: =$F10*AG10 -> 19.586257 | O10: =$F10*AH10 -> 7.3214242 | P10: =$F10*AI10 -> 0.96081149 | Q10: =$F10*AJ10 -> 2.7378441 | R10: =$F10*AK10 -> 75.75674 | S10: =$F10*AL10 -> 21.433665 | T10: =R10/$E10*9 -> 12.17519 | U10: =S10/$E10*9 -> 3.4446962 | V10: =AK10-AL10 -> 0.24143589 | W10: =N10/$E10*9 -> 3.1477913 | X10: =(S10+L10)/E10 -> 1.0634594 | Z10: 0.066037736 | AA10: 0.047169811 | AB10: 0.5208241852487135 | AC10: 0.036249285 | AD10: 0.056603774 | AE10: 0.1694225013492959 | AF10: 0.095162161 | AG10: 0.08705003 | AH10: 0.032539663 | AI10: 0.0042702733 | AJ10: 0.012168195868701201 | AK10: 0.3366966233256464 | AL10: 0.095260734
A11: Raisel Iglesias | B11: ATL | C11: RP | D11: 62 | E11: 63.67 | F11: 260 | G11: =$D11*Z11 -> 3 | H11: =$D11*AA11 -> 2.5 | I11: =$D11*AB11 -> 25.449273 | J11: =$D11*AC11 -> 3.9515152 | K11: =$D11*AD11 -> 4 | L11: =$F11*AE11 -> 55.906359 | M11: =$F11*AF11 -> 28.679944 | N11: =$F11*AG11 -> 26.735849 | O11: =$F11*AH11 -> 8.0943396 | P11: =$F11*AI11 -> 1.1711512 | Q11: =$F11*AJ11 -> 2.4255765 | R11: =$F11*AK11 -> 66.32727 | S11: =$F11*AL11 -> 17.412805 | T11: =R11/$E11*9 -> 9.3756154 | U11: =S11/$E11*9 -> 2.4613671 | V11: =AK11-AL11 -> 0.18813256 | W11: =N11/$E11*9 -> 3.7792154 | X11: =(S11+L11)/E11 -> 1.1515496 | Z11: 0.048387097 | AA11: 0.040322581 | AB11: 0.4104721407624633 | AC11: 0.063734115 | AD11: 0.064516129 | AE11: 0.2150244584206848 | AF11: 0.11030747728860935 | AG11: 0.10283018867924526 | AH11: 0.031132075471698085 | AI11: 0.0045044278 | AJ11: 0.0093291405 | AK11: 0.25510488630865985 | AL11: 0.066972327
A12: Carlos Estevez | B12: KC | C12: RP | D12: 63 | E12: 64.67 | F12: 273 | G12: =$D12*Z12 -> 3.5 | H12: =$D12*AA12 -> 3 | I12: =$D12*AB12 -> 31.317369 | J12: =$D12*AC12 -> 1.9876923 | K12: =$D12*AD12 -> 5 | L12: =$F12*AE12 -> 61.442446 | M12: =$F12*AF12 -> 35.194245 | N12: =$F12*AG12 -> 32.71223 | O12: =$F12*AH12 -> 8.8559069 | P12: =$F12*AI12 -> 2.4778207 | Q12: =$F12*AJ12 -> 2.9730216 | R12: =$F12*AK12 -> 56.268615 | S12: =$F12*AL12 -> 23.844553 | T12: =R12/$E12*9 -> 7.8307954 | U12: =S12/$E12*9 -> 3.3184007 | V12: =AK12-AL12 -> 0.11876946 | W12: =N12/$E12*9 -> 4.5524984 | X12: =(S12+L12)/E12 -> 1.3188031 | Z12: 0.055555555555555504 | AA12: 0.047619047619047554 | AB12: 0.4971010989010989 | AC12: 0.031550671550671504 | AD12: 0.079365079 | AE12: 0.22506390492001999 | AF12: 0.1289166469022584 | AG12: 0.1198250191055946 | AH12: 0.032439219 | AI12: 0.0090762664 | AJ12: 0.010890189 | AK12: 0.20611214325243096 | AL12: 0.087342684
A13: Ryan Helsley | B13: BAL | C13: RP | D13: 61 | E13: 63.33 | F13: 264 | G13: =$D13*Z13 -> 3.5 | H13: =$D13*AA13 -> 3 | I13: =$D13*AB13 -> 27.248766 | J13: =$D13*AC13 -> 3.3625 | K13: =$D13*AD13 -> 7 | L13: =$F13*AE13 -> 51.112782 | M13: =$F13*AF13 -> 26.796992 | N13: =$F13*AG13 -> 24.81203 | O13: =$F13*AH13 -> 7.4541353 | P13: =$F13*AI13 -> 1.69325 | Q13: =$F13*AJ13 -> 2.481203 | R13: =$F13*AK13 -> 70.24297 | S13: =$F13*AL13 -> 23.520316 | T13: =R13/$E13*9 -> 9.9824211 | U13: =S13/$E13*9 -> 3.3425366 | V13: =AK13-AL13 -> 0.17697975 | W13: =N13/$E13*9 -> 3.5261056 | X13: =(S13+L13)/E13 -> 1.1784794 | Z13: 0.057377049 | AA13: 0.049180328 | AB13: 0.4467010758196721 | AC13: 0.055122950819672084 | AD13: 0.1147540983606557 | AE13: 0.1936090225563909 | AF13: 0.10150375939849621 | AG13: 0.093984962 | AH13: 0.028235361 | AI13: 0.0064138257 | AJ13: 0.0093984962 | AK13: 0.2660718557758031 | AL13: 0.089092105
A14: Jeff Hoffman | B14: TOR | C14: RP | D14: 61 | E14: 62 | F14: 256 | G14: =$D14*Z14 -> 3.5 | H14: =$D14*AA14 -> 3 | I14: =$D14*AB14 -> 25.699143 | J14: =$D14*AC14 -> 3.9746032 | K14: =$D14*AD14 -> 4 | L14: =$F14*AE14 -> 49.624993 | M14: =$F14*AF14 -> 27.512644 | N14: =$F14*AG14 -> 25.547185 | O14: =$F14*AH14 -> 8.0752597 | P14: =$F14*AI14 -> 1.1850926 | Q14: =$F14*AJ14 -> 2.9481874 | R14: =$F14*AK14 -> 72.421582 | S14: =$F14*AL14 -> 23.400235 | T14: =R14/$E14*9 -> 10.51281 | U14: =S14/$E14*9 -> 3.3968082 | V14: =AK14-AL14 -> 0.19148964 | W14: =N14/$E14*9 -> 3.7084624 | X14: =(S14+L14)/E14 -> 1.1778262 | Z14: 0.057377049 | AA14: 0.049180328 | AB14: 0.42129742388758784 | AC14: 0.065157429 | AD14: 0.06557377 | AE14: 0.19384762746831705 | AF14: 0.10747126436781605 | AG14: 0.099793693 | AH14: 0.031543983 | AI14: 0.0046292678 | AJ14: 0.011516357 | AK14: 0.2828968045424403 | AL14: 0.091407166
A15: Kenley Jansen | B15: DET | C15: RP | D15: 55 | E15: 56 | F15: 233 | G15: =$D15*Z15 -> 3 | H15: =$D15*AA15 -> 2.5 | I15: =$D15*AB15 -> 21.67275 | J15: =$D15*AC15 -> 3.3333333 | K15: =$D15*AD15 -> 3 | L15: =$F15*AE15 -> 45.8 | M15: =$F15*AF15 -> 26.514 | N15: =$F15*AG15 -> 24.116 | O15: =$F15*AH15 -> 8.2143757 | P15: =$F15*AI15 -> 1.1669291 | Q15: =$F15*AJ15 -> 2.398 | R15: =$F15*AK15 -> 56.560716 | S15: =$F15*AL15 -> 20.562656 | T15: =R15/$E15*9 -> 9.0901151 | U15: =S15/$E15*9 -> 3.3047125 | V15: =AK15-AL15 -> 0.15449811 | W15: =N15/$E15*9 -> 3.8757857 | X15: =(S15+L15)/E15 -> 1.1850474 | Z15: 0.054545454545454494 | AA15: 0.045454545 | AB15: 0.39405 | AC15: 0.060606060606060566 | AD15: 0.054545455 | AE15: 0.1965665236051502 | AF15: 0.11379399 | AG15: 0.10350214592274676 | AH15: 0.035254831 | AI15: 0.0050082795 | AJ15: 0.010291845493562199 | AK15: 0.2427498540772532 | AL15: 0.088251741
A16: Trevor Megill | B16: MIL | C16: RP | D16: 61 | E16: 64 | F16: 263 | G16: =$D16*Z16 -> 3.5 | H16: =$D16*AA16 -> 2.5 | I16: =$D16*AB16 -> 16.7055 | J16: =$D16*AC16 -> 7.6636364 | K16: =$D16*AD16 -> 6 | L16: =$F16*AE16 -> 50.113555 | M16: =$F16*AF16 -> 26.508909 | N16: =$F16*AG16 -> 24.582144 | O16: =$F16*AH16 -> 7.7057055 | P16: =$F16*AI16 -> 1.965495 | Q16: =$F16*AJ16 -> 2.8901487 | R16: =$F16*AK16 -> 76.960639 | S16: =$F16*AL16 -> 23.306358 | T16: =R16/$E16*9 -> 10.82259 | U16: =S16/$E16*9 -> 3.2774567 | V16: =AK16-AL16 -> 0.20400867 | W16: =N16/$E16*9 -> 3.4568639 | X16: =(S16+L16)/E16 -> 1.1471861 | Z16: 0.057377049 | AA16: 0.040983607 | AB16: 0.27386065573770485 | AC16: 0.12563338301043214 | AD16: 0.098360656 | AE16: 0.19054583512237006 | AF16: 0.1007943323314727 | AG16: 0.093468227 | AH16: 0.02929926 | AI16: 0.0074733652 | AJ16: 0.010989158437097399 | AK16: 0.29262600546588147 | AL16: 0.088617332
A17: Emilio Pagan | B17: CIN | C17: RP | D17: 63 | E17: 65 | F17: 267 | G17: =$D17*Z17 -> 3 | H17: =$D17*AA17 -> 2.5 | I17: =$D17*AB17 -> 25.898318 | J17: =$D17*AC17 -> 3.9636364 | K17: =$D17*AD17 -> 5 | L17: =$F17*AE17 -> 53.59415 | M17: =$F17*AF17 -> 30.975289 | N17: =$F17*AG17 -> 28.515812 | O17: =$F17*AH17 -> 10.672802 | P17: =$F17*AI17 -> 0.98657163 | Q17: =$F17*AJ17 -> 2.9502862 | R17: =$F17*AK17 -> 71.129666 | S17: =$F17*AL17 -> 22.857411 | T17: =R17/$E17*9 -> 9.848723 | U17: =S17/$E17*9 -> 3.1648723 | V17: =AK17-AL17 -> 0.18079496 | W17: =N17/$E17*9 -> 3.9483431 | X17: =(S17+L17)/E17 -> 1.1761779 | Z17: 0.047619048 | AA17: 0.03968254 | AB17: 0.4110844155844156 | AC17: 0.062914863 | AD17: 0.079365079 | AE17: 0.20072715433036675 | AF17: 0.1160123182114174 | AG17: 0.10680079227262859 | AH17: 0.039973041 | AI17: 0.0036950248 | AJ17: 0.011049761 | AK17: 0.26640324521429287 | AL17: 0.085608281
A18: Daniel Palencia | B18: CHC | C18: RP | D18: 62 | E18: 64.67 | F18: 273 | G18: =$D18*Z18 -> 3 | H18: =$D18*AA18 -> 2.5 | I18: =$D18*AB18 -> 28.558478 | J18: =$D18*AC18 -> 3.9402985 | K18: =$D18*AD18 -> 4 | L18: =$F18*AE18 -> 50.763963 | M18: =$F18*AF18 -> 26.152534 | N18: =$F18*AG18 -> 24.180773 | O18: =$F18*AH18 -> 6.3993273 | P18: =$F18*AI18 -> 1.188337 | Q18: =$F18*AJ18 -> 3.4594806 | R18: =$F18*AK18 -> 75.143128 | S18: =$F18*AL18 -> 27.079277 | T18: =R18/$E18*9 -> 10.457525 | U18: =S18/$E18*9 -> 3.768571 | V18: =AK18-AL18 -> 0.17605806 | W18: =N18/$E18*9 -> 3.3651918 | X18: =(S18+L18)/E18 -> 1.2036994 | Z18: 0.048387097 | AA18: 0.040322581 | AB18: 0.4606206066441983 | AC18: 0.063553202 | AD18: 0.064516129 | AE18: 0.18594858156028365 | AF18: 0.095796829 | AG18: 0.088574259 | AH18: 0.023440759282436302 | AI18: 0.0043528827 | AJ18: 0.01267209 | AK18: 0.2752495512935125 | AL18: 0.099191489
A19: Pete Fairbanks | B19: MIA | C19: RP | D19: 61 | E19: 63 | F19: 261 | G19: =$D19*Z19 -> 3 | H19: =$D19*AA19 -> 3 | I19: =$D19*AB19 -> 26.161984 | J19: =$D19*AC19 -> 3.9870968 | K19: =$D19*AD19 -> 5 | L19: =$F19*AE19 -> 53.695312 | M19: =$F19*AF19 -> 27.094815 | N19: =$F19*AG19 -> 24.576882 | O19: =$F19*AH19 -> 5.8326859 | P19: =$F19*AI19 -> 0.99813531 | Q19: =$F19*AJ19 -> 3.0122514 | R19: =$F19*AK19 -> 63.79114 | S19: =$F19*AL19 -> 22.835328 | T19: =R19/$E19*9 -> 9.11302 | U19: =S19/$E19*9 -> 3.2621897 | V19: =AK19-AL19 -> 0.15691882 | W19: =N19/$E19*9 -> 3.5109832 | X19: =(S19+L19)/E19 -> 1.2147721 | Z19: 0.049180328 | AA19: 0.049180328 | AB19: 0.4288849814912744 | AC19: 0.065362242 | AD19: 0.081967213 | AE19: 0.20572916666666663 | AF19: 0.10381155 | AG19: 0.094164299 | AH19: 0.022347455533596808 | AI19: 0.0038242732 | AJ19: 0.011541193181818149 | AK19: 0.2444104991183385 | AL19: 0.087491678
A20: Dennis Santana | B20: PIT | C20: RP | D20: 64 | E20: 66.67 | F20: 280 | G20: =$D20*Z20 -> 3.5 | H20: =$D20*AA20 -> 2.5 | I20: =$D20*AB20 -> 24.132706 | J20: =$D20*AC20 -> 6.1411765 | K20: =$D20*AD20 -> 3 | L20: =$F20*AE20 -> 60.913031 | M20: =$F20*AF20 -> 32.910962 | N20: =$F20*AG20 -> 30.453068 | O20: =$F20*AH20 -> 6.8036009 | P20: =$F20*AI20 -> 1.4722923 | Q20: =$F20*AJ20 -> 3.4369152 | R20: =$F20*AK20 -> 61.216374 | S20: =$F20*AL20 -> 22.4993 | T20: =R20/$E20*9 -> 8.2637973 | U20: =S20/$E20*9 -> 3.0372536 | V20: =AK20-AL20 -> 0.13827527 | W20: =N20/$E20*9 -> 4.1109586 | X20: =(S20+L20)/E20 -> 1.2511224 | Z20: 0.0546875 | AA20: 0.0390625 | AB20: 0.37707352941176475 | AC20: 0.095955882 | AD20: 0.046875 | AE20: 0.21754653796907308 | AF20: 0.11753915098985515 | AG20: 0.1087609573525066 | AH20: 0.024298575 | AI20: 0.0052581868 | AJ20: 0.012274697 | AK20: 0.21862990812004893 | AL20: 0.080354642
A21: Robert Suarez | B21: ATL | C21: RP | D21: 64 | E21: 66.33 | F21: 273 | G21: =$D21*Z21 -> 4 | H21: =$D21*AA21 -> 3.5 | I21: =$D21*AB21 -> 9.8707164 | J21: =$D21*AC21 -> 12.701493 | K21: =$D21*AD21 -> 5 | L21: =$F21*AE21 -> 57.713106 | M21: =$F21*AF21 -> 29.828083 | N21: =$F21*AG21 -> 27.870993 | O21: =$F21*AH21 -> 8.1270473 | P21: =$F21*AI21 -> 1.9757239 | Q21: =$F21*AJ21 -> 2.9356347 | R21: =$F21*AK21 -> 68.620259 | S21: =$F21*AL21 -> 21.382561 | T21: =R21/$E21*9 -> 9.3107543 | U21: =S21/$E21*9 -> 2.9012972 | V21: =AK21-AL21 -> 0.17303186 | W21: =N21/$E21*9 -> 3.7816816 | X21: =(S21+L21)/E21 -> 1.1924569 | Z21: 0.0625 | AA21: 0.0546875 | AB21: 0.15422994402985074 | AC21: 0.19846082089552242 | AD21: 0.078125 | AE21: 0.2114033171884836 | AF21: 0.10926037745545175 | AG21: 0.1020915502909927 | AH21: 0.029769404 | AI21: 0.0072370839 | AJ21: 0.010753241 | AK21: 0.25135626125997024 | AL21: 0.078324398
A22: Ryan Walker | B22: SF | C22: RP | D22: 60 | E22: 62 | F22: 261 | G22: =$D22*Z22 -> 3.5 | H22: =$D22*AA22 -> 3 | I22: =$D22*AB22 -> 24.546857 | J22: =$D22*AC22 -> 4.952381 | K22: =$D22*AD22 -> 4 | L22: =$F22*AE22 -> 56.132989 | M22: =$F22*AF22 -> 27.076 | N22: =$F22*AG22 -> 25.10616 | O22: =$F22*AH22 -> 5.7043575 | P22: =$F22*AI22 -> 0.99359754 | Q22: =$F22*AJ22 -> 3.4453606 | R22: =$F22*AK22 -> 64.289599 | S22: =$F22*AL22 -> 20.032664 | T22: =R22/$E22*9 -> 9.3323612 | U22: =S22/$E22*9 -> 2.9079674 | V22: =AK22-AL22 -> 0.1695668 | W22: =N22/$E22*9 -> 3.6444426 | X22: =(S22+L22)/E22 -> 1.2284783 | Z22: 0.058333333 | AA22: 0.05 | AB22: 0.4091142857142857 | AC22: 0.082539683 | AD22: 0.066666667 | AE22: 0.21506892230576435 | AF22: 0.10373946229209385 | AG22: 0.096192185 | AH22: 0.021855775803144212 | AI22: 0.0038068871 | AJ22: 0.013200615 | AK22: 0.2463203031088693 | AL22: 0.076753503
A23: Matt Strahm | B23: KC | C23: RP | D23: 62 | E23: 64.33 | F23: 262 | G23: =$D23*Z23 -> 3.5 | H23: =$D23*AA23 -> 2.5 | I23: =$D23*AB23 -> 1.6448182 | J23: =$D23*AC23 -> 17.993939 | K23: =$D23*AD23 -> 3 | L23: =$F23*AE23 -> 54.14749 | M23: =$F23*AF23 -> 29.75059 | N23: =$F23*AG23 -> 27.315443 | O23: =$F23*AH23 -> 8.219166 | P23: =$F23*AI23 -> 1.1765796 | Q23: =$F23*AJ23 -> 2.9276281 | R23: =$F23*AK23 -> 67.839518 | S23: =$F23*AL23 -> 19.431436 | T23: =R23/$E23*9 -> 9.4909943 | U23: =S23/$E23*9 -> 2.7185283 | V23: =AK23-AL23 -> 0.18476367 | W23: =N23/$E23*9 -> 3.8215294 | X23: =(S23+L23)/E23 -> 1.1437732 | Z23: 0.056451613 | AA23: 0.040322581 | AB23: 0.026529325513196443 | AC23: 0.29022482893450635 | AD23: 0.048387097 | AE23: 0.20666981105901278 | AF23: 0.11355186860139274 | AG23: 0.10425741475459865 | AH23: 0.031370862580806236 | AI23: 0.0044907619 | AJ23: 0.011174153 | AK23: 0.2589294578803562 | AL23: 0.074165788
A24: Tyler Rogers | B24: TOR | C24: RP | D24: 68 | E24: 69 | F24: 286 | G24: =$D24*Z24 -> 3.5 | H24: =$D24*AA24 -> 3 | I24: =$D24*AB24 -> 1.944 | J24: =$D24*AC24 -> 20.708108 | K24: =$D24*AD24 -> 3 | L24: =$F24*AE24 -> 65.996126 | M24: =$F24*AF24 -> 30.332644 | N24: =$F24*AG24 -> 27.942622 | O24: =$F24*AH24 -> 6.7343009 | P24: =$F24*AI24 -> 1.1652055 | Q24: =$F24*AJ24 -> 2.8953223 | R24: =$F24*AK24 -> 47.913518 | S24: =$F24*AL24 -> 16.320338 | T24: =R24/$E24*9 -> 6.2495893 | U24: =S24/$E24*9 -> 2.1287398 | V24: =AK24-AL24 -> 0.11046566 | W24: =N24/$E24*9 -> 3.6446898 | X24: =(S24+L24)/E24 -> 1.1929922 | Z24: 0.051470588 | AA24: 0.044117647 | AB24: 0.028588235 | AC24: 0.3045310015898251 | AD24: 0.044117647 | AE24: 0.23075568381943576 | AF24: 0.10605819594832575 | AG24: 0.097701476 | AH24: 0.023546507 | AI24: 0.0040741452 | AJ24: 0.010123504 | AK24: 0.16752978215471825 | AL24: 0.05706412
A25: Luke Weaver | B25: NYM | C25: RP | D25: 60 | E25: 67.67 | F25: 280 | G25: =$D25*Z25 -> 3.5 | H25: =$D25*AA25 -> 3 | I25: =$D25*AB25 -> 4.5228358 | J25: =$D25*AC25 -> 16.707463 | K25: =$D25*AD25 -> 3 | L25: =$F25*AE25 -> 58.166264 | M25: =$F25*AF25 -> 32.040915 | N25: =$F25*AG25 -> 29.57436 | O25: =$F25*AH25 -> 9.8453909 | P25: =$F25*AI25 -> 1.3926016 | Q25: =$F25*AJ25 -> 2.9577832 | R25: =$F25*AK25 -> 70.270638 | S25: =$F25*AL25 -> 22.68025 | T25: =R25/$E25*9 -> 9.3458806 | U25: =S25/$E25*9 -> 3.0164364 | V25: =AK25-AL25 -> 0.16996567 | W25: =N25/$E25*9 -> 3.9333418 | X25: =(S25+L25)/E25 -> 1.1947172 | Z25: 0.058333333 | AA25: 0.05 | AB25: 0.075380597 | AC25: 0.27845771 | AD25: 0.05 | AE25: 0.20773665612795233 | AF25: 0.11443183931560344 | AG25: 0.10562271402888845 | AH25: 0.03516211 | AI25: 0.0049735772 | AJ25: 0.010563511251627251 | AK25: 0.2509665646005473 | AL25: 0.081000893
A26: Alex Vesia | B26: LAD | C26: RP | D26: 62 | E26: 61.67 | F26: 254 | G26: =$D26*Z26 -> 3.5 | H26: =$D26*AA26 -> 2 | I26: =$D26*AB26 -> 1.670459 | J26: =$D26*AC26 -> 20.459016 | K26: =$D26*AD26 -> 3 | L26: =$F26*AE26 -> 44.763536 | M26: =$F26*AF26 -> 25.65059 | N26: =$F26*AG26 -> 23.638701 | O26: =$F26*AH26 -> 8.3745465 | P26: =$F26*AI26 -> 2.0000926 | Q26: =$F26*AJ26 -> 3.0178336 | R26: =$F26*AK26 -> 77.563491 | S26: =$F26*AL26 -> 25.207979 | T26: =R26/$E26*9 -> 11.319465 | U26: =S26/$E26*9 -> 3.6788035 | V26: =AK26-AL26 -> 0.20612406 | W26: =N26/$E26*9 -> 3.4497861 | X26: =(S26+L26)/E26 -> 1.1346119 | Z26: 0.056451613 | AA26: 0.032258065 | AB26: 0.026942887 | AC26: 0.32998413537810684 | AD26: 0.048387097 | AE26: 0.17623439362569793 | AF26: 0.10098657381266074 | AG26: 0.093065751 | AH26: 0.032970655 | AI26: 0.0078743805 | AJ26: 0.011881235 | AK26: 0.3053680735560229 | AL26: 0.099244012
A27: Kyle Finnegan | B27: DET | C27: RP | D27: 59 | E27: 61 | F27: 256 | G27: =$D27*Z27 -> 3 | H27: =$D27*AA27 -> 3 | I27: =$D27*AB27 -> 5.2239375 | J27: =$D27*AC27 -> 12.796875 | K27: =$D27*AD27 -> 5 | L27: =$F27*AE27 -> 55.301292 | M27: =$F27*AF27 -> 28.631869 | N27: =$F27*AG27 -> 26.691473 | O27: =$F27*AH27 -> 6.9810164 | P27: =$F27*AI27 -> 1.6769337 | Q27: =$F27*AJ27 -> 2.4144703 | R27: =$F27*AK27 -> 58.024375 | S27: =$F27*AL27 -> 22.417067 | T27: =R27/$E27*9 -> 8.5609734 | U27: =S27/$E27*9 -> 3.3074361 | V27: =AK27-AL27 -> 0.13909105 | W27: =N27/$E27*9 -> 3.9380862 | X27: =(S27+L27)/E27 -> 1.2740715 | Z27: 0.050847458 | AA27: 0.050847458 | AB27: 0.088541314 | AC27: 0.21689618644067793 | AD27: 0.084745763 | AE27: 0.2160206718346253 | AF27: 0.11184323858742459 | AG27: 0.10426356589147284 | AH27: 0.027269595 | AI27: 0.0065505222 | AJ27: 0.0094315245 | AK27: 0.22665771560077516 | AL27: 0.087566667
A28: Garrett Whitlock | B28: BOS | C28: RP | D28: 58 | E28: 64 | F28: 262 | G28: =$D28*Z28 -> 3.5 | H28: =$D28*AA28 -> 2.5 | I28: =$D28*AB28 -> 3.4917429 | J28: =$D28*AC28 -> 16.52 | K28: =$D28*AD28 -> 2 | L28: =$F28*AE28 -> 54.697232 | M28: =$F28*AF28 -> 25.692042 | N28: =$F28*AG28 -> 23.785467 | O28: =$F28*AH28 -> 6.181855 | P28: =$F28*AI28 -> 1.1601375 | Q28: =$F28*AJ28 -> 2.8598616 | R28: =$F28*AK28 -> 70.167363 | S28: =$F28*AL28 -> 18.151224 | T28: =R28/$E28*9 -> 9.8672855 | U28: =S28/$E28*9 -> 2.5525159 | V28: =AK28-AL28 -> 0.19853488 | W28: =N28/$E28*9 -> 3.3448313 | X28: =(S28+L28)/E28 -> 1.1382571 | Z28: 0.060344828 | AA28: 0.043103448 | AB28: 0.060202463054187166 | AC28: 0.2848275862068965 | AD28: 0.034482759 | AE28: 0.20876806043477109 | AF28: 0.098061227 | AG28: 0.090784226 | AH28: 0.023594866 | AI28: 0.0044280056 | AJ28: 0.010915502 | AK28: 0.26781436382366147 | AL28: 0.069279481
A29: Tyler Holton | B29: DET | C29: RP | D29: 61 | E29: 68 | F29: 277 | G29: =$D29*Z29 -> 3.5 | H29: =$D29*AA29 -> 2.5 | I29: =$D29*AB29 -> 0.948125 | J29: =$D29*AC29 -> 12.372222 | K29: =$D29*AD29 -> 2 | L29: =$F29*AE29 -> 60.95681 | M29: =$F29*AF29 -> 30.464849 | N29: =$F29*AG29 -> 28.05518 | O29: =$F29*AH29 -> 8.0024698 | P29: =$F29*AI29 -> 1.1633945 | Q29: =$F29*AJ29 -> 2.4096682 | R29: =$F29*AK29 -> 56.036755 | S29: =$F29*AL29 -> 18.082312 | T29: =R29/$E29*9 -> 7.4166294 | U29: =S29/$E29*9 -> 2.3932471 | V29: =AK29-AL29 -> 0.13701965 | W29: =N29/$E29*9 -> 3.7131856 | X29: =(S29+L29)/E29 -> 1.16234 | Z29: 0.057377049 | AA29: 0.040983607 | AB29: 0.015543032786885205 | AC29: 0.20282331511839705 | AD29: 0.032786885 | AE29: 0.22006068614496155 | AF29: 0.1099814026329956 | AG29: 0.1012822395145108 | AH29: 0.028889782683769547 | AI29: 0.0041999803 | AJ29: 0.0086991631 | AK29: 0.20229875567607503 | AL29: 0.065279103
A30: Adrian Morejon | B30: SD | C30: RP | D30: 65 | E30: 66.33 | F30: 274 | G30: =$D30*Z30 -> 4.5 | H30: =$D30*AA30 -> 3 | I30: =$D30*AB30 -> 2.9529265 | J30: =$D30*AC30 -> 15.285294 | K30: =$D30*AD30 -> 2 | L30: =$F30*AE30 -> 55.734043 | M30: =$F30*AF30 -> 25.659574 | N30: =$F30*AG30 -> 23.687943 | O30: =$F30*AH30 -> 6.2205674 | P30: =$F30*AI30 -> 1.4886525 | Q30: =$F30*AJ30 -> 2.4574468 | R30: =$F30*AK30 -> 66.899936 | S30: =$F30*AL30 -> 22.32517 | T30: =R30/$E30*9 -> 9.0773319 | U30: =S30/$E30*9 -> 3.0291954 | V30: =AK30-AL30 -> 0.16268163 | W30: =N30/$E30*9 -> 3.2141036 | X30: =(S30+L30)/E30 -> 1.1768312 | Z30: 0.069230769 | AA30: 0.046153846 | AB30: 0.045429638 | AC30: 0.23515837104072393 | AD30: 0.030769231 | AE30: 0.2034089144277061 | AF30: 0.093648082 | AG30: 0.086452348 | AH30: 0.022702801 | AI30: 0.0054330383 | AJ30: 0.008968784 | AK30: 0.24416035098617794 | AL30: 0.081478723
A31: Will Vest | B31: DET | C31: RP | D31: 61 | E31: 64 | F31: 265 | G31: =$D31*Z31 -> 3 | H31: =$D31*AA31 -> 3 | I31: =$D31*AB31 -> 6.1556029 | J31: =$D31*AC31 -> 13.552941 | K31: =$D31*AD31 -> 5 | L31: =$F31*AE31 -> 56.313111 | M31: =$F31*AF31 -> 26.970557 | N31: =$F31*AG31 -> 25.04571 | O31: =$F31*AH31 -> 5.586596 | P31: =$F31*AI31 -> 1.1700973 | Q31: =$F31*AJ31 -> 2.8872696 | R31: =$F31*AK31 -> 63.888784 | S31: =$F31*AL31 -> 20.653085 | T31: =R31/$E31*9 -> 8.9843602 | U31: =S31/$E31*9 -> 2.9043401 | V31: =AK31-AL31 -> 0.16315358 | W31: =N31/$E31*9 -> 3.522053 | X31: =(S31+L31)/E31 -> 1.2025968 | Z31: 0.049180328 | AA31: 0.049180328 | AB31: 0.10091152362584374 | AC31: 0.22217936354869816 | AD31: 0.081967213 | AE31: 0.21250230694191774 | AF31: 0.10177568615043894 | AG31: 0.094512115 | AH31: 0.021081494 | AI31: 0.0044154617 | AJ31: 0.010895357 | AK31: 0.24108974911913367 | AL31: 0.07793617
A32: Kirby Yates | B32: LAA | C32: RP | D32: 55 | E32: 56.33 | F32: 239 | G32: =$D32*Z32 -> 2.5185185 | H32: =$D32*AA32 -> 2.5185185 | I32: =$D32*AB32 -> 7.696881 | J32: =$D32*AC32 -> 10.201587 | K32: =$D32*AD32 -> 2 | L32: =$F32*AE32 -> 45.689873 | M32: =$F32*AF32 -> 28.109705 | N32: =$F32*AG32 -> 26.101266 | O32: =$F32*AH32 -> 7.8381471 | P32: =$F32*AI32 -> 1.2016807 | Q32: =$F32*AJ32 -> 3.0126582 | R32: =$F32*AK32 -> 65.453468 | S32: =$F32*AL32 -> 26.606165 | T32: =R32/$E32*9 -> 10.457682 | U32: =S32/$E32*9 -> 4.2509406 | V32: =AK32-AL32 -> 0.16254102 | W32: =N32/$E32*9 -> 4.1702715 | X32: =(S32+L32)/E32 -> 1.2834376 | Z32: 0.045791246 | AA32: 0.045791246 | AB32: 0.13994329 | AC32: 0.18548340548340544 | AD32: 0.036363636 | AE32: 0.19117101848419044 | AF32: 0.11761382695125605 | AG32: 0.1092103172501456 | AH32: 0.032795594 | AI32: 0.0050279526 | AJ32: 0.012605264551665649 | AK32: 0.27386388432816056 | AL32: 0.11132286560732556
A33: Abner Uribe | B33: MIL | C33: RP | D33: 67 | E33: 68.67 | F33: 286 | G33: =$D33*Z33 -> 3.5 | H33: =$D33*AA33 -> 2.5 | I33: =$D33*AB33 -> 16.543625 | J33: =$D33*AC33 -> 12.902778 | K33: =$D33*AD33 -> 3 | L33: =$F33*AE33 -> 50.280715 | M33: =$F33*AF33 -> 23.934707 | N33: =$F33*AG33 -> 21.981669 | O33: =$F33*AH33 -> 4.3940302 | P33: =$F33*AI33 -> 1.9767174 | Q33: =$F33*AJ33 -> 3.427814 | R33: =$F33*AK33 -> 80.208254 | S33: =$F33*AL33 -> 31.640185 | T33: =R33/$E33*9 -> 10.512222 | U33: =S33/$E33*9 -> 4.1468132 | V33: =AK33-AL33 -> 0.16981842 | W33: =N33/$E33*9 -> 2.8809527 | X33: =(S33+L33)/E33 -> 1.1929649 | Z33: 0.052238805970149196 | AA33: 0.037313433 | AB33: 0.24691977611940297 | AC33: 0.19257877280265337 | AD33: 0.044776119 | AE33: 0.17580669595515824 | AF33: 0.083687786 | AG33: 0.076858984 | AH33: 0.015363741901387649 | AI33: 0.0069115991 | AJ33: 0.011985364 | AK33: 0.2804484391536353 | AL33: 0.11063001672240799
A34: Bryan Abreu | B34: HOU | C34: RP | D34: 65 | E34: 67.33 | F34: 279 | G34: =$D34*Z34 -> 3 | H34: =$D34*AA34 -> 2.5 | I34: =$D34*AB34 -> 6.9489265 | J34: =$D34*AC34 -> 17.085294 | K34: =$D34*AD34 -> 4 | L34: =$F34*AE34 -> 50.359073 | M34: =$F34*AF34 -> 26.159309 | N34: =$F34*AG34 -> 24.184032 | O34: =$F34*AH34 -> 6.7148927 | P34: =$F34*AI34 -> 0.99259065 | Q34: =$F34*AJ34 -> 3.4541126 | R34: =$F34*AK34 -> 87.857008 | S34: =$F34*AL34 -> 28.434171 | T34: =R34/$E34*9 -> 11.743845 | U34: =S34/$E34*9 -> 3.8007951 | V34: =AK34-AL34 -> 0.21298508 | W34: =N34/$E34*9 -> 3.2326792 | X34: =(S34+L34)/E34 -> 1.1702546 | Z34: 0.046153846 | AA34: 0.038461538 | AB34: 0.10690656108597281 | AC34: 0.2628506787330317 | AD34: 0.061538462 | AE34: 0.18049847125457363 | AF34: 0.093760964 | AG34: 0.086681119 | AH34: 0.024067716 | AI34: 0.0035576726 | AJ34: 0.012380332 | AK34: 0.31489966910867107 | AL34: 0.10191459074733092
A35: Seranthony Dominguez | B35: CWS | C35: RP | D35: 62 | E35: 61.67 | F35: 262 | G35: =$D35*Z35 -> 2.5 | H35: =$D35*AA35 -> 3 | I35: =$D35*AB35 -> 20.540286 | J35: =$D35*AC35 -> 5.9809524 | K35: =$D35*AD35 -> 5 | L35: =$F35*AE35 -> 49.440299 | M35: =$F35*AF35 -> 28.197761 | N35: =$F35*AG35 -> 25.731343 | O35: =$F35*AH35 -> 7.6230225 | P35: =$F35*AI35 -> 0.99552239 | Q35: =$F35*AJ35 -> 3.4664179 | R35: =$F35*AK35 -> 68.719769 | S35: =$F35*AL35 -> 29.010063 | T35: =R35/$E35*9 -> 10.02883 | U35: =S35/$E35*9 -> 4.2336723 | V35: =AK35-AL35 -> 0.15156376 | W35: =N35/$E35*9 -> 3.7551823 | X35: =(S35+L35)/E35 -> 1.2720993 | Z35: 0.040322581 | AA35: 0.048387097 | AB35: 0.33129493 | AC35: 0.096466974 | AD35: 0.080645161 | AE35: 0.1887034294177965 | AF35: 0.10762504272530475 | AG35: 0.098211234 | AH35: 0.029095505831337312 | AI35: 0.0037997038 | AJ35: 0.013230602711632601 | AK35: 0.26228919334624584 | AL35: 0.11072543182961589
A36: Griffin Jax | B36: TB | C36: RP | D36: 65 | E36: 65.67 | F36: 265 | G36: =$D36*Z36 -> 3.5 | H36: =$D36*AA36 -> 3 | I36: =$D36*AB36 -> 13.866716 | J36: =$D36*AC36 -> 12.340299 | K36: =$D36*AD36 -> 6 | L36: =$F36*AE36 -> 50.860226 | M36: =$F36*AF36 -> 22.992647 | N36: =$F36*AG36 -> 21.036901 | O36: =$F36*AH36 -> 6.07436 | P36: =$F36*AI36 -> 1.6827228 | Q36: =$F36*AJ36 -> 2.9336193 | R36: =$F36*AK36 -> 81.686659 | S36: =$F36*AL36 -> 18.556119 | T36: =R36/$E36*9 -> 11.195065 | U36: =S36/$E36*9 -> 2.5430953 | V36: =AK36-AL36 -> 0.23822846 | W36: =N36/$E36*9 -> 2.8830837 | X36: =(S36+L36)/E36 -> 1.057048 | Z36: 0.053846154 | AA36: 0.046153846 | AB36: 0.21333409873708378 | AC36: 0.18985074626865672 | AD36: 0.092307692 | AE36: 0.19192538126361655 | AF36: 0.086764706 | AG36: 0.079384532 | AH36: 0.022922113 | AI36: 0.0063498975 | AJ36: 0.011070261 | AK36: 0.3082515445800962 | AL36: 0.070023089
A37: Robert Garcia | B37: TEX | C37: RP | D37: 62 | E37: 61.67 | F37: 257 | G37: =$D37*Z37 -> 3.5 | H37: =$D37*AA37 -> 3 | I37: =$D37*AB37 -> 17.773875 | J37: =$D37*AC37 -> 7.7625 | K37: =$D37*AD37 -> 5 | L37: =$F37*AE37 -> 52.490857 | M37: =$F37*AF37 -> 27.223673 | N37: =$F37*AG37 -> 24.800566 | O37: =$F37*AH37 -> 6.8077317 | P37: =$F37*AI37 -> 1.9729607 | Q37: =$F37*AJ37 -> 2.4231072 | R37: =$F37*AK37 -> 65.308061 | S37: =$F37*AL37 -> 21.740894 | T37: =R37/$E37*9 -> 9.5309316 | U37: =S37/$E37*9 -> 3.1728239 | V37: =AK37-AL37 -> 0.16952205 | W37: =N37/$E37*9 -> 3.6193464 | X37: =(S37+L37)/E37 -> 1.2036931 | Z37: 0.056451613 | AA37: 0.048387097 | AB37: 0.2866754032258064 | AC37: 0.1252016129032258 | AD37: 0.080645161 | AE37: 0.20424458168925486 | AF37: 0.10592868988391375 | AG37: 0.096500257 | AH37: 0.026489228 | AI37: 0.00767689 | AJ37: 0.0094284325 | AK37: 0.2541169693261854 | AL37: 0.084594919
A38: Edwin Uceta | B38: TB | C38: RP | D38: 63 | E38: 68.33 | F38: 283 | G38: =$D38*Z38 -> 4 | H38: =$D38*AA38 -> 2.5 | I38: =$D38*AB38 -> 11.694176 | J38: =$D38*AC38 -> 13.838235 | K38: =$D38*AD38 -> 2 | L38: =$F38*AE38 -> 54.528852 | M38: =$F38*AF38 -> 29.460116 | N38: =$F38*AG38 -> 27.494743 | O38: =$F38*AH38 -> 9.3446506 | P38: =$F38*AI38 -> 1.9841088 | Q38: =$F38*AJ38 -> 3.4359899 | R38: =$F38*AK38 -> 80.964425 | S38: =$F38*AL38 -> 25.160876 | T38: =R38/$E38*9 -> 10.664127 | U38: =S38/$E38*9 -> 3.3140331 | V38: =AK38-AL38 -> 0.19718569 | W38: =N38/$E38*9 -> 3.6214355 | X38: =(S38+L38)/E38 -> 1.166248 | Z38: 0.063492063 | AA38: 0.03968254 | AB38: 0.18562184873949575 | AC38: 0.21965452847805783 | AD38: 0.031746032 | AE38: 0.19268145647455992 | AF38: 0.10409934892693509 | AG38: 0.09715457 | AH38: 0.033019967 | AI38: 0.0070109851 | AJ38: 0.012141306968893099 | AK38: 0.28609337509085286 | AL38: 0.088907687
A39: Riley O'Brien | B39: STL | C39: RP | D39: 61 | E39: 63.33 | F39: 275 | G39: =$D39*Z39 -> 3 | H39: =$D39*AA39 -> 2.5 | I39: =$D39*AB39 -> 15.814857 | J39: =$D39*AC39 -> 11.342857 | K39: =$D39*AD39 -> 5 | L39: =$F39*AE39 -> 55.407364 | M39: =$F39*AF39 -> 28.703642 | N39: =$F39*AG39 -> 26.688963 | O39: =$F39*AH39 -> 5.727493 | P39: =$F39*AI39 -> 2.0111117 | Q39: =$F39*AJ39 -> 4.0256682 | R39: =$F39*AK39 -> 65.929746 | S39: =$F39*AL39 -> 28.510676 | T39: =R39/$E39*9 -> 9.3694571 | U39: =S39/$E39*9 -> 4.0517304 | V39: =AK39-AL39 -> 0.13606935 | W39: =N39/$E39*9 -> 3.7928417 | X39: =(S39+L39)/E39 -> 1.3250914 | Z39: 0.049180328 | AA39: 0.040983607 | AB39: 0.25925995316159245 | AC39: 0.18594847775175638 | AD39: 0.081967213 | AE39: 0.20148132245598965 | AF39: 0.1043768784886217 | AG39: 0.097050773 | AH39: 0.020827247355478327 | AI39: 0.0073131335 | AJ39: 0.014638793473593748 | AK39: 0.2397445321831453 | AL39: 0.10367518716577537
A40: Grant Taylor | B40: CHW | C40: RP | D40: 69 | E40: 82.33 | F40: 344 | G40: =$D40*Z40 -> 3.5 | H40: =$D40*AA40 -> 3.5 | I40: =$D40*AB40 -> 6.0980625 | J40: =$D40*AC40 -> 13.3875 | K40: =$D40*AD40 -> 2 | L40: =$F40*AE40 -> 63.387039 | M40: =$F40*AF40 -> 28.877913 | N40: =$F40*AG40 -> 27.047834 | O40: =$F40*AH40 -> 6.6337704 | P40: =$F40*AI40 -> 1.9608173 | Q40: =$F40*AJ40 -> 3.8011338 | R40: =$F40*AK40 -> 100.17662 | S40: =$F40*AL40 -> 29.737929 | T40: =R40/$E40*9 -> 10.950924 | U40: =S40/$E40*9 -> 3.2508364 | V40: =AK40-AL40 -> 0.20476364 | W40: =N40/$E40*9 -> 2.9567656 | X40: =(S40+L40)/E40 -> 1.1311183 | Z40: 0.050724638 | AA40: 0.050724638 | AB40: 0.088377717 | AC40: 0.19402173913043472 | AD40: 0.028985507 | AE40: 0.18426464896370104 | AF40: 0.083947422 | AG40: 0.078627426 | AH40: 0.019284216 | AI40: 0.0057000504 | AJ40: 0.011049808 | AK40: 0.29121110744105916 | AL40: 0.086447468
A41: Jason Adam | B41: SD | C41: RP | D41: 49 | E41: 50.33 | F41: 208 | G41: =$D41*Z41 -> 2.5 | H41: =$D41*AA41 -> 1.5 | I41: =$D41*AB41 -> 0.9334918 | J41: =$D41*AC41 -> 13.809836 | K41: =$D41*AD41 -> 3 | L41: =$F41*AE41 -> 39.911543 | M41: =$F41*AF41 -> 21.3321 | N41: =$F41*AG41 -> 19.496995 | O41: =$F41*AH41 -> 5.2681315 | P41: =$F41*AI41 -> 1.126648 | Q41: =$F41*AJ41 -> 2.7526583 | R41: =$F41*AK41 -> 53.331831 | S41: =$F41*AL41 -> 19.36797 | T41: =R41/$E41*9 -> 9.5367867 | U41: =S41/$E41*9 -> 3.4633763 | V41: =AK41-AL41 -> 0.16328779 | W41: =N41/$E41*9 -> 3.4864485 | X41: =(S41+L41)/E41 -> 1.1778167 | Z41: 0.051020408 | AA41: 0.030612245 | AB41: 0.019050853 | AC41: 0.2818333890933422 | AD41: 0.06122449 | AE41: 0.19188241639697945 | AF41: 0.1025581753737093 | AG41: 0.093735552 | AH41: 0.025327555 | AI41: 0.0054165771 | AJ41: 0.013233934350439201 | AK41: 0.2564030326469646 | AL41: 0.09311524
A42: Shawn Armstrong | B42: CLE | C42: RP | D42: 64 | E42: 67.33 | F42: 279 | G42: =$D42*Z42 -> 2.5 | H42: =$D42*AA42 -> 2.5 | I42: =$D42*AB42 -> 2.9382353 | J42: =$D42*AC42 -> 15.811765 | K42: =$D42*AD42 -> 2 | L42: =$F42*AE42 -> 59.333173 | M42: =$F42*AF42 -> 30.893718 | N42: =$F42*AG42 -> 28.932376 | O42: =$F42*AH42 -> 7.8620299 | P42: =$F42*AI42 -> 0.9891434 | Q42: =$F42*AJ42 -> 3.4332098 | R42: =$F42*AK42 -> 65.743358 | S42: =$F42*AL42 -> 21.258675 | T42: =R42/$E42*9 -> 8.7879136 | U42: =S42/$E42*9 -> 2.8416468 | V42: =AK42-AL42 -> 0.15944331 | W42: =N42/$E42*9 -> 3.8673902 | X42: =(S42+L42)/E42 -> 1.1969679 | Z42: 0.0390625 | AA42: 0.0390625 | AB42: 0.045909926470588225 | AC42: 0.24705882352941178 | AD42: 0.03125 | AE42: 0.2126637015072893 | AF42: 0.11073017049666414 | AG42: 0.1037002718062762 | AH42: 0.028179319 | AI42: 0.0035453168 | AJ42: 0.012305411 | AK42: 0.23563927640546162 | AL42: 0.076195969
A43: Matt Svanson | B43: STL | C43: RP | D43: 59 | E43: 66.33 | F43: 280 | G43: =$D43*Z43 -> 3 | H43: =$D43*AA43 -> 2 | I43: =$D43*AB43 -> 5.1435692 | J43: =$D43*AC43 -> 11.723077 | K43: =$D43*AD43 -> 0 | L43: =$F43*AE43 -> 59.128871 | M43: =$F43*AF43 -> 28.803566 | N43: =$F43*AG43 -> 26.278282 | O43: =$F43*AH43 -> 5.7694714 | P43: =$F43*AI43 -> 1.5086957 | Q43: =$F43*AJ43 -> 3.0325305 | R43: =$F43*AK43 -> 63.399228 | S43: =$F43*AL43 -> 24.539784 | T43: =R43/$E43*9 -> 8.6023376 | U43: =S43/$E43*9 -> 3.3296858 | V43: =AK43-AL43 -> 0.13878373 | W43: =N43/$E43*9 -> 3.5655742 | X43: =(S43+L43)/E43 -> 1.2613999 | Z43: 0.050847458 | AA43: 0.033898305 | AB43: 0.08717914 | AC43: 0.19869621903520207 | AD43: 0 | AE43: 0.21117453862996555 | AF43: 0.10286987801063495 | AG43: 0.093851006 | AH43: 0.020605255 | AI43: 0.0053881988 | AJ43: 0.010830466 | AK43: 0.22642581437955223 | AL43: 0.087642086
A44: Garrett Cleavinger | B44: TB | C44: RP | D44: 64 | E44: 63.67 | F44: 263 | G44: =$D44*Z44 -> 3.5 | H44: =$D44*AA44 -> 3 | I44: =$D44*AB44 -> 7.9112727 | J44: =$D44*AC44 -> 17.721212 | K44: =$D44*AD44 -> 4 | L44: =$F44*AE44 -> 49.890506 | M44: =$F44*AF44 -> 26.160137 | N44: =$F44*AG44 -> 24.222745 | O44: =$F44*AH44 -> 7.4884635 | P44: =$F44*AI44 -> 0.98311471 | Q44: =$F44*AJ44 -> 3.3913271 | R44: =$F44*AK44 -> 76.282411 | S44: =$F44*AL44 -> 23.671854 | T44: =R44/$E44*9 -> 10.782813 | U44: =S44/$E44*9 -> 3.3461079 | V44: =AK44-AL44 -> 0.20004014 | W44: =N44/$E44*9 -> 3.4239784 | X44: =(S44+L44)/E44 -> 1.1553693 | Z44: 0.0546875 | AA44: 0.046875 | AB44: 0.12361363636363637 | AC44: 0.27689393939393936 | AD44: 0.0625 | AE44: 0.1896977425656609 | AF44: 0.099468201 | AG44: 0.092101693 | AH44: 0.028473245 | AI44: 0.0037380788 | AJ44: 0.01289478 | AK44: 0.2900471916289561 | AL44: 0.090007051
A45: Eduard Bazardo | B45: SEA | C45: RP | D45: 60 | E45: 63.33 | F45: 262 | G45: =$D45*Z45 -> 3 | H45: =$D45*AA45 -> 2 | I45: =$D45*AB45 -> 0.29382353 | J45: =$D45*AC45 -> 10.670588 | K45: =$D45*AD45 -> 0 | L45: =$F45*AE45 -> 52.053349 | M45: =$F45*AF45 -> 27.272669 | N45: =$F45*AG45 -> 25.361912 | O45: =$F45*AH45 -> 7.4717578 | P45: =$F45*AI45 -> 1.1619223 | Q45: =$F45*AJ45 -> 2.8661362 | R45: =$F45*AK45 -> 65.464656 | S45: =$F45*AL45 -> 21.964544 | T45: =R45/$E45*9 -> 9.3033618 | U45: =S45/$E45*9 -> 3.1214416 | V45: =AK45-AL45 -> 0.16603096 | W45: =N45/$E45*9 -> 3.6042509 | X45: =(S45+L45)/E45 -> 1.1687651 | Z45: 0.05 | AA45: 0.033333333 | AB45: 0.0048970588 | AC45: 0.17784313725490195 | AD45: 0 | AE45: 0.19867690427482124 | AF45: 0.1040941576556231 | AG45: 0.09680119 | AH45: 0.028518159 | AI45: 0.0044348179 | AJ45: 0.010939451 | AK45: 0.24986509810252439 | AL45: 0.083834137
A46: Brad Keller | B46: CHC | C46: RP | D46: 57 | E46: 65 | F46: 275 | G46: =$D46*Z46 -> 3 | H46: =$D46*AA46 -> 3 | I46: =$D46*AB46 -> 3.2222647 | J46: =$D46*AC46 -> 16.082353 | K46: =$D46*AD46 -> 2 | L46: =$F46*AE46 -> 57.007063 | M46: =$F46*AF46 -> 30.186104 | N46: =$F46*AG46 -> 27.799606 | O46: =$F46*AH46 -> 7.0799301 | P46: =$F46*AI46 -> 1.1703066 | Q46: =$F46*AJ46 -> 2.8758214 | R46: =$F46*AK46 -> 59.835307 | S46: =$F46*AL46 -> 26.53636 | T46: =R46/$E46*9 -> 8.2848886 | U46: =S46/$E46*9 -> 3.6742653 | V46: =AK46-AL46 -> 0.12108708 | W46: =N46/$E46*9 -> 3.8491763 | X46: =(S46+L46)/E46 -> 1.2852834 | Z46: 0.052631579 | AA46: 0.052631579 | AB46: 0.056530959752321946 | AC46: 0.2821465428276574 | AD46: 0.035087719 | AE46: 0.20729841011502065 | AF46: 0.10976765088117765 | AG46: 0.10108947809505295 | AH46: 0.0257452 | AI46: 0.0042556605 | AJ46: 0.010457532 | AK46: 0.2175829338285874 | AL46: 0.096495856
A47: Lucas Erceg | B47: KC | C47: RP | D47: 59 | E47: 62 | F47: 263 | G47: =$D47*Z47 -> 3 | H47: =$D47*AA47 -> 3.5 | I47: =$D47*AB47 -> 3.2977742 | J47: =$D47*AC47 -> 13.474194 | K47: =$D47*AD47 -> 4 | L47: =$F47*AE47 -> 57.350392 | M47: =$F47*AF47 -> 29.169564 | N47: =$F47*AG47 -> 27.192092 | O47: =$F47*AH47 -> 5.2339806 | P47: =$F47*AI47 -> 1.6970323 | Q47: =$F47*AJ47 -> 3.4587167 | R47: =$F47*AK47 -> 56.527878 | S47: =$F47*AL47 -> 24.063647 | T47: =R47/$E47*9 -> 8.2056598 | U47: =S47/$E47*9 -> 3.49311 | V47: =AK47-AL47 -> 0.12343814 | W47: =N47/$E47*9 -> 3.9472392 | X47: =(S47+L47)/E47 -> 1.3131297 | Z47: 0.050847458 | AA47: 0.059322034 | AB47: 0.055894478 | AC47: 0.2283761618370694 | AD47: 0.06779661 | AE47: 0.21806232775068896 | AF47: 0.11091088968977456 | AG47: 0.1033919864320542 | AH47: 0.019901067 | AI47: 0.0064525944 | AJ47: 0.013151014 | AK47: 0.21493489868778165 | AL47: 0.091496756
A48: Gabe Speier | B48: SEA | C48: RP | D48: 60 | E48: 56.67 | F48: 229 | G48: =$D48*Z48 -> 3 | H48: =$D48*AA48 -> 2.5 | I48: =$D48*AB48 -> 0.666 | J48: =$D48*AC48 -> 16.282759 | K48: =$D48*AD48 -> 3 | L48: =$F48*AE48 -> 43.684648 | M48: =$F48*AF48 -> 20.884165 | N48: =$F48*AG48 -> 19.43459 | O48: =$F48*AH48 -> 6.0146066 | P48: =$F48*AI48 -> 1.9745735 | Q48: =$F48*AJ48 -> 1.9409916 | R48: =$F48*AK48 -> 66.573665 | S48: =$F48*AL48 -> 17.229615 | T48: =R48/$E48*9 -> 10.572842 | U48: =S48/$E48*9 -> 2.7363073 | V48: =AK48-AL48 -> 0.2154762 | W48: =N48/$E48*9 -> 3.0864886 | X48: =(S48+L48)/E48 -> 1.0748944 | Z48: 0.05 | AA48: 0.041666667 | AB48: 0.011099999999999957 | AC48: 0.27137931034482754 | AD48: 0.05 | AE48: 0.1907626555569522 | AF48: 0.091197227 | AG48: 0.084867204 | AH48: 0.026264658 | AI48: 0.0086225918 | AJ48: 0.0084759459 | AK48: 0.2907146931582583 | AL48: 0.075238494
A49: Aaron Ashby | B49: MIL | C49: RP | D49: 56 | E49: 67.67 | F49: 290 | G49: =$D49*Z49 -> 3.5 | H49: =$D49*AA49 -> 2.5 | I49: =$D49*AB49 -> 0.957375 | J49: =$D49*AC49 -> 11.475 | K49: =$D49*AD49 -> 1 | L49: =$F49*AE49 -> 55.527187 | M49: =$F49*AF49 -> 27.512729 | N49: =$F49*AG49 -> 25.473554 | O49: =$F49*AH49 -> 5.076208 | P49: =$F49*AI49 -> 1.313755 | Q49: =$F49*AJ49 -> 3.5604918 | R49: =$F49*AK49 -> 70.843157 | S49: =$F49*AL49 -> 33.898385 | T49: =R49/$E49*9 -> 9.4220248 | U49: =S49/$E49*9 -> 4.5084302 | V49: =AK49-AL49 -> 0.12739577 | W49: =N49/$E49*9 -> 3.3879413 | X49: =(S49+L49)/E49 -> 1.3214951 | Z49: 0.062499999999999944 | AA49: 0.044642857142857095 | AB49: 0.017095982142857107 | AC49: 0.20491071428571425 | AD49: 0.017857143 | AE49: 0.19147305981216015 | AF49: 0.094871478 | AG49: 0.087839842 | AH49: 0.017504165 | AI49: 0.0045301895 | AJ49: 0.012277558 | AK49: 0.24428674979119436 | AL49: 0.11689098401598397
A50: Jared Koenig | B50: MIL | C50: RP | D50: 62 | E50: 64.33 | F50: 270 | G50: =$D50*Z50 -> 4 | H50: =$D50*AA50 -> 3 | I50: =$D50*AB50 -> 1.6496308 | J50: =$D50*AC50 -> 17.261538 | K50: =$D50*AD50 -> 2 | L50: =$F50*AE50 -> 54.507973 | M50: =$F50*AF50 -> 27.256713 | N50: =$F50*AG50 -> 25.275002 | O50: =$F50*AH50 -> 6.7389097 | P50: =$F50*AI50 -> 1.9933904 | Q50: =$F50*AJ50 -> 2.9725671 | R50: =$F50*AK50 -> 65.184524 | S50: =$F50*AL50 -> 22.641569 | T50: =R50/$E50*9 -> 9.1195509 | U50: =S50/$E50*9 -> 3.1676376 | V50: =AK50-AL50 -> 0.1575665 | W50: =N50/$E50*9 -> 3.5360643 | X50: =(S50+L50)/E50 -> 1.1992778 | Z50: 0.064516129 | AA50: 0.048387097 | AB50: 0.026606947890818806 | AC50: 0.27841191066997517 | AD50: 0.032258065 | AE50: 0.20188138012766985 | AF50: 0.1009507905298031 | AG50: 0.093611119 | AH50: 0.024958925 | AI50: 0.0073829273 | AJ50: 0.011009508 | AK50: 0.24142416121241506 | AL50: 0.083857664
A51: Jeremiah Estrada | B51: SD | C51: RP | D51: 67 | E51: 68.67 | F51: 282 | G51: =$D51*Z51 -> 3.5 | H51: =$D51*AA51 -> 2.5 | I51: =$D51*AB51 -> 1.998 | J51: =$D51*AC51 -> 19.671429 | K51: =$D51*AD51 -> 2 | L51: =$F51*AE51 -> 48.477834 | M51: =$F51*AF51 -> 25.46884 | N51: =$F51*AG51 -> 23.510483 | O51: =$F51*AH51 -> 8.324717 | P51: =$F51*AI51 -> 1.9798585 | Q51: =$F51*AJ51 -> 2.9375354 | R51: =$F51*AK51 -> 91.58863 | S51: =$F51*AL51 -> 27.619412 | T51: =R51/$E51*9 -> 12.003752 | U51: =S51/$E51*9 -> 3.6198443 | V51: =AK51-AL51 -> 0.2268412 | W51: =N51/$E51*9 -> 3.0813215 | X51: =(S51+L51)/E51 -> 1.1081585 | Z51: 0.052238805970149196 | AA51: 0.037313433 | AB51: 0.029820895522388015 | AC51: 0.29360341151385916 | AD51: 0.029850746 | AE51: 0.17190721338750703 | AF51: 0.090315036 | AG51: 0.083370507 | AH51: 0.029520273 | AI51: 0.0070207747 | AJ51: 0.010416792254922001 | AK51: 0.3247823768232529 | AL51: 0.097941176
A52: JoJo Romero | B52: STL | C52: RP | D52: 63 | E52: 63.67 | F52: 269 | G52: =$D52*Z52 -> 3.5 | H52: =$D52*AA52 -> 3 | I52: =$D52*AB52 -> 12.581156 | J52: =$D52*AC52 -> 15.571875 | K52: =$D52*AD52 -> 3 | L52: =$F52*AE52 -> 58.285978 | M52: =$F52*AF52 -> 28.892989 | N52: =$F52*AG52 -> 26.900369 | O52: =$F52*AH52 -> 5.9867159 | P52: =$F52*AI52 -> 1.6927007 | Q52: =$F52*AJ52 -> 2.9889299 | R52: =$F52*AK52 -> 58.458089 | S52: =$F52*AL52 -> 24.821741 | T52: =R52/$E52*9 -> 8.2632762 | U52: =S52/$E52*9 -> 3.5086488 | V52: =AK52-AL52 -> 0.12504218 | W52: =N52/$E52*9 -> 3.8024709 | X52: =(S52+L52)/E52 -> 1.3052885 | Z52: 0.055555555555555504 | AA52: 0.047619047619047554 | AB52: 0.19970089285714282 | AC52: 0.24717262 | AD52: 0.047619048 | AE52: 0.21667649761999475 | AF52: 0.10740888078025759 | AG52: 0.10000137176092949 | AH52: 0.022255449 | AI52: 0.0062925678 | AJ52: 0.011111264 | AK52: 0.2173163143527346 | AL52: 0.09227413
A53: Tanner Scott | B53: LAD | C53: RP | D53: 62 | E53: 64.33 | F53: 270 | G53: =$D53*Z53 -> 3.5 | H53: =$D53*AA53 -> 2.5 | I53: =$D53*AB53 -> 4.6408571 | J53: =$D53*AC53 -> 17.352381 | K53: =$D53*AD53 -> 6 | L53: =$F53*AE53 -> 52.543396 | M53: =$F53*AF53 -> 27.506613 | N53: =$F53*AG53 -> 25.501736 | O53: =$F53*AH53 -> 6.3320555 | P53: =$F53*AI53 -> 1.7025692 | Q53: =$F53*AJ53 -> 3.0073153 | R53: =$F53*AK53 -> 71.083747 | S53: =$F53*AL53 -> 25.358122 | T53: =R53/$E53*9 -> 9.9448736 | U53: =S53/$E53*9 -> 3.5476932 | V53: =AK53-AL53 -> 0.16935416 | W53: =N53/$E53*9 -> 3.5677852 | X53: =(S53+L53)/E53 -> 1.2109672 | Z53: 0.056451613 | AA53: 0.040322581 | AB53: 0.074852535 | AC53: 0.27987711213517663 | AD53: 0.096774194 | AE53: 0.19460516889844048 | AF53: 0.10187634319722265 | AG53: 0.094450873 | AH53: 0.023452057 | AI53: 0.0063058117 | AJ53: 0.011138205 | AK53: 0.26327313605554636 | AL53: 0.093918972
A54: Hunter Gaddis | B54: CLE | C54: RP | D54: 62 | E54: 65.67 | F54: 273 | G54: =$D54*Z54 -> 2.5 | H54: =$D54*AA54 -> 2.5 | I54: =$D54*AB54 -> 3.6024545 | J54: =$D54*AC54 -> 16.830303 | K54: =$D54*AD54 -> 2 | L54: =$F54*AE54 -> 57.650649 | M54: =$F54*AF54 -> 31.538317 | N54: =$F54*AG54 -> 29.076165 | O54: =$F54*AH54 -> 9.1854547 | P54: =$F54*AI54 -> 1.1853512 | Q54: =$F54*AJ54 -> 3.4512825 | R54: =$F54*AK54 -> 62.996397 | S54: =$F54*AL54 -> 21.003606 | T54: =R54/$E54*9 -> 8.6335857 | U54: =S54/$E54*9 -> 2.8785207 | V54: =AK54-AL54 -> 0.15381975 | W54: =N54/$E54*9 -> 3.9848559 | X54: =(S54+L54)/E54 -> 1.1977197 | Z54: 0.040322581 | AA54: 0.040322581 | AB54: 0.058104106 | AC54: 0.2714565004887586 | AD54: 0.032258065 | AE54: 0.21117453862996555 | AF54: 0.11552497132728595 | AG54: 0.10650609946825146 | AH54: 0.033646354 | AI54: 0.0043419459 | AJ54: 0.012642060264831601 | AK54: 0.23075603 | AL54: 0.076936285
A55: Robert Stephenson | B55: LAA | C55: RP | D55: 54 | E55: 55.67 | F55: 230 | G55: =$D55*Z55 -> 2 | H55: =$D55*AA55 -> 2 | I55: =$D55*AB55 -> 10.4895 | J55: =$D55*AC55 -> 7.24 | K55: =$D55*AD55 -> 4 | L55: =$F55*AE55 -> 46.531396 | M55: =$F55*AF55 -> 26.65594 | N55: =$F55*AG55 -> 24.7567 | O55: =$F55*AH55 -> 8.5798686 | P55: =$F55*AI55 -> 1.6599512 | Q55: =$F55*AJ55 -> 2.848861 | R55: =$F55*AK55 -> 61.028251 | S55: =$F55*AL55 -> 18.308367 | T55: =R55/$E55*9 -> 9.8662522 | U55: =S55/$E55*9 -> 2.9598581 | V55: =AK55-AL55 -> 0.18573863 | W55: =N55/$E55*9 -> 4.0023405 | X55: =(S55+L55)/E55 -> 1.1647164 | Z55: 0.037037037 | AA55: 0.037037037 | AB55: 0.19424999999999998 | AC55: 0.13407407407407404 | AD55: 0.074074074 | AE55: 0.20231041645384273 | AF55: 0.11589539278782304 | AG55: 0.1076378247692988 | AH55: 0.037303776 | AI55: 0.007217179 | AJ55: 0.012386352027786249 | AK55: 0.2653402230542712 | AL55: 0.079601594
A56: Camilo Doval | B56: NYY | C56: RP | D56: 62 | E56: 63 | F56: 270 | G56: =$D56*Z56 -> 3.5 | H56: =$D56*AA56 -> 2.5 | I56: =$D56*AB56 -> 3.9751875 | J56: =$D56*AC56 -> 15.1125 | K56: =$D56*AD56 -> 5 | L56: =$F56*AE56 -> 50.513883 | M56: =$F56*AF56 -> 26.008835 | N56: =$F56*AG56 -> 24.008725 | O56: =$F56*AH56 -> 5.2944324 | P56: =$F56*AI56 -> 2.0030016 | Q56: =$F56*AJ56 -> 3.503896 | R56: =$F56*AK56 -> 70.243375 | S56: =$F56*AL56 -> 30.703752 | T56: =R56/$E56*9 -> 10.034768 | U56: =S56/$E56*9 -> 4.3862502 | V56: =AK56-AL56 -> 0.14644305 | W56: =N56/$E56*9 -> 3.4298178 | X56: =(S56+L56)/E56 -> 1.2891688 | Z56: 0.056451613 | AA56: 0.040322581 | AB56: 0.064115927 | AC56: 0.24374999999999997 | AD56: 0.080645161 | AE56: 0.18708845 | AF56: 0.096329017 | AG56: 0.088921203 | AH56: 0.019609008930782372 | AI56: 0.0074185244 | AJ56: 0.012977392 | AK56: 0.26016064896107693 | AL56: 0.11371759857789265
A57: Fernando Cruz | B57: NYY | C57: RP | D57: 58 | E57: 59.33 | F57: 249 | G57: =$D57*Z57 -> 3 | H57: =$D57*AA57 -> 3 | I57: =$D57*AB57 -> 0.98262295 | J57: =$D57*AC57 -> 17.642623 | K57: =$D57*AD57 -> 2 | L57: =$F57*AE57 -> 45.950452 | M57: =$F57*AF57 -> 26.618213 | N57: =$F57*AG57 -> 24.68405 | O57: =$F57*AH57 -> 7.5328187 | P57: =$F57*AI57 -> 0.98823529 | Q57: =$F57*AJ57 -> 2.9012443 | R57: =$F57*AK57 -> 77.840935 | S57: =$F57*AL57 -> 27.564788 | T57: =R57/$E57*9 -> 11.807996 | U57: =S57/$E57*9 -> 4.1814106 | V57: =AK57-AL57 -> 0.20191224 | W57: =N57/$E57*9 -> 3.7444202 | X57: =(S57+L57)/E57 -> 1.2390905 | Z57: 0.051724138 | AA57: 0.051724138 | AB57: 0.016941775014132254 | AC57: 0.30418315432447707 | AD57: 0.034482759 | AE57: 0.18453996983408744 | AF57: 0.10690045248868775 | AG57: 0.09913273 | AH57: 0.030252283787244913 | AI57: 0.0039688164 | AJ57: 0.011651583710407198 | AK57: 0.31261419615112035 | AL57: 0.1107019593613933
A58: Matt Brash | B58: SEA | C58: RP | D58: 59 | E58: 59.67 | F58: 249 | G58: =$D58*Z58 -> 2.5 | H58: =$D58*AA58 -> 2.5 | I58: =$D58*AB58 -> 3.5995714 | J58: =$D58*AC58 -> 16.047619 | K58: =$D58*AD58 -> 2 | L58: =$F58*AE58 -> 47.419972 | M58: =$F58*AF58 -> 22.550929 | N58: =$F58*AG58 -> 20.634524 | O58: =$F58*AH58 -> 4.8735276 | P58: =$F58*AI58 -> 1.1742472 | Q58: =$F58*AJ58 -> 2.8746078 | R58: =$F58*AK58 -> 69.234832 | S58: =$F58*AL58 -> 23.877602 | T58: =R58/$E58*9 -> 10.442659 | U58: =S58/$E58*9 -> 3.6014483 | V58: =AK58-AL58 -> 0.18215755 | W58: =N58/$E58*9 -> 3.1122963 | X58: =(S58+L58)/E58 -> 1.1948647 | Z58: 0.042372881355932146 | AA58: 0.042372881355932146 | AB58: 0.061009685 | AC58: 0.2719935431799838 | AD58: 0.033898305 | AE58: 0.1904416553194008 | AF58: 0.090565982 | AG58: 0.082869576 | AH58: 0.019572399941235392 | AI58: 0.004715852 | AJ58: 0.01154461 | AK58: 0.2780515348945364 | AL58: 0.095893985
A59: Jose A. Ferrer | B59: SEA | C59: RP | D59: 63 | E59: 65 | F59: 269 | G59: =$D59*Z59 -> 3.5 | H59: =$D59*AA59 -> 2 | I59: =$D59*AB59 -> 2.8971 | J59: =$D59*AC59 -> 17.48 | K59: =$D59*AD59 -> 4 | L59: =$F59*AE59 -> 55.472365 | M59: =$F59*AF59 -> 23.187811 | N59: =$F59*AG59 -> 21.259088 | O59: =$F59*AH59 -> 4.3149193 | P59: =$F59*AI59 -> 1.4755289 | Q59: =$F59*AJ59 -> 2.8930853 | R59: =$F59*AK59 -> 62.1372 | S59: =$F59*AL59 -> 19.917052 | T59: =R59/$E59*9 -> 8.6036124 | U59: =S59/$E59*9 -> 2.7577456 | V59: =AK59-AL59 -> 0.15695223 | W59: =N59/$E59*9 -> 2.943566 | X59: =(S59+L59)/E59 -> 1.1598372 | Z59: 0.055555555555555504 | AA59: 0.031746032 | AB59: 0.045985714285714255 | AC59: 0.2774603174603174 | AD59: 0.063492063 | AE59: 0.20621697193576521 | AF59: 0.086200041 | AG59: 0.079030065 | AH59: 0.016040592 | AI59: 0.0054852374 | AJ59: 0.010754964 | AK59: 0.23099330975176988 | AL59: 0.074041084
A60: Phil Maton | B60: CHC | C60: RP | D60: 63 | E60: 63.67 | F60: 268 | G60: =$D60*Z60 -> 3.5 | H60: =$D60*AA60 -> 2.5 | I60: =$D60*AB60 -> 5.2870154 | J60: =$D60*AC60 -> 16.913846 | K60: =$D60*AD60 -> 3 | L60: =$F60*AE60 -> 51.919708 | M60: =$F60*AF60 -> 26.715328 | N60: =$F60*AG60 -> 24.737226 | O60: =$F60*AH60 -> 6.9334264 | P60: =$F60*AI60 -> 1.1870036 | Q60: =$F60*AJ60 -> 3.9671533 | R60: =$F60*AK60 -> 71.388394 | S60: =$F60*AL60 -> 25.141786 | T60: =R60/$E60*9 -> 10.091025 | U60: =S60/$E60*9 -> 3.5538884 | V60: =AK60-AL60 -> 0.17256197 | W60: =N60/$E60*9 -> 3.4967023 | X60: =(S60+L60)/E60 -> 1.2103266 | Z60: 0.055555555555555504 | AA60: 0.03968254 | AB60: 0.083920879 | AC60: 0.26847374847374844 | AD60: 0.047619048 | AE60: 0.19373025384028755 | AF60: 0.099684061 | AG60: 0.092303083 | AH60: 0.025870993892709023 | AI60: 0.0044291179 | AJ60: 0.014802811 | AK60: 0.2663746050768057 | AL60: 0.093812634
A61: Tony Santillan | B61: CIN | C61: RP | D61: 66 | E61: 66.33 | F61: 286 | G61: =$D61*Z61 -> 3 | H61: =$D61*AA61 -> 2.5 | I61: =$D61*AB61 -> 5.2518857 | J61: =$D61*AC61 -> 17.051429 | K61: =$D61*AD61 -> 3 | L61: =$F61*AE61 -> 58.963416 | M61: =$F61*AF61 -> 34.324572 | N61: =$F61*AG61 -> 31.917835 | O61: =$F61*AH61 -> 8.7992564 | P61: =$F61*AI61 -> 1.9692819 | Q61: =$F61*AJ61 -> 3.3929436 | R61: =$F61*AK61 -> 70.261068 | S61: =$F61*AL61 -> 29.9925 | T61: =R61/$E61*9 -> 9.5333879 | U61: =S61/$E61*9 -> 4.0695387 | V61: =AK61-AL61 -> 0.14079919 | W61: =N61/$E61*9 -> 4.3307782 | X61: =(S61+L61)/E61 -> 1.3411114 | Z61: 0.045454545 | AA61: 0.037878788 | AB61: 0.079574026 | AC61: 0.25835497835497834 | AD61: 0.045454545 | AE61: 0.20616579127654716 | AF61: 0.12001599 | AG61: 0.1116008221055035 | AH61: 0.030766631 | AI61: 0.006885601 | AJ61: 0.011863439141356399 | AK61: 0.2456680715493686 | AL61: 0.10486888077270021
E62: INT(E2)+IFS(ROUND(E2-INT(E2),1)=0.2,0.67…)

Sheet CKBT_Rank
A1: Name | B1: Team | C1: Position | D1: G | E1: IP | F1: Total | G1: TBF | H1: W | I1: L | J1: HR | K1: HBP | L1: ERA | M1: WHIP | N1: K/9 | O1: BS | P1: SV+H | Q1: K-BB% | T1: W | U1: L | V1: HR | W1: HBP | X1: ERA | Y1: WHIP | Z1: K/9 | AA1: BS | AB1: SV+H | AC1: K-BB% | AE1: ='2026_Fantasy_Relievers'!G1 -> W | AF1: ='2026_Fantasy_Relievers'!H1 -> L | AG1: ='2026_Fantasy_Relievers'!I1 -> SV | AH1: ='2026_Fantasy_Relievers'!J1 -> HLD | AI1: SV+HLD | AJ1: ='2026_Fantasy_Relievers'!K1 -> BS | AK1: ='2026_Fantasy_Relievers'!L1 -> H | AL1: ='2026_Fantasy_Relievers'!M1 -> R | AM1: ='2026_Fantasy_Relievers'!N1 -> ER | AN1: ='2026_Fantasy_Relievers'!O1 -> HR | AO1: ='2026_Fantasy_Relievers'!P1 -> IBB | AP1: ='2026_Fantasy_Relievers'!Q1 -> HBP | AQ1: ='2026_Fantasy_Relievers'!R1 -> K | ... AW1: ='2026_Fantasy_Relievers'!X1 -> WHIP
A2: Mason Miller | B2: SD | C2: RP | D2: 59 | E2: 64.67 | F2: =H2+I2+J2+K2+L2+M2+N2+O2+P2+Q2 -> 14.412748 | G2: 254 | H2: =(T2-T$62)/T$63 -> -0.65711041 | I2: =(U2-U$62)/U$63 -> 1.6084195 | J2: =(V2-V$62)/V$63 -> 0.69788985 | K2: =(W2-W$62)/W$63 -> 0.24202759 | L2: =(X2-X$62)/X$63 -> 2.6858033 | M2: =(Y2-Y$62)/Y$63 -> 2.9054732 | N2: =(Z2-Z$62)/Z$63 -> 2.7018095 | O2: =(AA2-AA$62)/AA$63 -> -0.31815954 | ... Q2: =(AC2-AC$62)/AC$63 -> 3.0393632 | T2: =(AE2-AVERAGE(AE$2:AE$61))/AVERAGE(AE$2:AE$61)*100+100 -> 90.671642 | U2: =(AVERAGE(AF$2:AF$61)-AF2)/AVERAGE(AF$2:AF$61)*100+100 -> 124.53709 | V2: =(AVERAGE(AN$2:AN$61)-AN2)/AVERAGE(AN$2:AN$61)*100+100 -> 114.23633 | W2: =(AVERAGE(AP$2:AP$61)-AP2)/AVERAGE(AP$2:AP$61)*100+100 -> 103.30808 | X2: =(AVERAGE(AV$2:AV$61)-AV2)/AVERAGE(AV$2:AV$61)*100+100 -> 133.51676 | Y2: =(AVERAGE(AW$2:AW$61)-AW2)/AVERAGE(AW$2:AW$61)*100+100 -> 118.45527 | Z2: =(AS2-AVERAGE(AS$2:AS61))/AVERAGE(AS$2:AS$61)*100+100 -> 136.51296 | AA2: =(AVERAGE(AJ$2:AJ$61)-AJ2)/AVERAGE(AJ$2:AJ$61)*100+100 -> 86.792453 | AB2: =(AI2-AVERAGE(AI$2:AI$61))/AVERAGE(AI$2:AI$61)*100+100 -> 140.59592 | AC2: =(AU2-AVERAGE(AU$2:AU$61))/AVERAGE(AU$2:AU$61)*100+100 -> 162.36261 | AE2: ='2026_Fantasy_Relievers'!G2 -> 3 | AF2: ='2026_Fantasy_Relievers'!H2 -> 2 | AG2: ='2026_Fantasy_Relievers'!I2 -> 31.503818 | AH2: ='2026_Fantasy_Relievers'!J2 -> 2.5575758 | AI2: =AG2+AH2 -> 34.061394 | AJ2: ='2026_Fantasy_Relievers'!K2 -> 4 | AK2: ='2026_Fantasy_Relievers'!L2 -> 38.323127 | AL2: ='2026_Fantasy_Relievers'!M2 -> 17.690521 | AM2: ='2026_Fantasy_Relievers'!N2 -> 16.707926 | AN2: ='2026_Fantasy_Relievers'!O2 -> 5.9093643 | AO2: ='2026_Fantasy_Relievers'!P2 -> 1.9770095 | AP2: ='2026_Fantasy_Relievers'!Q2 -> 2.9477867 | AQ2: ='2026_Fantasy_Relievers'!R2 -> 97.423086 | ... AW2: ='2026_Fantasy_Relievers'!X2 -> 0.96770158
A3: 8 Aroldis Chapman | B3: BOS | C3: RP | D3: 57 | E3: 57.33 | F3: =H3+I3+J3+K3+L3+M3+N3+O3+P3+Q3 -> 9.3886867 | G3: 234 | H3: =(T3-T$62)/T$63 -> 0.40740846 | I3: =(U3-U$62)/U$63 -> 0.37176094 | J3: =(V3-V$62)/V$63 -> 1.1864035 | K3: =(W3-W$62)/W$63 -> 1.6730921 | L3: =(X3-X$62)/X$63 -> 1.195426 | M3: =(Y3-Y$62)/Y$63 -> 0.71797621 | N3: =(Z3-Z$62)/Z$63 -> 1.7075335 | O3: =(AA3-AA$62)/AA$63 -> -0.31815954 | ... Q3: =(AC3-AC$62)/AC$63 -> 1.2500673 | T3: =(AE3-AVERAGE(AE$2:AE$61))/AVERAGE(AE$2:AE$61)*100+100 -> 105.78358 | U3: =(AVERAGE(AF$2:AF$61)-AF3)/AVERAGE(AF$2:AF$61)*100+100 -> 105.67136 | V3: =(AVERAGE(AN$2:AN$61)-AN3)/AVERAGE(AN$2:AN$61)*100+100 -> 124.20157 | W3: =(AVERAGE(AP$2:AP$61)-AP3)/AVERAGE(AP$2:AP$61)*100+100 -> 122.86816 | X3: =(AVERAGE(AV$2:AV$61)-AV3)/AVERAGE(AV$2:AV$61)*100+100 -> 114.918 | Y3: =(AVERAGE(AW$2:AW$61)-AW3)/AVERAGE(AW$2:AW$61)*100+100 -> 104.56051 | Z3: =(AS3-AVERAGE(AS$2:AS62))/AVERAGE(AS$2:AS$61)*100+100 -> 123.07606 | AA3: =(AVERAGE(AJ$2:AJ$61)-AJ3)/AVERAGE(AJ$2:AJ$61)*100+100 -> 86.792453 | AB3: =(AI3-AVERAGE(AI$2:AI$61))/AVERAGE(AI$2:AI$61)*100+100 -> 132.24491 | AC3: =(AU3-AVERAGE(AU$2:AU$61))/AVERAGE(AU$2:AU$61)*100+100 -> 125.64927 | AE3: ='2026_Fantasy_Relievers'!G8 -> 3.5 | AF3: ='2026_Fantasy_Relievers'!H8 -> 2.5 | AG3: ='2026_Fantasy_Relievers'!I8 -> 29.4705 | AH3: ='2026_Fantasy_Relievers'!J8 -> 2.5677419 | AI3: =AG3+AH3 -> 32.038242 | AJ3: ='2026_Fantasy_Relievers'!K8 -> 4 | AK3: ='2026_Fantasy_Relievers'!L8 -> 39.229412 | AL3: ='2026_Fantasy_Relievers'!M8 -> 20.388971 | AM3: ='2026_Fantasy_Relievers'!N8 -> 18.955147 | AN3: ='2026_Fantasy_Relievers'!O8 -> 5.2227304 | AO3: ='2026_Fantasy_Relievers'!P8 -> 0.9753125 | AP3: ='2026_Fantasy_Relievers'!Q8 -> 2.3514706 | AQ3: ='2026_Fantasy_Relievers'!R8 -> 77.864704 | ... AW3: ='2026_Fantasy_Relievers'!X8 -> 1.1325924
A4: Edwin Diaz | B4: LAD | C4: RP | D4: 64 | E4: 65.67 | F4: =H4+I4+J4+K4+L4+M4+N4+O4+P4+Q4 -> 9.1508161 | G4: 265 | H4: =(T4-T$62)/T$63 -> 1.4719273 | I4: =(U4-U$62)/U$63 -> 1.6084195 | J4: =(V4-V$62)/V$63 -> -0.346593 | K4: =(W4-W$62)/W$63 -> -0.93663542 | L4: =(X4-X$62)/X$63 -> 1.0719546 | M4: =(Y4-Y$62)/Y$63 -> 1.3831467 | N4: =(Z4-Z$62)/Z$63 -> 1.6792147 | O4: =(AA4-AA$62)/AA$63 -> -0.99992997 | ... Q4: =(AC4-AC$62)/AC$63 -> 1.9171354 | T4: =(AE4-AVERAGE(AE$2:AE$61))/AVERAGE(AE$2:AE$61)*100+100 -> 120.89552 | U4: =(AVERAGE(AF$2:AF$61)-AF4)/AVERAGE(AF$2:AF$61)*100+100 -> 124.53709 | V4: =(AVERAGE(AN$2:AN$61)-AN4)/AVERAGE(AN$2:AN$61)*100+100 -> 92.929813 | W4: =(AVERAGE(AP$2:AP$61)-AP4)/AVERAGE(AP$2:AP$61)*100+100 -> 87.197877 | X4: =(AVERAGE(AV$2:AV$61)-AV4)/AVERAGE(AV$2:AV$61)*100+100 -> 113.37717 | Y4: =(AVERAGE(AW$2:AW$61)-AW4)/AVERAGE(AW$2:AW$61)*100+100 -> 108.78561 | Z4: =(AS4-AVERAGE(AS$2:AS63))/AVERAGE(AS$2:AS$61)*100+100 -> 122.69335 | AA4: =(AVERAGE(AJ$2:AJ$61)-AJ4)/AVERAGE(AJ$2:AJ$61)*100+100 -> 58.490566 | AB4: =(AI4-AVERAGE(AI$2:AI$61))/AVERAGE(AI$2:AI$61)*100+100 -> 162.00703 | AC4: =(AU4-AVERAGE(AU$2:AU$61))/AVERAGE(AU$2:AU$61)*100+100 -> 139.33639 | AE4: ='2026_Fantasy_Relievers'!G3 -> 4 | AF4: ='2026_Fantasy_Relievers'!H3 -> 2 | AG4: ='2026_Fantasy_Relievers'!I3 -> 36.266727 | AH4: ='2026_Fantasy_Relievers'!J3 -> 2.9818182 | AI4: =AG4+AH4 -> 39.248545 | AJ4: ='2026_Fantasy_Relievers'!K3 -> 5 | AK4: ='2026_Fantasy_Relievers'!L3 -> 47.677962 | AL4: ='2026_Fantasy_Relievers'!M3 -> 24.0725 | AM4: ='2026_Fantasy_Relievers'!N3 -> 22.105834 | AN4: ='2026_Fantasy_Relievers'!O3 -> 7.3774448 | AO4: ='2026_Fantasy_Relievers'!P3 -> 0.99038396 | AP4: ='2026_Fantasy_Relievers'!Q3 -> 3.4389285 | AQ4: ='2026_Fantasy_Relievers'!R3 -> 88.914618 | ... AW4: ='2026_Fantasy_Relievers'!X3 -> 1.0824526
A5: Cade Smith | B5: CLE | C5: RP | D5: 67 | E5: 69 | F5: =H5+I5+J5+K5+L5+M5+N5+O5+P5+Q5 -> 8.3061592 | G5: 277 | H5: =(T5-T$62)/T$63 -> 1.4719273 | I5: =(U5-U$62)/U$63 -> 0.37176094 | J5: =(V5-V$62)/V$63 -> 0.87443391 | K5: =(W5-W$62)/W$63 -> -0.88039127 | L5: =(X5-X$62)/X$63 -> 1.5985003 | M5: =(Y5-Y$62)/Y$63 -> 1.6924609 | N5: =(Z5-Z$62)/Z$63 -> 1.0671304 | O5: =(AA5-AA$62)/AA$63 -> -0.99992997 | ... Q5: =(AC5-AC$62)/AC$63 -> 1.6458309 | T5: =(AE5-AVERAGE(AE$2:AE$61))/AVERAGE(AE$2:AE$61)*100+100 -> 120.89552 | U5: =(AVERAGE(AF$2:AF$61)-AF5)/AVERAGE(AF$2:AF$61)*100+100 -> 105.67136 | V5: =(AVERAGE(AN$2:AN$61)-AN5)/AVERAGE(AN$2:AN$61)*100+100 -> 117.83767 | W5: =(AVERAGE(AP$2:AP$61)-AP5)/AVERAGE(AP$2:AP$61)*100+100 -> 87.966634 | X5: =(AVERAGE(AV$2:AV$61)-AV5)/AVERAGE(AV$2:AV$61)*100+100 -> 119.94806 | Y5: =(AVERAGE(AW$2:AW$61)-AW5)/AVERAGE(AW$2:AW$61)*100+100 -> 110.75034 | Z5: =(AS5-AVERAGE(AS$2:AS64))/AVERAGE(AS$2:AS$61)*100+100 -> 114.42148 | AA5: =(AVERAGE(AJ$2:AJ$61)-AJ5)/AVERAGE(AJ$2:AJ$61)*100+100 -> 58.490566 | AB5: =(AI5-AVERAGE(AI$2:AI$61))/AVERAGE(AI$2:AI$61)*100+100 -> 139.44325 | AC5: =(AU5-AVERAGE(AU$2:AU$61))/AVERAGE(AU$2:AU$61)*100+100 -> 133.76968 | AE5: ='2026_Fantasy_Relievers'!G6 -> 4 | AF5: ='2026_Fantasy_Relievers'!H6 -> 2.5 | AG5: ='2026_Fantasy_Relievers'!I6 -> 30.207857 | AH5: ='2026_Fantasy_Relievers'!J6 -> 3.5742857 | AI5: =AG5+AH5 -> 33.782143 | AJ5: ='2026_Fantasy_Relievers'!K6 -> 5 | AK5: ='2026_Fantasy_Relievers'!L6 -> 51.694303 | AL5: ='2026_Fantasy_Relievers'!M6 -> 22.92621 | AM5: ='2026_Fantasy_Relievers'!N6 -> 21.464881 | AN5: ='2026_Fantasy_Relievers'!O6 -> 5.6612216 | AO5: ='2026_Fantasy_Relievers'!P6 -> 1.9760511 | AP5: ='2026_Fantasy_Relievers'!Q6 -> 3.4154919 | AQ5: ='2026_Fantasy_Relievers'!R6 -> 87.124798 | ... AW5: ='2026_Fantasy_Relievers'!X6 -> 1.0591369
A6: 8 Josh Hader | B6: HOU | C6: RP | D6: 53 | E6: 56 | F6: =H6+I6+J6+K6+L6+M6+N6+O6+P6+Q6 -> 8.2603489 | G6: 225 | H6: =(T6-T$62)/T$63 -> 0.40740846 | I6: =(U6-U$62)/U$63 -> 0.37176094 | J6: =(V6-V$62)/V$63 -> -0.30673653 | K6: =(W6-W$62)/W$63 -> 0.74585669 | L6: =(X6-X$62)/X$63 -> 0.80110904 | M6: =(Y6-Y$62)/Y$63 -> 1.6351172 | N6: =(Z6-Z$62)/Z$63 -> 1.6714228 | O6: =(AA6-AA$62)/AA$63 -> 0.3636109 | ... Q6: =(AC6-AC$62)/AC$63 -> 1.7587982 | T6: =(AE6-AVERAGE(AE$2:AE$61))/AVERAGE(AE$2:AE$61)*100+100 -> 105.78358 | U6: =(AVERAGE(AF$2:AF$61)-AF6)/AVERAGE(AF$2:AF$61)*100+100 -> 105.67136 | V6: =(AVERAGE(AN$2:AN$61)-AN6)/AVERAGE(AN$2:AN$61)*100+100 -> 93.742849 | W6: =(AVERAGE(AP$2:AP$61)-AP6)/AVERAGE(AP$2:AP$61)*100+100 -> 110.19452 | X6: =(AVERAGE(AV$2:AV$61)-AV6)/AVERAGE(AV$2:AV$61)*100+100 -> 109.99723 | Y6: =(AVERAGE(AW$2:AW$61)-AW6)/AVERAGE(AW$2:AW$61)*100+100 -> 110.3861 | Z6: =(AS6-AVERAGE(AS$2:AS65))/AVERAGE(AS$2:AS$61)*100+100 -> 122.58805 | AA6: =(AVERAGE(AJ$2:AJ$61)-AJ6)/AVERAGE(AJ$2:AJ$61)*100+100 -> 115.09434 | AB6: =(AI6-AVERAGE(AI$2:AI$61))/AVERAGE(AI$2:AI$61)*100+100 -> 121.87052 | AC6: =(AU6-AVERAGE(AU$2:AU$61))/AVERAGE(AU$2:AU$61)*100+100 -> 136.08758 | AE6: ='2026_Fantasy_Relievers'!G10 -> 3.5 | AF6: ='2026_Fantasy_Relievers'!H10 -> 2.5 | AG6: ='2026_Fantasy_Relievers'!I10 -> 27.603682 | AH6: ='2026_Fantasy_Relievers'!J10 -> 1.9212121 | AI6: =AG6+AH6 -> 29.524894 | AJ6: ='2026_Fantasy_Relievers'!K10 -> 3 | AK6: ='2026_Fantasy_Relievers'!L10 -> 38.120063 | AL6: ='2026_Fantasy_Relievers'!M10 -> 21.411486 | AM6: ='2026_Fantasy_Relievers'!N10 -> 19.586257 | AN6: ='2026_Fantasy_Relievers'!O10 -> 7.3214242 | AO6: ='2026_Fantasy_Relievers'!P10 -> 0.96081149 | AP6: ='2026_Fantasy_Relievers'!Q10 -> 2.7378441 | AQ6: ='2026_Fantasy_Relievers'!R10 -> 75.75674 | ... AW6: ='2026_Fantasy_Relievers'!X10 -> 1.0634594
A7: Devin Williams | B7: NYM | C7: RP | D7: 64 | E7: 64.33 | F7: =H7+I7+J7+K7+L7+M7+N7+O7+P7+Q7 -> 7.3061337 | G7: 263 | H7: =(T7-T$62)/T$63 -> 1.4719273 | I7: =(U7-U$62)/U$63 -> -0.86489763 | J7: =(V7-V$62)/V$63 -> 0.62808109 | K7: =(W7-W$62)/W$63 -> 0.13015227 | L7: =(X7-X$62)/X$63 -> 1.4570984 | M7: =(Y7-Y$62)/Y$63 -> 0.83571939 | N7: =(Z7-Z$62)/Z$63 -> 1.3017154 | O7: =(AA7-AA$62)/AA$63 -> -0.31815954 | ... Q7: =(AC7-AC$62)/AC$63 -> 1.0385549 | T7: =(AE7-AVERAGE(AE$2:AE$61))/AVERAGE(AE$2:AE$61)*100+100 -> 120.89552 | U7: =(AVERAGE(AF$2:AF$61)-AF7)/AVERAGE(AF$2:AF$61)*100+100 -> 86.805636 | V7: =(AVERAGE(AN$2:AN$61)-AN7)/AVERAGE(AN$2:AN$61)*100+100 -> 112.81229 | W7: =(AVERAGE(AP$2:AP$61)-AP7)/AVERAGE(AP$2:AP$61)*100+100 -> 101.77895 | X7: =(AVERAGE(AV$2:AV$61)-AV7)/AVERAGE(AV$2:AV$61)*100+100 -> 118.18347 | Y7: =(AVERAGE(AW$2:AW$61)-AW7)/AVERAGE(AW$2:AW$61)*100+100 -> 105.3084 | Z7: =(AS7-AVERAGE(AS$2:AS66))/AVERAGE(AS$2:AS$61)*100+100 -> 117.59172 | AA7: =(AVERAGE(AJ$2:AJ$61)-AJ7)/AVERAGE(AJ$2:AJ$61)*100+100 -> 86.792453 | AB7: =(AI7-AVERAGE(AI$2:AI$61))/AVERAGE(AI$2:AI$61)*100+100 -> 143.79328 | AC7: =(AU7-AVERAGE(AU$2:AU$61))/AVERAGE(AU$2:AU$61)*100+100 -> 121.3094 | AE7: ='2026_Fantasy_Relievers'!G9 -> 4 | AF7: ='2026_Fantasy_Relievers'!H9 -> 3 | AG7: ='2026_Fantasy_Relievers'!I9 -> 30.636 | AH7: ='2026_Fantasy_Relievers'!J9 -> 4.2 | AI7: =AG7+AH7 -> 34.836 | AJ7: ='2026_Fantasy_Relievers'!K9 -> 4 | AK7: ='2026_Fantasy_Relievers'!L9 -> 45.412293 | AL7: ='2026_Fantasy_Relievers'!M9 -> 22.44951 | AM7: ='2026_Fantasy_Relievers'!N9 -> 20.453241 | AN7: ='2026_Fantasy_Relievers'!O9 -> 6.0074845 | AO7: ='2026_Fantasy_Relievers'!P9 -> 0.99548021 | AP7: ='2026_Fantasy_Relievers'!Q9 -> 2.9944044 | AQ7: ='2026_Fantasy_Relievers'!R9 -> 83.478654 | ... AW7: ='2026_Fantasy_Relievers'!X9 -> 1.123717
A8: Andres Munoz | B8: SEA | C8: RP | D8: 60 | E8: 61.67 | F8: =H8+I8+J8+K8+L8+M8+N8+O8+P8+Q8 -> 6.2544426 | G8: 253 | H8: =(T8-T$62)/T$63 -> 0.40740846 | I8: =(U8-U$62)/U$63 -> 0.37176094 | J8: =(V8-V$62)/V$63 -> 1.3815937 | K8: =(W8-W$62)/W$63 -> -0.99190615 | L8: =(X8-X$62)/X$63 -> 1.9012681 | M8: =(Y8-Y$62)/Y$63 -> 0.88516157 | N8: =(Z8-Z$62)/Z$63 -> 0.95516558 | O8: =(AA8-AA$62)/AA$63 -> -0.99992997 | ... Q8: =(AC8-AC$62)/AC$63 -> 0.79280398 | T8: =(AE8-AVERAGE(AE$2:AE$61))/AVERAGE(AE$2:AE$61)*100+100 -> 105.78358 | U8: =(AVERAGE(AF$2:AF$61)-AF8)/AVERAGE(AF$2:AF$61)*100+100 -> 105.67136 | V8: =(AVERAGE(AN$2:AN$61)-AN8)/AVERAGE(AN$2:AN$61)*100+100 -> 128.18328 | W8: =(AVERAGE(AP$2:AP$61)-AP8)/AVERAGE(AP$2:AP$61)*100+100 -> 86.442425 | X8: =(AVERAGE(AV$2:AV$61)-AV8)/AVERAGE(AV$2:AV$61)*100+100 -> 123.72637 | Y8: =(AVERAGE(AW$2:AW$61)-AW8)/AVERAGE(AW$2:AW$61)*100+100 -> 105.62245 | Z8: =(AS8-AVERAGE(AS$2:AS67))/AVERAGE(AS$2:AS$61)*100+100 -> 112.90836 | AA8: =(AVERAGE(AJ$2:AJ$61)-AJ8)/AVERAGE(AJ$2:AJ$61)*100+100 -> 58.490566 | AB8: =(AI8-AVERAGE(AI$2:AI$61))/AVERAGE(AI$2:AI$61)*100+100 -> 141.77792 | AC8: =(AU8-AVERAGE(AU$2:AU$61))/AVERAGE(AU$2:AU$61)*100+100 -> 116.267 | AE8: ='2026_Fantasy_Relievers'!G4 -> 3.5 | AF8: ='2026_Fantasy_Relievers'!H4 -> 2.5 | AG8: ='2026_Fantasy_Relievers'!I4 -> 31.38525 | AH8: ='2026_Fantasy_Relievers'!J4 -> 2.9625 | AI8: =AG8+AH8 -> 34.34775 | AJ8: ='2026_Fantasy_Relievers'!K4 -> 5 | AK8: ='2026_Fantasy_Relievers'!L4 -> 44.41694 | AL8: ='2026_Fantasy_Relievers'!M4 -> 20.252463 | AM8: ='2026_Fantasy_Relievers'!N4 -> 18.279146 | AN8: ='2026_Fantasy_Relievers'!O4 -> 4.9483794 | AO8: ='2026_Fantasy_Relievers'!P4 -> 1.9828321 | AP8: ='2026_Fantasy_Relievers'!Q4 -> 3.4619595 | AQ8: ='2026_Fantasy_Relievers'!R4 -> 76.839613 | ... AW8: ='2026_Fantasy_Relievers'!X4 -> 1.1199902
A9: Gabe Speier | B9: SEA | C9: RP | D9: 60 | E9: 56.67 | F9: =H9+I9+J9+K9+L9+M9+N9+O9+P9+Q9 -> 6.192378 | G9: 229 | H9: =(T9-T$62)/T$63 -> -0.65711041 | I9: =(U9-U$62)/U$63 -> 0.37176094 | J9: =(V9-V$62)/V$63 -> 0.62301399 | K9: =(W9-W$62)/W$63 -> 2.6581769 | L9: =(X9-X$62)/X$63 -> 0.94156547 | M9: =(Y9-Y$62)/Y$63 -> 1.4834176 | N9: =(Z9-Z$62)/Z$63 -> 0.4776083 | O9: =(AA9-AA$62)/AA$63 -> 0.3636109 | ... Q9: =(AC9-AC$62)/AC$63 -> 1.0456588 | T9: =(AE9-AVERAGE(AE$2:AE$61))/AVERAGE(AE$2:AE$61)*100+100 -> 90.671642 | U9: =(AVERAGE(AF$2:AF$61)-AF9)/AVERAGE(AF$2:AF$61)*100+100 -> 105.67136 | V9: =(AVERAGE(AN$2:AN$61)-AN9)/AVERAGE(AN$2:AN$61)*100+100 -> 112.70893 | W9: =(AVERAGE(AP$2:AP$61)-AP9)/AVERAGE(AP$2:AP$61)*100+100 -> 136.3325 | X9: =(AVERAGE(AV$2:AV$61)-AV9)/AVERAGE(AV$2:AV$61)*100+100 -> 111.75001 | Y9: =(AVERAGE(AW$2:AW$61)-AW9)/AVERAGE(AW$2:AW$61)*100+100 -> 109.42252 | Z9: =(AS9-AVERAGE(AS$2:AS68))/AVERAGE(AS$2:AS$61)*100+100 -> 106.45452 | AA9: =(AVERAGE(AJ$2:AJ$61)-AJ9)/AVERAGE(AJ$2:AJ$61)*100+100 -> 115.09434 | AB9: =(AI9-AVERAGE(AI$2:AI$61))/AVERAGE(AI$2:AI$61)*100+100 -> 69.959741 | AC9: =(AU9-AVERAGE(AU$2:AU$61))/AVERAGE(AU$2:AU$61)*100+100 -> 121.45516 | AE9: ='2026_Fantasy_Relievers'!G48 -> 3 | AF9: ='2026_Fantasy_Relievers'!H48 -> 2.5 | AG9: ='2026_Fantasy_Relievers'!I48 -> 0.666 | AH9: ='2026_Fantasy_Relievers'!J48 -> 16.282759 | AI9: =AG9+AH9 -> 16.948759 | AJ9: ='2026_Fantasy_Relievers'!K48 -> 3 | AK9: ='2026_Fantasy_Relievers'!L48 -> 43.684648 | AL9: ='2026_Fantasy_Relievers'!M48 -> 20.884165 | AM9: ='2026_Fantasy_Relievers'!N48 -> 19.43459 | AN9: ='2026_Fantasy_Relievers'!O48 -> 6.0146066 | AO9: ='2026_Fantasy_Relievers'!P48 -> 1.9745735 | AP9: ='2026_Fantasy_Relievers'!Q48 -> 1.9409916 | AQ9: ='2026_Fantasy_Relievers'!R48 -> 66.573665 | ... AW9: ='2026_Fantasy_Relievers'!X48 -> 1.0748944
A10: Jhoan Duran | B10: PHI | C10: RP | D10: 65 | E10: 66.33 | F10: =H10+I10+J10+K10+L10+M10+N10+O10+P10+Q10 -> 5.7583469 | G10: 271 | H10: =(T10-T$62)/T$63 -> 1.4719273 | I10: =(U10-U$62)/U$63 -> -0.86489763 | J10: =(V10-V$62)/V$63 -> 1.5642754 | K10: =(W10-W$62)/W$63 -> -0.87120434 | L10: =(X10-X$62)/X$63 -> 1.5017734 | M10: =(Y10-Y$62)/Y$63 -> 0.86070089 | N10: =(Z10-Z$62)/Z$63 -> 0.25247466 | O10: =(AA10-AA$62)/AA$63 -> -0.31815954 | ... Q10: =(AC10-AC$62)/AC$63 -> 0.67859788 | T10: =(AE10-AVERAGE(AE$2:AE$61))/AVERAGE(AE$2:AE$61)*100+100 -> 120.89552 | U10: =(AVERAGE(AF$2:AF$61)-AF10)/AVERAGE(AF$2:AF$61)*100+100 -> 86.805636 | V10: =(AVERAGE(AN$2:AN$61)-AN10)/AVERAGE(AN$2:AN$61)*100+100 -> 131.90982 | W10: =(AVERAGE(AP$2:AP$61)-AP10)/AVERAGE(AP$2:AP$61)*100+100 -> 88.092202 | X10: =(AVERAGE(AV$2:AV$61)-AV10)/AVERAGE(AV$2:AV$61)*100+100 -> 118.74098 | Y10: =(AVERAGE(AW$2:AW$61)-AW10)/AVERAGE(AW$2:AW$61)*100+100 -> 105.46708 | Z10: =(AS10-AVERAGE(AS$2:AS69))/AVERAGE(AS$2:AS$61)*100+100 -> 103.41201 | AA10: =(AVERAGE(AJ$2:AJ$61)-AJ10)/AVERAGE(AJ$2:AJ$61)*100+100 -> 86.792453 | AB10: =(AI10-AVERAGE(AI$2:AI$61))/AVERAGE(AI$2:AI$61)*100+100 -> 139.93946 | AC10: =(AU10-AVERAGE(AU$2:AU$61))/AVERAGE(AU$2:AU$61)*100+100 -> 113.92368 | AE10: ='2026_Fantasy_Relievers'!G5 -> 4 | AF10: ='2026_Fantasy_Relievers'!H5 -> 3 | AG10: ='2026_Fantasy_Relievers'!I5 -> 30.945214 | AH10: ='2026_Fantasy_Relievers'!J5 -> 2.9571429 | AI10: =AG10+AH10 -> 33.902357 | AJ10: ='2026_Fantasy_Relievers'!K5 -> 4 | AK10: ='2026_Fantasy_Relievers'!L5 -> 53.489454 | AL10: ='2026_Fantasy_Relievers'!M5 -> 22.888972 | AM10: ='2026_Fantasy_Relievers'!N5 -> 20.945421 | AN10: ='2026_Fantasy_Relievers'!O5 -> 4.6916098 | AO10: ='2026_Fantasy_Relievers'!P5 -> 1.9759553 | AP10: ='2026_Fantasy_Relievers'!Q5 -> 3.4116638 | AQ10: ='2026_Fantasy_Relievers'!R5 -> 75.69481 | ... AW10: ='2026_Fantasy_Relievers'!X5 -> 1.121834
A11: 15 Jeremiah Estrada | B11: SD | C11: RP | D11: 67 | E11: 68.67 | F11: =H11+I11+J11+K11+L11+M11+N11+O11+P11+Q11 -> 5.575859 | G11: 282 | H11: =(T11-T$62)/T$63 -> 0.40740846 | I11: =(U11-U$62)/U$63 -> 0.37176094 | J11: =(V11-V$62)/V$63 -> -1.0205408 | K11: =(W11-W$62)/W$63 -> 0.26662895 | L11: =(X11-X$62)/X$63 -> 0.95340424 | M11: =(Y11-Y$62)/Y$63 -> 1.0421239 | N11: =(Z11-Z$62)/Z$63 -> 1.5436944 | O11: =(AA11-AA$62)/AA$63 -> 1.0453813 | ... Q11: =(AC11-AC$62)/AC$63 -> 1.3578671 | T11: =(AE11-AVERAGE(AE$2:AE$61))/AVERAGE(AE$2:AE$61)*100+100 -> 105.78358 | U11: =(AVERAGE(AF$2:AF$61)-AF11)/AVERAGE(AF$2:AF$61)*100+100 -> 105.67136 | V11: =(AVERAGE(AN$2:AN$61)-AN11)/AVERAGE(AN$2:AN$61)*100+100 -> 79.18188 | W11: =(AVERAGE(AP$2:AP$61)-AP11)/AVERAGE(AP$2:AP$61)*100+100 -> 103.64434 | X11: =(AVERAGE(AV$2:AV$61)-AV11)/AVERAGE(AV$2:AV$61)*100+100 -> 111.89775 | Y11: =(AVERAGE(AW$2:AW$61)-AW11)/AVERAGE(AW$2:AW$61)*100+100 -> 106.61946 | Z11: =(AS11-AVERAGE(AS$2:AS70))/AVERAGE(AS$2:AS$61)*100+100 -> 120.86189 | AA11: =(AVERAGE(AJ$2:AJ$61)-AJ11)/AVERAGE(AJ$2:AJ$61)*100+100 -> 143.39623 | AB11: =(AI11-AVERAGE(AI$2:AI$61))/AVERAGE(AI$2:AI$61)*100+100 -> 89.445348 | AC11: =(AU11-AVERAGE(AU$2:AU$61))/AVERAGE(AU$2:AU$61)*100+100 -> 127.86114 | AE11: ='2026_Fantasy_Relievers'!G51 -> 3.5 | AF11: ='2026_Fantasy_Relievers'!H51 -> 2.5 | AG11: ='2026_Fantasy_Relievers'!I51 -> 1.998 | AH11: ='2026_Fantasy_Relievers'!J51 -> 19.671429 | AI11: =AG11+AH11 -> 21.669429 | AJ11: ='2026_Fantasy_Relievers'!K51 -> 2 | AK11: ='2026_Fantasy_Relievers'!L51 -> 48.477834 | AL11: ='2026_Fantasy_Relievers'!M51 -> 25.46884 | AM11: ='2026_Fantasy_Relievers'!N51 -> 23.510483 | AN11: ='2026_Fantasy_Relievers'!O51 -> 8.324717 | AO11: ='2026_Fantasy_Relievers'!P51 -> 1.9798585 | AP11: ='2026_Fantasy_Relievers'!Q51 -> 2.9375354 | AQ11: ='2026_Fantasy_Relievers'!R51 -> 91.58863 | ... AW11: ='2026_Fantasy_Relievers'!X51 -> 1.1081585
A12: Griffin Jax | B12: TB | C12: RP | D12: 65 | E12: 65.67 | F12: =H12+I12+J12+K12+L12+M12+N12+O12+P12+Q12 -> 4.7605216 | G12: 265 | H12: =(T12-T$62)/T$63 -> 0.40740846 | I12: =(U12-U$62)/U$63 -> -0.86489763 | J12: =(V12-V$62)/V$63 -> 0.58050175 | K12: =(W12-W$62)/W$63 -> 0.27602706 | L12: =(X12-X$62)/X$63 -> 1.4076057 | M12: =(Y12-Y$62)/Y$63 -> 1.7201729 | N12: =(Z12-Z$62)/Z$63 -> 0.94118961 | O12: =(AA12-AA$62)/AA$63 -> -1.6817004 | ... Q12: =(AC12-AC$62)/AC$63 -> 1.6706867 | T12: =(AE12-AVERAGE(AE$2:AE$61))/AVERAGE(AE$2:AE$61)*100+100 -> 105.78358 | U12: =(AVERAGE(AF$2:AF$61)-AF12)/AVERAGE(AF$2:AF$61)*100+100 -> 86.805636 | V12: =(AVERAGE(AN$2:AN$61)-AN12)/AVERAGE(AN$2:AN$61)*100+100 -> 111.84172 | W12: =(AVERAGE(AP$2:AP$61)-AP12)/AVERAGE(AP$2:AP$61)*100+100 -> 103.77279 | X12: =(AVERAGE(AV$2:AV$61)-AV12)/AVERAGE(AV$2:AV$61)*100+100 -> 117.56584 | Y12: =(AVERAGE(AW$2:AW$61)-AW12)/AVERAGE(AW$2:AW$61)*100+100 -> 110.92636 | Z12: =(AS12-AVERAGE(AS$2:AS71))/AVERAGE(AS$2:AS$61)*100+100 -> 112.71948 | AA12: =(AVERAGE(AJ$2:AJ$61)-AJ12)/AVERAGE(AJ$2:AJ$61)*100+100 -> 30.188679 | AB12: =(AI12-AVERAGE(AI$2:AI$61))/AVERAGE(AI$2:AI$61)*100+100 -> 108.17524 | AC12: =(AU12-AVERAGE(AU$2:AU$61))/AVERAGE(AU$2:AU$61)*100+100 -> 134.27968 | AE12: ='2026_Fantasy_Relievers'!G36 -> 3.5 | AF12: ='2026_Fantasy_Relievers'!H36 -> 3 | AG12: ='2026_Fantasy_Relievers'!I36 -> 13.866716 | AH12: ='2026_Fantasy_Relievers'!J36 -> 12.340299 | AI12: =AG12+AH12 -> 26.207015 | AJ12: ='2026_Fantasy_Relievers'!K36 -> 6 | AK12: ='2026_Fantasy_Relievers'!L36 -> 50.860226 | AL12: ='2026_Fantasy_Relievers'!M36 -> 22.992647 | AM12: ='2026_Fantasy_Relievers'!N36 -> 21.036901 | AN12: ='2026_Fantasy_Relievers'!O36 -> 6.07436 | AO12: ='2026_Fantasy_Relievers'!P36 -> 1.6827228 | AP12: ='2026_Fantasy_Relievers'!Q36 -> 2.9336193 | AQ12: ='2026_Fantasy_Relievers'!R36 -> 81.686659 | ... AW12: ='2026_Fantasy_Relievers'!X36 -> 1.057048
A13: Abner Uribe | B13: MIL | C13: RP | D13: 67 | E13: 68.67 | F13: =H13+I13+J13+K13+L13+M13+N13+O13+P13+Q13 -> 4.3621603 | G13: 286 | H13: =(T13-T$62)/T$63 -> 0.40740846 | I13: =(U13-U$62)/U$63 -> 0.37176094 | J13: =(V13-V$62)/V$63 -> 1.7759919 | K13: =(W13-W$62)/W$63 -> -0.90996226 | L13: =(X13-X$62)/X$63 -> 1.4124882 | M13: =(Y13-Y$62)/Y$63 -> -0.082946119 | N13: =(Z13-Z$62)/Z$63 -> 0.43244356 | O13: =(AA13-AA$62)/AA$63 -> 0.3636109 | ... Q13: =(AC13-AC$62)/AC$63 -> -0.20860742 | T13: =(AE13-AVERAGE(AE$2:AE$61))/AVERAGE(AE$2:AE$61)*100+100 -> 105.78358 | U13: =(AVERAGE(AF$2:AF$61)-AF13)/AVERAGE(AF$2:AF$61)*100+100 -> 105.67136 | V13: =(AVERAGE(AN$2:AN$61)-AN13)/AVERAGE(AN$2:AN$61)*100+100 -> 136.22865 | W13: =(AVERAGE(AP$2:AP$61)-AP13)/AVERAGE(AP$2:AP$61)*100+100 -> 87.562451 | X13: =(AVERAGE(AV$2:AV$61)-AV13)/AVERAGE(AV$2:AV$61)*100+100 -> 117.62677 | Y13: =(AVERAGE(AW$2:AW$61)-AW13)/AVERAGE(AW$2:AW$61)*100+100 -> 99.473135 | Z13: =(AS13-AVERAGE(AS$2:AS72))/AVERAGE(AS$2:AS$61)*100+100 -> 105.84416 | AA13: =(AVERAGE(AJ$2:AJ$61)-AJ13)/AVERAGE(AJ$2:AJ$61)*100+100 -> 115.09434 | AB13: =(AI13-AVERAGE(AI$2:AI$61))/AVERAGE(AI$2:AI$61)*100+100 -> 121.54653 | AC13: =(AU13-AVERAGE(AU$2:AU$61))/AVERAGE(AU$2:AU$61)*100+100 -> 95.719727 | AE13: ='2026_Fantasy_Relievers'!G33 -> 3.5 | AF13: ='2026_Fantasy_Relievers'!H33 -> 2.5 | AG13: ='2026_Fantasy_Relievers'!I33 -> 16.543625 | AH13: ='2026_Fantasy_Relievers'!J33 -> 12.902778 | AI13: =AG13+AH13 -> 29.446403 | AJ13: ='2026_Fantasy_Relievers'!K33 -> 3 | AK13: ='2026_Fantasy_Relievers'!L33 -> 50.280715 | AL13: ='2026_Fantasy_Relievers'!M33 -> 23.934707 | AM13: ='2026_Fantasy_Relievers'!N33 -> 21.981669 | AN13: ='2026_Fantasy_Relievers'!O33 -> 4.3940302 | AO13: ='2026_Fantasy_Relievers'!P33 -> 1.9767174 | AP13: ='2026_Fantasy_Relievers'!Q33 -> 3.427814 | AQ13: ='2026_Fantasy_Relievers'!R33 -> 80.208254 | ... AW13: ='2026_Fantasy_Relievers'!X33 -> 1.1929649
A14: David Bednar | B14: NYY | C14: RP | D14: 62 | E14: 63.67 | F14: =H14+I14+J14+K14+L14+M14+N14+O14+P14+Q14 -> 4.1492954 | G14: 259 | H14: =(T14-T$62)/T$63 -> 0.40740846 | I14: =(U14-U$62)/U$63 -> -0.86489763 | J14: =(V14-V$62)/V$63 -> 0.012003664 | K14: =(W14-W$62)/W$63 -> 0.25216628 | L14: =(X14-X$62)/X$63 -> 0.70084447 | M14: =(Y14-Y$62)/Y$63 -> 1.0379415 | N14: =(Z14-Z$62)/Z$63 -> 0.563272 | O14: =(AA14-AA$62)/AA$63 -> -0.31815954 | ... Q14: =(AC14-AC$62)/AC$63 -> 0.81348408 | T14: =(AE14-AVERAGE(AE$2:AE$61))/AVERAGE(AE$2:AE$61)*100+100 -> 105.78358 | U14: =(AVERAGE(AF$2:AF$61)-AF14)/AVERAGE(AF$2:AF$61)*100+100 -> 86.805636 | V14: =(AVERAGE(AN$2:AN$61)-AN14)/AVERAGE(AN$2:AN$61)*100+100 -> 100.24486 | W14: =(AVERAGE(AP$2:AP$61)-AP14)/AVERAGE(AP$2:AP$61)*100+100 -> 103.44666 | X14: =(AVERAGE(AV$2:AV$61)-AV14)/AVERAGE(AV$2:AV$61)*100+100 -> 108.746 | Y14: =(AVERAGE(AW$2:AW$61)-AW14)/AVERAGE(AW$2:AW$61)*100+100 -> 106.5929 | Z14: =(AS14-AVERAGE(AS$2:AS73))/AVERAGE(AS$2:AS$61)*100+100 -> 107.61221 | AA14: =(AVERAGE(AJ$2:AJ$61)-AJ14)/AVERAGE(AJ$2:AJ$61)*100+100 -> 86.792453 | AB14: =(AI14-AVERAGE(AI$2:AI$61))/AVERAGE(AI$2:AI$61)*100+100 -> 141.61943 | AC14: =(AU14-AVERAGE(AU$2:AU$61))/AVERAGE(AU$2:AU$61)*100+100 -> 116.69132 | AE14: ='2026_Fantasy_Relievers'!G7 -> 3.5 | AF14: ='2026_Fantasy_Relievers'!H7 -> 3 | AG14: ='2026_Fantasy_Relievers'!I7 -> 31.127815 | AH14: ='2026_Fantasy_Relievers'!J7 -> 3.1815385 | AI14: =AG14+AH14 -> 34.309354 | AJ14: ='2026_Fantasy_Relievers'!K7 -> 4 | AK14: ='2026_Fantasy_Relievers'!L7 -> 48.585497 | AL14: ='2026_Fantasy_Relievers'!M7 -> 24.540833 | AM14: ='2026_Fantasy_Relievers'!N7 -> 22.578458 | AN14: ='2026_Fantasy_Relievers'!O7 -> 6.8734166 | AO14: ='2026_Fantasy_Relievers'!P7 -> 1.9819695 | AP14: ='2026_Fantasy_Relievers'!Q7 -> 2.9435619 | AQ14: ='2026_Fantasy_Relievers'!R7 -> 75.610396 | ... AW14: ='2026_Fantasy_Relievers'!X7 -> 1.1084738
A15: Alex Vesia | B15: LAD | C15: RP | D15: 62 | E15: 61.67 | F15: =H15+I15+J15+K15+L15+M15+N15+O15+P15+Q15 -> 3.6989894 | G15: 254 | H15: =(T15-T$62)/T$63 -> 0.40740846 | I15: =(U15-U$62)/U$63 -> 1.6084195 | J15: =(V15-V$62)/V$63 -> -1.0559926 | K15: =(W15-W$62)/W$63 -> 0.073925936 | L15: =(X15-X$62)/X$63 -> 0.10918007 | M15: =(Y15-Y$62)/Y$63 -> 0.69118472 | N15: =(Z15-Z$62)/Z$63 -> 1.0338726 | O15: =(AA15-AA$62)/AA$63 -> 0.3636109 | ... Q15: =(AC15-AC$62)/AC$63 -> 0.78874594 | T15: =(AE15-AVERAGE(AE$2:AE$61))/AVERAGE(AE$2:AE$61)*100+100 -> 105.78358 | U15: =(AVERAGE(AF$2:AF$61)-AF15)/AVERAGE(AF$2:AF$61)*100+100 -> 124.53709 | V15: =(AVERAGE(AN$2:AN$61)-AN15)/AVERAGE(AN$2:AN$61)*100+100 -> 78.458695 | W15: =(AVERAGE(AP$2:AP$61)-AP15)/AVERAGE(AP$2:AP$61)*100+100 -> 101.01043 | X15: =(AVERAGE(AV$2:AV$61)-AV15)/AVERAGE(AV$2:AV$61)*100+100 -> 101.36248 | Y15: =(AVERAGE(AW$2:AW$61)-AW15)/AVERAGE(AW$2:AW$61)*100+100 -> 104.39033 | Z15: =(AS15-AVERAGE(AS$2:AS74))/AVERAGE(AS$2:AS$61)*100+100 -> 113.97203 | AA15: =(AVERAGE(AJ$2:AJ$61)-AJ15)/AVERAGE(AJ$2:AJ$61)*100+100 -> 115.09434 | AB15: =(AI15-AVERAGE(AI$2:AI$61))/AVERAGE(AI$2:AI$61)*100+100 -> 91.344293 | AC15: =(AU15-AVERAGE(AU$2:AU$61))/AVERAGE(AU$2:AU$61)*100+100 -> 116.18374 | AE15: ='2026_Fantasy_Relievers'!G26 -> 3.5 | AF15: ='2026_Fantasy_Relievers'!H26 -> 2 | AG15: ='2026_Fantasy_Relievers'!I26 -> 1.670459 | AH15: ='2026_Fantasy_Relievers'!J26 -> 20.459016 | AI15: =AG15+AH15 -> 22.129475 | AJ15: ='2026_Fantasy_Relievers'!K26 -> 3 | AK15: ='2026_Fantasy_Relievers'!L26 -> 44.763536 | AL15: ='2026_Fantasy_Relievers'!M26 -> 25.65059 | AM15: ='2026_Fantasy_Relievers'!N26 -> 23.638701 | AN15: ='2026_Fantasy_Relievers'!O26 -> 8.3745465 | AO15: ='2026_Fantasy_Relievers'!P26 -> 2.0000926 | AP15: ='2026_Fantasy_Relievers'!Q26 -> 3.0178336 | AQ15: ='2026_Fantasy_Relievers'!R26 -> 77.563491 | ... AW15: ='2026_Fantasy_Relievers'!X26 -> 1.1346119
A16: Garrett Whitlock | B16: BOS | C16: RP | D16: 58 | E16: 64 | F16: =H16+I16+J16+K16+L16+M16+N16+O16+P16+Q16 -> 3.6603742 | G16: 262 | H16: =(T16-T$62)/T$63 -> 0.40740846 | I16: =(U16-U$62)/U$63 -> 0.37176094 | J16: =(V16-V$62)/V$63 -> 0.5040232 | K16: =(W16-W$62)/W$63 -> 0.45303388 | L16: =(X16-X$62)/X$63 -> 0.34965186 | M16: =(Y16-Y$62)/Y$63 -> 0.64282575 | N16: =(Z16-Z$62)/Z$63 -> -0.048060398 | O16: =(AA16-AA$62)/AA$63 -> 1.0453813 | ... Q16: =(AC16-AC$62)/AC$63 -> 0.58026336 | T16: =(AE16-AVERAGE(AE$2:AE$61))/AVERAGE(AE$2:AE$61)*100+100 -> 105.78358 | U16: =(AVERAGE(AF$2:AF$61)-AF16)/AVERAGE(AF$2:AF$61)*100+100 -> 105.67136 | V16: =(AVERAGE(AN$2:AN$61)-AN16)/AVERAGE(AN$2:AN$61)*100+100 -> 110.28162 | W16: =(AVERAGE(AP$2:AP$61)-AP16)/AVERAGE(AP$2:AP$61)*100+100 -> 106.19216 | X16: =(AVERAGE(AV$2:AV$61)-AV16)/AVERAGE(AV$2:AV$61)*100+100 -> 104.36339 | Y16: =(AVERAGE(AW$2:AW$61)-AW16)/AVERAGE(AW$2:AW$61)*100+100 -> 104.08316 | Z16: =(AS16-AVERAGE(AS$2:AS75))/AVERAGE(AS$2:AS$61)*100+100 -> 99.350499 | AA16: =(AVERAGE(AJ$2:AJ$61)-AJ16)/AVERAGE(AJ$2:AJ$61)*100+100 -> 143.39623 | AB16: =(AI16-AVERAGE(AI$2:AI$61))/AVERAGE(AI$2:AI$61)*100+100 -> 82.602885 | AC16: =(AU16-AVERAGE(AU$2:AU$61))/AVERAGE(AU$2:AU$61)*100+100 -> 111.90603 | AE16: ='2026_Fantasy_Relievers'!G28 -> 3.5 | AF16: ='2026_Fantasy_Relievers'!H28 -> 2.5 | AG16: ='2026_Fantasy_Relievers'!I28 -> 3.4917429 | AH16: ='2026_Fantasy_Relievers'!J28 -> 16.52 | AI16: =AG16+AH16 -> 20.011743 | AJ16: ='2026_Fantasy_Relievers'!K28 -> 2 | AK16: ='2026_Fantasy_Relievers'!L28 -> 54.697232 | AL16: ='2026_Fantasy_Relievers'!M28 -> 25.692042 | AM16: ='2026_Fantasy_Relievers'!N28 -> 23.785467 | AN16: ='2026_Fantasy_Relievers'!O28 -> 6.181855 | AO16: ='2026_Fantasy_Relievers'!P28 -> 1.1601375 | AP16: ='2026_Fantasy_Relievers'!Q28 -> 2.8598616 | AQ16: ='2026_Fantasy_Relievers'!R28 -> 70.167363 | ... AW16: ='2026_Fantasy_Relievers'!X28 -> 1.1382571
