Workbook

Sheet 2026_Fantasy_Starters
A1: Team | B1: Name | C1: Position | D1: G | E1: IP | F1: TBF | G1: W | H1: L | I1: QS | J1: H | K1: R | L1: ER | M1: HR | N1: IBB | O1: HBP | P1: K | Q1: BB | R1: K/9 | S1: BB/9 | T1: K-BB% | U1: ERA | V1: WHIP | W1: W% | X1: L% | Y1: QS% | Z1: H% | AA1: R% | AB1: ER% | AC1: HR% | AD1: IBB% | AE1: HBP% | AF1: K% | AG1: BB%
A2: DET | B2: Tarik Skubal | C2: SP | D2: 30 | E2: 192.33 | F2: 752 | G2: =W2*$D2 -> 13.694625 | H2: =X2*$D2 -> 7.8046875 | I2: =Y2*$D2 -> 18.791667 | J2: =Z2*$F2 -> 147.68703 | K2: =AA2*$F2 -> 61.689588 | L2: =AB2*$F2 -> 55.759516 | M2: =AC2*$F2 -> 18.965674 | N2: =AD2*$F2 -> 0.50000029 | O2: =AE2*$F2 -> 6.5151911 | P2: =AF2*$F2 -> 233.52855 | Q2: =AG2*$F2 -> 39.871036 | R2: =P2/$E2*9 -> 10.927869 | S2: =Q2/$E2*9 -> 1.8657481 | T2: =AF2-AG2 -> 0.25752329 | U2: =L2/$E2*9 -> 2.6092427 | V2: =(Q2+J2)/$E2 -> 0.97518883 | W2: 0.4564875 | X2: 0.26015625 | Y2: 0.6263888888888889 | Z2: 0.19639232846717486 | AA2: 0.082034027 | AB2: 0.074148293 | AC2: 0.025220311 | AD2: 0.000664894 | AE2: 0.008663818 | AF2: 0.31054328485626237 | AG2: 0.053019995168297196
A3: PIT | B3: Paul Skenes | C3: SP | D3: 30 | E3: 187.33 | F3: 745 | G3: =W3*$D3 -> 12.778875 | H3: =X3*$D3 -> 8.1376875 | I3: =Y3*$D3 -> 18 | J3: =Z3*$F3 -> 147.24492 | K3: =AA3*$F3 -> 63.561676 | L3: =AB3*$F3 -> 57.998112 | M3: =AC3*$F3 -> 15.851604 | N3: =AD3*$F3 -> 0.97391839 | O3: =AE3*$F3 -> 6.8651675 | P3: =AF3*$F3 -> 216.81336 | Q3: =AG3*$F3 -> 46.595927 | R3: =P3/$E3*9 -> 10.416486 | S3: =Q3/$E3*9 -> 2.2386342 | T3: =AF3-AG3 -> 0.22847978 | U3: =L3/$E3*9 -> 2.7864358 | V3: =(Q3+J3)/$E3 -> 1.034756 | W3: 0.4259625 | X3: 0.27125625 | Y3: 0.6 | Z3: 0.19764418595629166 | AA3: 0.085317686 | AB3: 0.077849815 | AC3: 0.021277321029525426 | AD3: 0.001307273 | AE3: 0.00921499 | AF3: 0.2910246443737717 | AG3: 0.062544868
A4: BOS | B4: Garrett Crochet | C4: SP | D4: 29 | E4: 181.67 | F4: 727 | G4: =W4*$D4 -> 13.382437 | H4: =X4*$D4 -> 8.0440312 | I4: =Y4*$D4 -> 17.166667 | J4: =Z4*$F4 -> 147.10707 | K4: =AA4*$F4 -> 64.217862 | L4: =AB4*$F4 -> 57.307448 | M4: =AC4*$F4 -> 19.042319 | N4: =AD4*$F4 -> 1.0000001 | O4: =AE4*$F4 -> 5.1998319 | P4: =AF4*$F4 -> 222.05758 | Q4: =AG4*$F4 -> 45.900299 | R4: =P4/$E4*9 -> 11.000816 | S4: =Q4/$E4*9 -> 2.273918 | T4: =AF4-AG4 -> 0.24230713 | U4: =L4/$E4*9 -> 2.8390325 | V4: =(Q4+J4)/$E4 -> 1.0624064 | W4: 0.46146336206896554 | X4: 0.2773803879310345 | Y4: 0.5919540229885057 | Z4: 0.2023481009699661 | AA4: 0.088332685 | AB4: 0.078827301 | AC4: 0.026193010425305842 | AD4: 0.001375516 | AE4: 0.007152451 | AF4: 0.3054437137965822 | AG4: 0.063136587
A5: LAD | B5: Yoshinobu Yamamoto | C5: SP | D5: 26 | E5: 160.67 | F5: 652 | G5: =W5*$D5 -> 12.011786 | H5: =X5*$D5 -> 6.66 | I5: =Y5*$D5 -> 14.166667 | J5: =Z5*$F5 -> 135.51266 | K5: =AA5*$F5 -> 64.709463 | L5: =AB5*$F5 -> 60.474558 | M5: =AC5*$F5 -> 16.179261 | N5: =AD5*$F5 -> 0.49999989 | O5: =AE5*$F5 -> 5.0160662 | P5: =AF5*$F5 -> 174.05888 | Q5: =AG5*$F5 -> 48.02686 | R5: =P5/$E5*9 -> 9.749984 | S5: =Q5/$E5*9 -> 2.6902455 | T5: =AF5-AG5 -> 0.19330065 | U5: =L5/$E5*9 -> 3.3875087 | V5: =(Q5+J5)/$E5 -> 1.1423384 | W5: 0.4619917582417582 | X5: 0.2561538461538461 | Y5: 0.5448717948717948 | Z5: 0.20784149678346364 | AA5: 0.099247643 | AB5: 0.09275239 | AC5: 0.024814817 | AD5: 0.000766871 | AE5: 0.007693353 | AF5: 0.26696147314689755 | AG5: 0.073660828
A6: PHI | B6: Cristopher Sanchez | C6: SP | D6: 30 | E6: 190.33 | F6: 777 | G6: =W6*$D6 -> 12.477453 | H6: =X6*$D6 -> 8.1376875 | I6: =Y6*$D6 -> 17.854167 | J6: =Z6*$F6 -> 172.92555 | K6: =AA6*$F6 -> 72.83968 | L6: =AB6*$F6 -> 68.052825 | M6: =AC6*$F6 -> 16.328832 | N6: =AD6*$F6 -> 0.99999978 | O6: =AE6*$F6 -> 6.223958 | P6: =AF6*$F6 -> 183.46999 | Q6: =AG6*$F6 -> 47.030139 | R6: =P6/$E6*9 -> 8.6756156 | S6: =Q6/$E6*9 -> 2.2238809 | T6: =AF6-AG6 -> 0.17559826 | U6: =L6/$E6*9 -> 3.2179658 | V6: =(Q6+J6)/$E6 -> 1.1556543 | W6: 0.41591508620689654 | X6: 0.27125625 | Y6: 0.5951388888888889 | Z6: 0.22255539992469836 | AA6: 0.093744762 | AB6: 0.087584074 | AC6: 0.021015228 | AD6: 0.001287001 | AE6: 0.008010242 | AF6: 0.2361261132168638 | AG6: 0.060527849642289806
A7: SEA | B7: Bryan Woo | C7: SP | D7: 30 | E7: 185.33 | F7: 741 | G7: =W7*$D7 -> 12.332893 | H7: =X7*$D7 -> 8.449875 | I7: =Y7*$D7 -> 16.885417 | J7: =Z7*$F7 -> 157.62567 | K7: =AA7*$F7 -> 74.431995 | L7: =AB7*$F7 -> 70.282904 | M7: =AC7*$F7 -> 23.844946 | N7: =AD7*$F7 -> 0.96254714 | O7: =AE7*$F7 -> 7.1359248 | P7: =AF7*$F7 -> 188.17819 | Q7: =AG7*$F7 -> 37.111962 | R7: =P7/$E7*9 -> 9.1383137 | S7: =Q7/$E7*9 -> 1.802232 | T7: =AF7-AG7 -> 0.20386805 | U7: =L7/$E7*9 -> 3.4130801 | V7: =(Q7+J7)/$E7 -> 1.0507615 | W7: 0.4110964285714286 | X7: 0.2816625 | Y7: 0.5628472222222222 | Z7: 0.21272019835766143 | AA7: 0.1004480362272818 | AB7: 0.094848723 | AC7: 0.032179414 | AD7: 0.001298984 | AE7: 0.009630128 | AF7: 0.25395166902354027 | AG7: 0.050083619678029045
A8: HOU | B8: Hunter Brown | C8: SP | D8: 30 | E8: 182.67 | F8: 753 | G8: =W8*$D8 -> 12.192097 | H8: =X8*$D8 -> 9.2165806 | I8: =Y8*$D8 -> 16.532258 | J8: =Z8*$F8 -> 156.41368 | K8: =AA8*$F8 -> 75.434012 | L8: =AB8*$F8 -> 65.626076 | M8: =AC8*$F8 -> 19.579342 | N8: =AD8*$F8 -> 1.4889611 | O8: =AE8*$F8 -> 6.9353612 | P8: =AF8*$F8 -> 195.50459 | Q8: =AG8*$F8 -> 60.54853 | R8: =P8/$E8*9 -> 9.6323494 | S8: =Q8/$E8*9 -> 2.9831761 | T8: =AF8-AG8 -> 0.17922451 | U8: =L8/$E8*9 -> 3.2333425 | V8: =(Q8+J8)/$E8 -> 1.1877276 | W8: 0.4064032258064516 | X8: 0.30721935483870966 | Y8: 0.5510752688172043 | Z8: 0.20772068498734197 | AA8: 0.10017797090465749 | AB8: 0.087152823 | AC8: 0.026001782 | AD8: 0.001977372 | AE8: 0.009210307 | AF8: 0.2596342438239594 | AG8: 0.080409735
A9: ATL | B9: Chris Sale | C9: SP | D9: 25 | E9: 155.67 | F9: 631 | G9: =W9*$D9 -> 10.636539 | H9: =X9*$D9 -> 7.0405714 | I9: =Y9*$D9 -> 14.369048 | J9: =Z9*$F9 -> 129.17627 | K9: =AA9*$F9 -> 57.767283 | L9: =AB9*$F9 -> 53.632265 | M9: =AC9*$F9 -> 17.129864 | N9: =AD9*$F9 -> 0.95991254 | O9: =AE9*$F9 -> 8.3679988 | P9: =AF9*$F9 -> 186.65946 | Q9: =AG9*$F9 -> 41.983885 | R9: =P9/$E9*9 -> 10.791644 | S9: =Q9/$E9*9 -> 2.4272819 | T9: =AF9-AG9 -> 0.22927984 | U9: =L9/$E9*9 -> 3.1007284 | V9: =(Q9+J9)/$E9 -> 1.0995064 | W9: 0.4254615584415584 | X9: 0.2816228571428572 | Y9: 0.5747619047619047 | Z9: 0.20471675469740397 | AA9: 0.091548785 | AB9: 0.084995666 | AC9: 0.027147168928802055 | AD9: 0.001521256 | AE9: 0.013261487783917137 | AF9: 0.29581531389472593 | AG9: 0.066535476
A10: SF | B10: Logan Webb | C10: SP | D10: 30 | E10: 196.67 | F10: 809 | G10: =W10*$D10 -> 13.715438 | H10: =X10*$D10 -> 9.448875 | I10: =Y10*$D10 -> 17.697917 | J10: =Z10*$F10 -> 185.71255 | K10: =AA10*$F10 -> 77.833799 | L10: =AB10*$F10 -> 68.347173 | M10: =AC10*$F10 -> 15.811923 | N10: =AD10*$F10 -> 0.98676319 | O10: =AE10*$F10 -> 5.9411051 | P10: =AF10*$F10 -> 186.26835 | Q10: =AG10*$F10 -> 46.151144 | R10: =P10/$E10*9 -> 8.5240004 | S10: =Q10/$E10*9 -> 2.1119657 | T10: =AF10-AG10 -> 0.17319803 | U10: =L10/$E10*9 -> 3.127699 | V10: =(Q10+J10)/$E10 -> 1.178948 | W10: 0.45718125 | X10: 0.31496250000000003 | Y10: 0.5899305555555555 | Z10: 0.2295581638268903 | AA10: 0.096209888 | AB10: 0.084483526 | AC10: 0.019545022799723158 | AD10: 0.001219732 | AE10: 0.007343764 | AF10: 0.23024518094422106 | AG10: 0.057047149
A11: SEA | B11: Logan Gilbert | C11: SP | D11: 28 | E11: 165.67 | F11: 660 | G11: =W11*$D11 -> 10.32989 | H11: =X11*$D11 -> 8.2216552 | I11: =Y11*$D11 -> 14.701149 | J11: =Z11*$F11 -> 137.18241 | K11: =AA11*$F11 -> 64.480349 | L11: =AB11*$F11 -> 61.992826 | M11: =AC11*$F11 -> 21.579338 | N11: =AD11*$F11 -> 0.98672574 | O11: =AE11*$F11 -> 5.5954371 | P11: =AF11*$F11 -> 182.73092 | Q11: =AG11*$F11 -> 37.550063 | R11: =P11/$E11*9 -> 9.926832 | S11: =Q11/$E11*9 -> 2.039902 | T11: =AF11-AG11 -> 0.21997099 | U11: =L11/$E11*9 -> 3.3677518 | V11: =(Q11+J11)/$E11 -> 1.0547019 | W11: 0.36892463054187186 | X11: 0.29363054187192117 | Y11: 0.5250410509031198 | Z11: 0.20785213420468282 | AA11: 0.097697499 | AB11: 0.093928524 | AC11: 0.032695966 | AD11: 0.001495039 | AE11: 0.008477935 | AF11: 0.27686502735538165 | AG11: 0.056894035
A12: NYY | B12: Max Fried | C12: SP | D12: 29 | E12: 180.33 | F12: 743 | G12: =W12*$D12 -> 12.862317 | H12: =X12*$D12 -> 8.1316452 | I12: =Y12*$D12 -> 16.543011 | J12: =Z12*$F12 -> 159.21809 | K12: =AA12*$F12 -> 72.578898 | L12: =AB12*$F12 -> 66.751205 | M12: =AC12*$F12 -> 16.729017 | N12: =AD12*$F12 -> 0.97084912 | O12: =AE12*$F12 -> 6.8602401 | P12: =AF12*$F12 -> 167.17142 | Q12: =AG12*$F12 -> 54.608752 | R12: =P12/$E12*9 -> 8.3432749 | S12: =Q12/$E12*9 -> 2.7254409 | T12: =AF12-AG12 -> 0.15149753 | U12: =L12/$E12*9 -> 3.3314526 | V12: =(Q12+J12)/$E12 -> 1.185753 | W12: 0.44352817 | X12: 0.2804015572858732 | Y12: 0.5704486466444197 | Z12: 0.2142908339244556 | AA12: 0.097683578 | AB12: 0.089840115 | AC12: 0.022515500749074338 | AD12: 0.001306661 | AE12: 0.009233163 | AF12: 0.2249951784351669 | AG12: 0.073497647
A13: CIN | B13: Hunter Greene | C13: SP | D13: 28 | E13: 167.67 | F13: 685 | G13: =W13*$D13 -> 9.7465161 | H13: =X13*$D13 -> 9.3025161 | I13: =Y13*$D13 -> 14.645161 | J13: =Z13*$F13 -> 135.49744 | K13: =AA13*$F13 -> 71.916911 | L13: =AB13*$F13 -> 68.627122 | M13: =AC13*$F13 -> 24.002223 | N13: =AD13*$F13 -> 0.5 | O13: =AE13*$F13 -> 9.2625198 | P13: =AF13*$F13 -> 197.64395 | Q13: =AG13*$F13 -> 53.45398 | R13: =P13/$E13*9 -> 10.608908 | S13: =Q13/$E13*9 -> 2.8692421 | T13: =AF13-AG13 -> 0.21049631 | U13: =L13/$E13*9 -> 3.6836888 | V13: =(Q13+J13)/$E13 -> 1.1269245 | W13: 0.3480898617511521 | X13: 0.33223271889400924 | Y13: 0.5230414746543779 | Z13: 0.1978064877087199 | AA13: 0.10498819160658443 | AB13: 0.10018557913945442 | AC13: 0.035039741 | AD13: 0.000729927 | AE13: 0.013521926693288422 | AF13: 0.28853131369578733 | AG13: 0.078035007
A14: KC | B14: Cole Ragans | C14: SP | D14: 26 | E14: 152.67 | F14: 624 | G14: =W14*$D14 -> 10.131621 | H14: =X14*$D14 -> 8.0149655 | I14: =Y14*$D14 -> 13.603448 | J14: =Z14*$F14 -> 121.04801 | K14: =AA14*$F14 -> 61.325126 | L14: =AB14*$F14 -> 57.53109 | M14: =AC14*$F14 -> 16.202958 | N14: =AD14*$F14 -> 1.4388186 | O14: =AE14*$F14 -> 5.0755524 | P14: =AF14*$F14 -> 188.59274 | Q14: =AG14*$F14 -> 53.953514 | R14: =P14/$E14*9 -> 11.11767 | S14: =Q14/$E14*9 -> 3.1805962 | T14: =AF14-AG14 -> 0.21576799 | U14: =L14/$E14*9 -> 3.3914968 | V14: =(Q14+J14)/$E14 -> 1.1462732 | W14: 0.38967771883289126 | X14: 0.3082679045092839 | Y14: 0.5232095490716181 | Z14: 0.19398719440164605 | AA14: 0.098277445 | AB14: 0.09219726 | AC14: 0.025966279464717648 | AD14: 0.002305799 | AE14: 0.008133898 | AF14: 0.30223194949567844 | AG14: 0.086463964
A15: TEX | B15: Jacob deGrom | C15: SP | D15: 26 | E15: 154.67 | F15: 617 | G15: =W15*$D15 -> 9.944069 | H15: =X15*$D15 -> 7.6819655 | I15: =Y15*$D15 -> 13.62069 | J15: =Z15*$F15 -> 127.38782 | K15: =AA15*$F15 -> 63.776432 | L15: =AB15*$F15 -> 59.723719 | M15: =AC15*$F15 -> 21.525732 | N15: =AD15*$F15 -> 0.50000014 | O15: =AE15*$F15 -> 4.0838409 | P15: =AF15*$F15 -> 168.41653 | Q15: =AG15*$F15 -> 37.169496 | R15: =P15/$E15*9 -> 9.7998886 | S15: =Q15/$E15*9 -> 2.1628335 | T15: =AF15-AG15 -> 0.21271805 | U15: =L15/$E15*9 -> 3.4752277 | V15: =(Q15+J15)/$E15 -> 1.0639252 | W15: 0.38246419098143236 | X15: 0.2954602122015915 | Y15: 0.5238726790450928 | Z15: 0.20646323561754726 | AA15: 0.10336536846142315 | AB15: 0.096796951 | AC15: 0.034887735 | AD15: 0.000810373 | AE15: 0.006618867 | AF15: 0.2729603408095245 | AG15: 0.060242295
A16: MIN | B16: Joe Ryan | C16: SP | D16: 28 | E16: 168 | F16: 680 | G16: =W16*$D16 -> 10.86269 | H16: =X16*$D16 -> 9.5421724 | I16: =Y16*$D16 -> 14.385057 | J16: =Z16*$F16 -> 143.97104 | K16: =AA16*$F16 -> 74.215223 | L16: =AB16*$F16 -> 70.019195 | M16: =AC16*$F16 -> 24.559251 | N16: =AD16*$F16 -> 0.49999992 | O16: =AE16*$F16 -> 7.5288655 | P16: =AF16*$F16 -> 182.60725 | Q16: =AG16*$F16 -> 38.854035 | R16: =P16/$E16*9 -> 9.7825311 | S16: =Q16/$E16*9 -> 2.0814662 | T16: =AF16-AG16 -> 0.21140178 | U16: =L16/$E16*9 -> 3.7510283 | V16: =(Q16+J16)/$E16 -> 1.0882445 | W16: 0.38795320197044336 | X16: 0.34079187192118227 | Y16: 0.51375205 | Z16: 0.21172211968271487 | AA16: 0.10914003454477993 | AB16: 0.10296940468452964 | AC16: 0.036116545211530196 | AD16: 0.000735294 | AE16: 0.011071861 | AF16: 0.2685400683536352 | AG16: 0.057138287
A17: NYM | B17: Freddy Peralta | C17: SP | D17: 29 | E17: 166.67 | F17: 691 | G17: =W17*$D17 -> 11.1888 | H17: =X17*$D17 -> 8.991 | I17: =Y17*$D17 -> 14 | J17: =Z17*$F17 -> 137.11136 | K17: =AA17*$F17 -> 74.903935 | L17: =AB17*$F17 -> 70.533279 | M17: =AC17*$F17 -> 21.779388 | N17: =AD17*$F17 -> 0.5 | O17: =AE17*$F17 -> 7.9284428 | P17: =AF17*$F17 -> 181.3385 | Q17: =AG17*$F17 -> 61.256703 | R17: =P17/$E17*9 -> 9.7920834 | S17: =Q17/$E17*9 -> 3.3077958 | T17: =AF17-AG17 -> 0.17377974 | U17: =L17/$E17*9 -> 3.8087209 | V17: =(Q17+J17)/$E17 -> 1.1901846 | W17: 0.38582068965517247 | X17: 0.3100344827586207 | Y17: 0.48275862068965525 | Z17: 0.19842454101798532 | AA17: 0.10839932738847943 | AB17: 0.10207421043890645 | AC17: 0.031518651 | AD17: 0.000723589 | AE17: 0.011473868025258897 | AF17: 0.2624290945275374 | AG17: 0.088649353
A18: SEA | B18: George Kirby | C18: SP | D18: 28 | E18: 166 | F18: 672 | G18: =W18*$D18 -> 11.070957 | H18: =X18*$D18 -> 9.0017419 | I18: =Y18*$D18 -> 14.795699 | J18: =Z18*$F18 -> 150.43173 | K18: =AA18*$F18 -> 67.728739 | L18: =AB18*$F18 -> 63.989013 | M18: =AC18*$F18 -> 19.899818 | N18: =AD18*$F18 -> 0.50000026 | O18: =AE18*$F18 -> 6.4571351 | P18: =AF18*$F18 -> 160.94139 | Q18: =AG18*$F18 -> 31.960773 | R18: =P18/$E18*9 -> 8.7257382 | S18: =Q18/$E18*9 -> 1.732813 | T18: =AF18-AG18 -> 0.19193545 | U18: =L18/$E18*9 -> 3.4692839 | V18: =(Q18+J18)/$E18 -> 1.09875 | W18: 0.39539132104454683 | X18: 0.32149078341013826 | Y18: 0.5284178187403994 | Z18: 0.2238567452409323 | AA18: 0.10078681385229835 | AB18: 0.095221746 | AC18: 0.029612823990355586 | AD18: 0.000744048 | AE18: 0.009608832 | AF18: 0.23949612228630993 | AG18: 0.047560674
A19: TOR | B19: Dylan Cease | C19: SP | D19: 30 | E19: 175.33 | F19: 728 | G19: =W19*$D19 -> 11.40525 | H19: =X19*$D19 -> 9.448875 | I19: =Y19*$D19 -> 15.09375 | J19: =Z19*$F19 -> 143.54323 | K19: =AA19*$F19 -> 74.421917 | L19: =AB19*$F19 -> 69.161936 | M19: =AC19*$F19 -> 21.306776 | N19: =AD19*$F19 -> 1.469072 | O19: =AE19*$F19 -> 5.5374126 | P19: =AF19*$F19 -> 205.28966 | Q19: =AG19*$F19 -> 65.358763 | R19: =P19/$E19*9 -> 10.537882 | S19: =Q19/$E19*9 -> 3.3549813 | T19: =AF19-AG19 -> 0.19221277 | U19: =L19/$E19*9 -> 3.5502049 | V19: =(Q19+J19)/$E19 -> 1.1914789 | W19: 0.38017500000000004 | X19: 0.31496250000000003 | Y19: 0.5031249999999999 | Z19: 0.19717476 | AA19: 0.10222790792073395 | AB19: 0.09500266 | AC19: 0.029267550096961796 | AD19: 0.002017956 | AE19: 0.007606336 | AF19: 0.2819912877279023 | AG19: 0.08977852
A20: DET | B20: Framber Valdez | C20: SP | D20: 29 | E20: 187 | F20: 780 | G20: =W20*$D20 -> 12.38386 | H20: =X20*$D20 -> 9.4421613 | I20: =Y20*$D20 -> 16.887097 | J20: =Z20*$F20 -> 171.08466 | K20: =AA20*$F20 -> 79.023259 | L20: =AB20*$F20 -> 70.77817 | M20: =AC20*$F20 -> 16.405739 | N20: =AD20*$F20 -> 0.50000028 | O20: =AE20*$F20 -> 8.2637872 | P20: =AF20*$F20 -> 171.8859 | Q20: =AG20*$F20 -> 62.368912 | R20: =P20/$E20*9 -> 8.2725834 | S20: =Q20/$E20*9 -> 3.0017124 | T20: =AF20-AG20 -> 0.14040639 | U20: =L20/$E20*9 -> 3.406436 | V20: =(Q20+J20)/$E20 -> 1.2484148 | W20: 0.4270296625880608 | X20: 0.32559176863181316 | Y20: 0.58231368 | Z20: 0.21933930446297226 | AA20: 0.10131187079514775 | AB20: 0.090741244 | AC20: 0.021032999296548137 | AD20: 0.000641026 | AE20: 0.010594599 | AF20: 0.22036653780194487 | AG20: 0.079960144
A21: BAL | B21: Kyle Bradish | C21: SP | D21: 24 | E21: 134 | F21: 554 | G21: =W21*$D21 -> 8.0688462 | H21: =X21*$D21 -> 7.4540769 | I21: =Y21*$D21 -> 11.448718 | J21: =Z21*$F21 -> 118.08512 | K21: =AA21*$F21 -> 57.746661 | L21: =AB21*$F21 -> 53.074942 | M21: =AC21*$F21 -> 15.095286 | N21: =AD21*$F21 -> 0.49999996 | O21: =AE21*$F21 -> 5.7921495 | P21: =AF21*$F21 -> 140.64855 | Q21: =AG21*$F21 -> 43.540764 | R21: =P21/$E21*9 -> 9.4465446 | S21: =Q21/$E21*9 -> 2.9243796 | T21: =AF21-AG21 -> 0.17528482 | U21: =L21/$E21*9 -> 3.5647349 | V21: =(Q21+J21)/$E21 -> 1.2061633 | W21: 0.33620192307692304 | X21: 0.3105865384615385 | Y21: 0.47702991452991456 | Z21: 0.21315003094937196 | AA21: 0.10423585052031481 | AB21: 0.095803145 | AC21: 0.027247809 | AD21: 0.000902527 | AE21: 0.010455143515142833 | AF21: 0.25387825540541775 | AG21: 0.078593436
A22: SD | B22: Nick Pivetta | C22: SP | D22: 28 | E22: 169 | F22: 691 | G22: =W22*$D22 -> 9.8751724 | H22: =X22*$D22 -> 9.5421724 | I22: =Y22*$D22 -> 14.390805 | J22: =Z22*$F22 -> 146.23959 | K22: =AA22*$F22 -> 77.375707 | L22: =AB22*$F22 -> 73.017062 | M22: =AC22*$F22 -> 26.537271 | N22: =AD22*$F22 -> 0.97524078 | O22: =AE22*$F22 -> 4.8864618 | P22: =AF22*$F22 -> 181.13019 | Q22: =AG22*$F22 -> 49.381296 | R22: =P22/$E22*9 -> 9.6459867 | S22: =Q22/$E22*9 -> 2.6297732 | T22: =AF22-AG22 -> 0.19066411 | U22: =L22/$E22*9 -> 3.8884826 | V22: =(Q22+J22)/$E22 -> 1.15752 | W22: 0.3526847290640394 | X22: 0.34079187192118227 | Y22: 0.5139573070607554 | Z22: 0.2116347193411276 | AA22: 0.1119764216284882 | AB22: 0.10566868568506149 | AC22: 0.038404155 | AD22: 0.001411347 | AE22: 0.00707158 | AF22: 0.2621276338540141 | AG22: 0.071463526
A23: LAD | B23: Blake Snell | C23: SP | D23: 22 | E23: 130 | F23: 538 | G23: =W23*$D23 -> 9.1733571 | H23: =X23*$D23 -> 6.13275 | I23: =Y23*$D23 -> 11.736111 | J23: =Z23*$F23 -> 104.25905 | K23: =AA23*$F23 -> 53.627117 | L23: =AB23*$F23 -> 50.859145 | M23: =AC23*$F23 -> 14.434844 | N23: =AD23*$F23 -> 0.95134217 | O23: =AE23*$F23 -> 3.1875446 | P23: =AF23*$F23 -> 158.43485 | Q23: =AG23*$F23 -> 53.852922 | R23: =P23/$E23*9 -> 10.968567 | S23: =Q23/$E23*9 -> 3.7282792 | T23: =AF23-AG23 -> 0.19439021 | U23: =L23/$E23*9 -> 3.5210177 | V23: =(Q23+J23)/$E23 -> 1.216246 | W23: 0.4169707792207792 | X23: 0.2787613636363636 | Y23: 0.5334595959595959 | Z23: 0.19379006218828887 | AA23: 0.099678656 | AB23: 0.094533727 | AC23: 0.026830565123972548 | AD23: 0.001768294 | AE23: 0.005924804 | AF23: 0.2944885727791291 | AG23: 0.10009836731993856
A24: PHI | B24: Jesus Luzardo | C24: SP | D24: 29 | E24: 175.67 | F24: 720 | G24: =W24*$D24 -> 11.528015 | H24: =X24*$D24 -> 9.1091613 | I24: =Y24*$D24 -> 15.274194 | J24: =Z24*$F24 -> 151.67589 | K24: =AA24*$F24 -> 75.440899 | L24: =AB24*$F24 -> 74.063941 | M24: =AC24*$F24 -> 21.322119 | N24: =AD24*$F24 -> 0.97872336 | O24: =AE24*$F24 -> 5.2201706 | P24: =AF24*$F24 -> 192.79466 | Q24: =AG24*$F24 -> 54.238181 | R24: =P24/$E24*9 -> 9.8773379 | S24: =Q24/$E24*9 -> 2.7787535 | T24: =AF24-AG24 -> 0.19243955 | U24: =L24/$E24*9 -> 3.7944753 | V24: =(Q24+J24)/$E24 -> 1.1721641 | W24: 0.39751775782615606 | X24: 0.31410901001112346 | Y24: 0.5266963292547274 | Z24: 0.2106609640989362 | AA24: 0.10477902691402555 | AB24: 0.1028665852807813 | AC24: 0.029614054480670487 | AD24: 0.001359338 | AE24: 0.007250237 | AF24: 0.2677703612036192 | AG24: 0.075330807
A25: LAD | B25: Shohei Ohtani | C25: SP | D25: 21 | E25: 110 | F25: 447 | G25: =W25*$D25 -> 7.9187038 | H25: =X25*$D25 -> 5.1542609 | I25: =Y25*$D25 -> 9.2971014 | J25: =Z25*$F25 -> 87.938075 | K25: =AA25*$F25 -> 44.475148 | L25: =AB25*$F25 -> 43.064396 | M25: =AC25*$F25 -> 13.322363 | N25: =AD25*$F25 -> 0.4999999 | O25: =AE25*$F25 -> 4.5182565 | P25: =AF25*$F25 -> 131.18252 | Q25: =AG25*$F25 -> 36.062143 | R25: =P25/$E25*9 -> 10.733115 | S25: =Q25/$E25*9 -> 2.950539 | T25: =AF25-AG25 -> 0.21279726 | U25: =L25/$E25*9 -> 3.5234506 | V25: =(Q25+J25)/$E25 -> 1.1272747 | W25: 0.37708113354037265 | X25: 0.2454409937888198 | Y25: 0.44271911663216007 | Z25: 0.19672947522222997 | AA25: 0.099496976 | AB25: 0.096340931 | AC25: 0.029803945014076197 | AD25: 0.001118568 | AE25: 0.010107956431152676 | AF25: 0.29347319347319345 | AG25: 0.080675935
A26: NYM | B26: Nolan McLean | C26: SP | D26: 26 | E26: 152.33 | F26: 643 | G26: =W26*$D26 -> 9.7521429 | H26: =X26*$D26 -> 7.992 | I26: =Y26*$D26 -> 13 | J26: =Z26*$F26 -> 137.03718 | K26: =AA26*$F26 -> 67.887272 | L26: =AB26*$F26 -> 63.989463 | M26: =AC26*$F26 -> 16.144909 | N26: =AD26*$F26 -> 1.0047094 | O26: =AE26*$F26 -> 8.3542424 | P26: =AF26*$F26 -> 144.91886 | Q26: =AG26*$F26 -> 56.151318 | R26: =P26/$E26*9 -> 8.5621332 | S26: =Q26/$E26*9 -> 3.3175465 | T26: =AF26-AG26 -> 0.13805217 | U26: =L26/$E26*9 -> 3.7806418 | V26: =(Q26+J26)/$E26 -> 1.2682236 | W26: 0.37508241758241756 | X26: 0.3073846153846154 | Y26: 0.5 | Z26: 0.21312157968866913 | AA26: 0.10557896080148604 | AB26: 0.09951705 | AC26: 0.025108723 | AD26: 0.001562534 | AE26: 0.012992601 | AF26: 0.22537925424615868 | AG26: 0.087327089
A27: TOR | B27: Kevin Gausman | C27: SP | D27: 29 | E27: 181.67 | F27: 749 | G27: =W27*$D27 -> 10.883499 | H27: =X27*$D27 -> 9.7751613 | I27: =Y27*$D27 -> 15.284946 | J27: =Z27*$F27 -> 167.64051 | K27: =AA27*$F27 -> 84.07787 | L27: =AB27*$F27 -> 76.386265 | M27: =AC27*$F27 -> 24.628819 | N27: =AD27*$F27 -> 0.97828837 | O27: =AE27*$F27 -> 4.2342094 | P27: =AF27*$F27 -> 173.16147 | Q27: =AG27*$F27 -> 52.712037 | R27: =P27/$E27*9 -> 8.5784844 | S27: =Q27/$E27*9 -> 2.6113741 | T27: =AF27-AG27 -> 0.16081367 | U27: =L27/$E27*9 -> 3.7842043 | V27: =(Q27+J27)/$E27 -> 1.2129275 | W27: 0.37529306372159543 | X27: 0.3370745272525028 | Y27: 0.5270671116054876 | Z27: 0.22381910110803904 | AA27: 0.11225349823598861 | AB27: 0.10198433276771504 | AC27: 0.032882268 | AD27: 0.001306126 | AE27: 0.00565315 | AF27: 0.23119021759001923 | AG27: 0.070376551
A28: ATL | B28: Spencer Schwellenbach | C28: SP | D28: 12 | E28: 68.67 | F28: 278 | G28: =W28*$D28 -> 4.8618 | H28: =X28*$D28 -> 3.3966 | I28: =Y28*$D28 -> 6.1333333 | J28: =Z28*$F28 -> 63.319726 | K28: =AA28*$F28 -> 29.329435 | L28: =AB28*$F28 -> 26.399509 | M28: =AC28*$F28 -> 8.1297858 | N28: =AD28*$F28 -> 0.49999996 | O28: =AE28*$F28 -> 2.1030027 | P28: =AF28*$F28 -> 66.988502 | Q28: =AG28*$F28 -> 14.256145 | R28: =P28/$E28*9 -> 8.7796202 | S28: =Q28/$E28*9 -> 1.8684332 | T28: =AF28-AG28 -> 0.18968474 | U28: =L28/$E28*9 -> 3.4599618 | V28: =(Q28+J28)/$E28 -> 1.1296909 | W28: 0.40515 | X28: 0.28305 | Y28: 0.5111111111111112 | Z28: 0.22776879981120107 | AA28: 0.10550156439659525 | AB28: 0.094962262 | AC28: 0.029243833931667428 | AD28: 0.001798561 | AE28: 0.007564758 | AF28: 0.24096583584013753 | AG28: 0.051281098026606624
A29: BOS | B29: Sonny Gray | C29: SP | D29: 28 | E29: 169 | F29: 697 | G29: =W29*$D29 -> 11.070957 | H29: =X29*$D29 -> 9.0017419 | I29: =Y29*$D29 -> 14.327957 | J29: =Z29*$F29 -> 155.85452 | K29: =AA29*$F29 -> 74.470212 | L29: =AB29*$F29 -> 68.771254 | M29: =AC29*$F29 -> 21.120306 | N29: =AD29*$F29 -> 0.96036981 | O29: =AE29*$F29 -> 5.4855852 | P29: =AF29*$F29 -> 172.74039 | Q29: =AG29*$F29 -> 44.8428 | R29: =P29/$E29*9 -> 9.1991924 | S29: =Q29/$E29*9 -> 2.3880781 | T29: =AF29-AG29 -> 0.18349726 | U29: =L29/$E29*9 -> 3.6623745 | V29: =(Q29+J29)/$E29 -> 1.1875581 | W29: 0.39539132104454683 | X29: 0.32149078341013826 | Y29: 0.5117127496159753 | Z29: 0.22360763488844718 | AA29: 0.1068439199498927 | AB29: 0.09866751 | AC29: 0.030301730045454674 | AD29: 0.001377862 | AE29: 0.00787028 | AF29: 0.24783413244095992 | AG29: 0.064336873
A30: TOR | B30: Trey Yesavage | C30: SP | D30: 30 | E30: 136 | F30: 570 | G30: =W30*$D30 -> 7.1991429 | H30: =X30*$D30 -> 7.215 | I30: =Y30*$D30 -> 8.9166667 | J30: =Z30*$F30 -> 113.97829 | K30: =AA30*$F30 -> 59.314302 | L30: =AB30*$F30 -> 58.154264 | M30: =AC30*$F30 -> 17.417395 | N30: =AD30*$F30 -> 0.94049487 | O30: =AE30*$F30 -> 5.4373366 | P30: =AF30*$F30 -> 148.61551 | Q30: =AG30*$F30 -> 53.200944 | R30: =P30/$E30*9 -> 9.8348502 | S30: =Q30/$E30*9 -> 3.5206507 | T30: =AF30-AG30 -> 0.16739398 | U30: =L30/$E30*9 -> 3.8484439 | V30: =(Q30+J30)/$E30 -> 1.2292591 | W30: 0.23997142857142856 | X30: 0.2405 | Y30: 0.2972222222222222 | Z30: 0.19996191501446647 | AA30: 0.10406017848611819 | AB30: 0.10202502399069241 | AC30: 0.030556832687688638 | AD30: 0.001649991 | AE30: 0.009539187 | AF30: 0.26072897153301544 | AG30: 0.09333499
A31: LAD | B31: Tyler Glasnow | C31: SP | D31: 23 | E31: 132.33 | F31: 544 | G31: =W31*$D31 -> 8.3448214 | H31: =X31*$D31 -> 6.229875 | I31: =Y31*$D31 -> 11.555556 | J31: =Z31*$F31 -> 109.91395 | K31: =AA31*$F31 -> 56.527708 | L31: =AB31*$F31 -> 54.464962 | M31: =AC31*$F31 -> 16.886115 | N31: =AD31*$F31 -> 0 | O31: =AE31*$F31 -> 3.5764611 | P31: =AF31*$F31 -> 152.80999 | Q31: =AG31*$F31 -> 47.568351 | R31: =P31/$E31*9 -> 10.392881 | S31: =Q31/$E31*9 -> 3.2352086 | T31: =AF31-AG31 -> 0.19345889 | U31: =L31/$E31*9 -> 3.7042595 | V31: =(Q31+J31)/$E31 -> 1.1900726 | W31: 0.3628183229813664 | X31: 0.27086413043478264 | Y31: 0.50241546 | Z31: 0.20204770328162386 | AA31: 0.10391122785827936 | AB31: 0.10011941486422965 | AC31: 0.031040652 | AD31: 0 | AE31: 0.006574377 | AF31: 0.28090071472806266 | AG31: 0.087441821
A32: MIL | B32: Jacob Misiorowski | C32: SP | D32: 32 | E32: 139.33 | F32: 591 | G32: =W32*$D32 -> 8.9397692 | H32: =X32*$D32 -> 8.658 | I32: =Y32*$D32 -> 9.5 | J32: =Z32*$F32 -> 114.85244 | K32: =AA32*$F32 -> 63.430239 | L32: =AB32*$F32 -> 60.554431 | M32: =AC32*$F32 -> 17.787043 | N32: =AD32*$F32 -> 0.99249999 | O32: =AE32*$F32 -> 8.5879194 | P32: =AF32*$F32 -> 162.21626 | Q32: =AG32*$F32 -> 65.860291 | R32: =P32/$E32*9 -> 10.478335 | S32: =Q32/$E32*9 -> 4.2542354 | T32: =AF32-AG32 -> 0.16303887 | U32: =L32/$E32*9 -> 3.9115042 | V32: =(Q32+J32)/$E32 -> 1.2970123 | W32: 0.2793677884615385 | X32: 0.2705625 | Y32: 0.296875 | Z32: 0.1943357637134886 | AA32: 0.10732696877329273 | AB32: 0.1024609663564247 | AC32: 0.030096519 | AD32: 0.001679357 | AE32: 0.014531166492360236 | AF32: 0.27447760326849496 | AG32: 0.11143873343026463
A33: SEA | B33: Luis Castillo | C33: SP | D33: 29 | E33: 176.67 | F33: 730 | G33: =W33*$D33 -> 10.419677 | H33: =X33*$D33 -> 9.7751613 | I33: =Y33*$D33 -> 14.795699 | J33: =Z33*$F33 -> 161.71717 | K33: =AA33*$F33 -> 80.167704 | L33: =AB33*$F33 -> 73.95672 | M33: =AC33*$F33 -> 24.678412 | N33: =AD33*$F33 -> 0.9783752 | O33: =AE33*$F33 -> 6.8669151 | P33: =AF33*$F33 -> 161.74447 | Q33: =AG33*$F33 -> 49.682424 | R33: =P33/$E33*9 -> 8.2396571 | S33: =Q33/$E33*9 -> 2.5309437 | T33: =AF33-AG33 -> 0.15350965 | U33: =L33/$E33*9 -> 3.7675354 | V33: =(Q33+J33)/$E33 -> 1.1965789 | W33: 0.35929922135706344 | X33: 0.3370745272525028 | Y33: 0.5101965146459028 | Z33: 0.22153037047083884 | AA33: 0.10981877217369035 | AB33: 0.10131057536756169 | AC33: 0.033806044 | AD33: 0.00134024 | AE33: 0.009406733 | AF33: 0.22156776685418744 | AG33: 0.068058115
A34: MIA | B34: Eury Perez | C34: SP | D34: 27 | E34: 143.33 | F34: 588 | G34: =W34*$D34 -> 7.9746181 | H34: =X34*$D34 -> 9.5380714 | I34: =Y34*$D34 -> 11.744048 | J34: =Z34*$F34 -> 120.39186 | K34: =AA34*$F34 -> 65.318513 | L34: =AB34*$F34 -> 64.153494 | M34: =AC34*$F34 -> 20.249011 | N34: =AD34*$F34 -> 0.49999992 | O34: =AE34*$F34 -> 4.8323816 | P34: =AF34*$F34 -> 151.09577 | Q34: =AG34*$F34 -> 46.783249 | R34: =P34/$E34*9 -> 9.4876294 | S34: =Q34/$E34*9 -> 2.9376211 | T34: =AF34-AG34 -> 0.17740225 | U34: =L34/$E34*9 -> 4.0283363 | V34: =(Q34+J34)/$E34 -> 1.1663651 | W34: 0.2953562271062271 | X34: 0.3532619047619047 | Y34: 0.43496472663139335 | Z34: 0.20474805572898286 | AA34: 0.11108590702420623 | AB34: 0.10910458088209299 | AC34: 0.034437093 | AD34: 0.00085034 | AE34: 0.008218336 | AF34: 0.25696559503666105 | AG34: 0.079563348
A35: ATL | B35: Spencer Strider | C35: SP | D35: 26 | E35: 153 | F35: 638 | G35: =W35*$D35 -> 10.540877 | H35: =X35*$D35 -> 8.7769286 | I35: =Y35*$D35 -> 12.797619 | J35: =Z35*$F35 -> 132.13 | K35: =AA35*$F35 -> 69.722046 | L35: =AB35*$F35 -> 64.966092 | M35: =AC35*$F35 -> 20.310442 | N35: =AD35*$F35 -> 0.97329388 | O35: =AE35*$F35 -> 6.5168806 | P35: =AF35*$F35 -> 179.97255 | Q35: =AG35*$F35 -> 52.742838 | R35: =P35/$E35*9 -> 10.586621 | S35: =Q35/$E35*9 -> 3.1025199 | T35: =AF35-AG35 -> 0.19941961 | U35: =L35/$E35*9 -> 3.8215348 | V35: =(Q35+J35)/$E35 -> 1.2083192 | W35: 0.4054183516483516 | X35: 0.33757417582417576 | Y35: 0.4922161172161172 | Z35: 0.20710031118953365 | AA35: 0.10928220325539569 | AB35: 0.10182773024116068 | AC35: 0.031834548293180776 | AD35: 0.001525539 | AE35: 0.010214546461017418 | AF35: 0.28208863752339547 | AG35: 0.082669025
A36: NYY | B36: Cam Schlittler | C36: SP | D36: 23 | E36: 130.67 | F36: 551 | G36: =W36*$D36 -> 7.881 | H36: =X36*$D36 -> 7.992 | I36: =Y36*$D36 -> 10.666667 | J36: =Z36*$F36 -> 118.14533 | K36: =AA36*$F36 -> 60.890077 | L36: =AB36*$F36 -> 57.959085 | M36: =AC36*$F36 -> 16.628463 | N36: =AD36*$F36 -> 0.49999999 | O36: =AE36*$F36 -> 6.0131776 | P36: =AF36*$F36 -> 128.89326 | Q36: =AG36*$F36 -> 49.031642 | R36: =P36/$E36*9 -> 8.8776259 | S36: =Q36/$E36*9 -> 3.3770933 | T36: =AF36-AG36 -> 0.14493942 | U36: =L36/$E36*9 -> 3.991978 | V36: =(Q36+J36)/$E36 -> 1.279383 | W36: 0.3426521739130434 | X36: 0.3474782608695651 | Y36: 0.46376812 | Z36: 0.2144198401631486 | AA36: 0.11050830721402541 | AB36: 0.10518890182556383 | AC36: 0.030178698 | AD36: 0.000907441 | AE36: 0.010913207909887972 | AF36: 0.23392607033573648 | AG36: 0.088986646
A37: CIN | B37: Chase Burns | C37: SP,RP | D37: 29 | E37: 134 | F37: 548 | G37: =W37*$D37 -> 7.6597957 | H37: =X37*$D37 -> 7.8416129 | I37: =Y37*$D37 -> 9.1236559 | J37: =Z37*$F37 -> 114.55061 | K37: =AA37*$F37 -> 54.826075 | L37: =AB37*$F37 -> 54.92049 | M37: =AC37*$F37 -> 18.26018 | N37: =AD37*$F37 -> 1.0279384 | O37: =AE37*$F37 -> 4.3853952 | P37: =AF37*$F37 -> 154.50635 | Q37: =AG37*$F37 -> 41.113817 | R37: =P37/$E37*9 -> 10.377292 | S37: =Q37/$E37*9 -> 2.7613758 | T37: =AF37-AG37 -> 0.20692068 | U37: =L37/$E37*9 -> 3.6886896 | V37: =(Q37+J37)/$E37 -> 1.1616748 | W37: 0.2641308861698183 | X37: 0.27040044493882087 | Y37: 0.3146088246199481 | Z37: 0.20903395596301627 | AA37: 0.10004758215585523 | AB37: 0.10021987150971462 | AC37: 0.033321496784670994 | AD37: 0.0018758 | AE37: 0.008002546 | AF37: 0.28194589301293477 | AG37: 0.075025213
A38: MIL | B38: Brandon Woodruff | C38: SP | D38: 25 | E38: 143.67 | F38: 585 | G38: =W38*$D38 -> 8.8839643 | H38: =X38*$D38 -> 7.6708929 | I38: =Y38*$D38 -> 12.196429 | J38: =Z38*$F38 -> 123.02703 | K38: =AA38*$F38 -> 65.137516 | L38: =AB38*$F38 -> 58.397656 | M38: =AC38*$F38 -> 20.302754 | N38: =AD38*$F38 -> 0 | O38: =AE38*$F38 -> 5.668588 | P38: =AF38*$F38 -> 151.4536 | Q38: =AG38*$F38 -> 38.899047 | R38: =P38/$E38*9 -> 9.4875927 | S38: =Q38/$E38*9 -> 2.4367747 | T38: =AF38-AG38 -> 0.19240095 | U38: =L38/$E38*9 -> 3.658237 | V38: =(Q38+J38)/$E38 -> 1.1270695 | W38: 0.3553585714285714 | X38: 0.3068357142857143 | Y38: 0.4878571428571428 | Z38: 0.2103026219683316 | AA38: 0.1113461806804232 | AB38: 0.099825053 | AC38: 0.034705563 | AD38: 0 | AE38: 0.009689894 | AF38: 0.25889505026421167 | AG38: 0.066494098
A39: SD | B39: Michael King | C39: SP | D39: 27 | E39: 154.67 | F39: 647 | G39: =W39*$D39 -> 9.5576492 | H39: =X39*$D39 -> 8.7613448 | I39: =Y39*$D39 -> 12.793103 | J39: =Z39*$F39 -> 137.14464 | K39: =AA39*$F39 -> 69.031432 | L39: =AB39*$F39 -> 61.864202 | M39: =AC39*$F39 -> 19.596415 | N39: =AD39*$F39 -> 1.460171 | O39: =AE39*$F39 -> 6.78944 | P39: =AF39*$F39 -> 159.54482 | Q39: =AG39*$F39 -> 53.668905 | R39: =P39/$E39*9 -> 9.283658 | S39: =Q39/$E39*9 -> 3.1229078 | T39: =AF39-AG39 -> 0.16364129 | U39: =L39/$E39*9 -> 3.599779 | V39: =(Q39+J39)/$E39 -> 1.2336817 | W39: 0.35398700649675163 | X39: 0.32449425287356326 | Y39: 0.47381864623243936 | Z39: 0.21197007299944948 | AA39: 0.10669463969902568 | AB39: 0.095617004 | AC39: 0.030288122669477918 | AD39: 0.002256833 | AE39: 0.010493724919014671 | AF39: 0.24659168591199587 | AG39: 0.082950394
A40: TEX | B40: Nathan Eovaldi | C40: SP | D40: 25 | E40: 155 | F40: 631 | G40: =W40*$D40 -> 9.2627586 | H40: =X40*$D40 -> 7.9116207 | I40: =Y40*$D40 -> 13.350575 | J40: =Z40*$F40 -> 140.02814 | K40: =AA40*$F40 -> 68.066464 | L40: =AB40*$F40 -> 65.096774 | M40: =AC40*$F40 -> 19.046251 | N40: =AD40*$F40 -> 0.93577363 | O40: =AE40*$F40 -> 6.0056542 | P40: =AF40*$F40 -> 144.20137 | Q40: =AG40*$F40 -> 39.519001 | R40: =P40/$E40*9 -> 8.3729825 | S40: =Q40/$E40*9 -> 2.2946517 | T40: =AF40-AG40 -> 0.16589915 | U40: =L40/$E40*9 -> 3.7798127 | V40: =(Q40+J40)/$E40 -> 1.1583686 | W40: 0.3705103448275862 | X40: 0.3164648275862069 | Y40: 0.5340229885057471 | Z40: 0.22191463608785952 | AA40: 0.10787078344741342 | AB40: 0.10316445897865079 | AC40: 0.030184233 | AD40: 0.001483001 | AE40: 0.009517677 | AF40: 0.22852831391746392 | AG40: 0.062629162
A41: CIN | B41: Nick Lodolo | C41: SP | D41: 26 | E41: 149 | F41: 624 | G41: =W41*$D41 -> 8.4439286 | H41: =X41*$D41 -> 9.0861429 | I41: =Y41*$D41 -> 12 | J41: =Z41*$F41 -> 137.97679 | K41: =AA41*$F41 -> 70.39838 | L41: =AB41*$F41 -> 68.243117 | M41: =AC41*$F41 -> 21.092633 | N41: =AD41*$F41 -> 0.97852747 | O41: =AE41*$F41 -> 12.111761 | P41: =AF41*$F41 -> 149.55807 | Q41: =AG41*$F41 -> 40.000102 | R41: =P41/$E41*9 -> 9.0337091 | S41: =Q41/$E41*9 -> 2.4161135 | T41: =AF41-AG41 -> 0.17557367 | U41: =L41/$E41*9 -> 4.1220674 | V41: =(Q41+J41)/$E41 -> 1.1944758 | W41: 0.3247664835164835 | X41: 0.34946703296703296 | Y41: 0.4615384615384615 | Z41: 0.2211166486753155 | AA41: 0.11281791602760735 | AB41: 0.10936396890151096 | AC41: 0.033802297 | AD41: 0.001568153 | AE41: 0.019409873 | AF41: 0.2396763981201409 | AG41: 0.064102727
A42: PHI | B42: Zack Wheeler | C42: SP | D42: 21 | E42: 132.67 | F42: 535 | G42: =W42*$D42 -> 9.24075 | H42: =X42*$D42 -> 6.035625 | I42: =Y42*$D42 -> 12.395833 | J42: =Z42*$F42 -> 108.31077 | K42: =AA42*$F42 -> 51.594824 | L42: =AB42*$F42 -> 49.145141 | M42: =AC42*$F42 -> 15.392979 | N42: =AD42*$F42 -> 0.49999977 | O42: =AE42*$F42 -> 5.4685373 | P42: =AF42*$F42 -> 144.55711 | Q42: =AG42*$F42 -> 36.415614 | R42: =P42/$E42*9 -> 9.8063921 | S42: =Q42/$E42*9 -> 2.4703439 | T42: =AF42-AG42 -> 0.20213365 | U42: =L42/$E42*9 -> 3.3338831 | V42: =(Q42+J42)/$E42 -> 1.090875 | W42: 0.44003571428571425 | X42: 0.2874107142857143 | Y42: 0.5902777777777778 | Z42: 0.20245004162527688 | AA42: 0.096438923 | AB42: 0.091860076 | AC42: 0.028771923226235417 | AD42: 0.000934579 | AE42: 0.010221565131087086 | AF42: 0.2702002148700426 | AG42: 0.068066568
A43: PIT | B43: Bubba Chandler | C43: SP | D43: 30 | E43: 140.67 | F43: 598 | G43: =W43*$D43 -> 7.9173621 | H43: =X43*$D43 -> 8.769 | I43: =Y43*$D43 -> 9.1111111 | J43: =Z43*$F43 -> 132.32086 | K43: =AA43*$F43 -> 68.908708 | L43: =AB43*$F43 -> 62.031379 | M43: =AC43*$F43 -> 16.991473 | N43: =AD43*$F43 -> 0.93021591 | O43: =AE43*$F43 -> 6.9475299 | P43: =AF43*$F43 -> 129.97902 | Q43: =AG43*$F43 -> 49.761439 | R43: =P43/$E43*9 -> 8.315996 | S43: =Q43/$E43*9 -> 3.1837133 | T43: =AF43-AG43 -> 0.13414311 | U43: =L43/$E43*9 -> 3.9687382 | V43: =(Q43+J43)/$E43 -> 1.2943933 | W43: 0.2639120689655172 | X43: 0.2923 | Y43: 0.30370370370370364 | Z43: 0.22127234905746285 | AA43: 0.11523195291867769 | AB43: 0.10373140258612175 | AC43: 0.028413834 | AD43: 0.001555545 | AE43: 0.011617943023507563 | AF43: 0.21735621625722265 | AG43: 0.083213108
A44: BAL | B44: Trevor Rogers | C44: SP | D44: 25 | E44: 146 | F44: 616 | G44: =W44*$D44 -> 8.5427308 | H44: =X44*$D44 -> 8.2097308 | I44: =Y44*$D44 -> 11.589744 | J44: =Z44*$F44 -> 141.52255 | K44: =AA44*$F44 -> 72.945509 | L44: =AB44*$F44 -> 65.003181 | M44: =AC44*$F44 -> 17.380256 | N44: =AD44*$F44 -> 0.98124981 | O44: =AE44*$F44 -> 4.9218203 | P44: =AF44*$F44 -> 126.52805 | Q44: =AG44*$F44 -> 48.259435 | R44: =P44/$E44*9 -> 7.7996742 | S44: =Q44/$E44*9 -> 2.9748967 | T44: =AF44-AG44 -> 0.12705944 | U44: =L44/$E44*9 -> 4.0070454 | V44: =(Q44+J44)/$E44 -> 1.2998766 | W44: 0.34170923076923077 | X44: 0.32838923076923077 | Y44: 0.4635897435897436 | Z44: 0.22974439357837909 | AA44: 0.11841803476162571 | AB44: 0.10552464373433401 | AC44: 0.028214702 | AD44: 0.001592938 | AE44: 0.007989968 | AF44: 0.20540267659731276 | AG44: 0.078343239
A45: TEX | B45: MacKenzie Gore | C45: SP | D45: 28 | E45: 159.67 | F45: 672 | G45: =W45*$D45 -> 10.081862 | H45: =X45*$D45 -> 9.5536552 | I45: =Y45*$D45 -> 13.402299 | J45: =Z45*$F45 -> 138.61908 | K45: =AA45*$F45 -> 72.72648 | L45: =AB45*$F45 -> 67.000874 | M45: =AC45*$F45 -> 19.903672 | N45: =AD45*$F45 -> 0.50000026 | O45: =AE45*$F45 -> 6.288824 | P45: =AF45*$F45 -> 181.08839 | Q45: =AG45*$F45 -> 60.187781 | R45: =P45/$E45*9 -> 10.207275 | S45: =Q45/$E45*9 -> 3.3925598 | T45: =AF45-AG45 -> 0.17991163 | U45: =L45/$E45*9 -> 3.7765884 | V45: =(Q45+J45)/$E45 -> 1.2451109 | W45: 0.36006650246305416 | X45: 0.34120197044334977 | Y45: 0.4786535303776683 | Z45: 0.20627839750725918 | AA45: 0.10822392922872573 | AB45: 0.099703682 | AC45: 0.029618559 | AD45: 0.000744048 | AE45: 0.009358369 | AF45: 0.26947677610113496 | AG45: 0.08956515
A46: SF | B46: Robbie Ray | C46: SP | D46: 29 | E46: 171.33 | F46: 725 | G46: =W46*$D46 -> 9.3064946 | H46: =X46*$D46 -> 10.419677 | I46: =Y46*$D46 -> 13.994624 | J46: =Z46*$F46 -> 155.38935 | K46: =AA46*$F46 -> 83.976487 | L46: =AB46*$F46 -> 77.434541 | M46: =AC46*$F46 -> 25.982913 | N46: =AD46*$F46 -> 0.49999987 | O46: =AE46*$F46 -> 6.4825687 | P46: =AF46*$F46 -> 173.56356 | Q46: =AG46*$F46 -> 67.995786 | R46: =P46/$E46*9 -> 9.1173296 | S46: =Q46/$E46*9 -> 3.5718326 | T46: =AF46-AG46 -> 0.14561073 | U46: =L46/$E46*9 -> 4.0676523 | V46: =(Q46+J46)/$E46 -> 1.3038297 | W46: 0.3209136077122729 | X46: 0.35929922135706344 | Y46: 0.4825732295142751 | Z46: 0.2143301400169066 | AA46: 0.11582963688631626 | AB46: 0.10680626296036053 | AC46: 0.0358385 | AD46: 0.000689655 | AE46: 0.008941474 | AF46: 0.23939802040905706 | AG46: 0.093787291
A47: TB | B47: Ryan Pepiot | C47: SP | D47: 30 | E47: 169 | F47: 702 | G47: =W47*$D47 -> 9.9195806 | H47: =X47*$D47 -> 10.537839 | I47: =Y47*$D47 -> 14.075269 | J47: =Z47*$F47 -> 148.27612 | K47: =AA47*$F47 -> 78.848795 | L47: =AB47*$F47 -> 76.016208 | M47: =AC47*$F47 -> 25.364023 | N47: =AD47*$F47 -> 0.5000002 | O47: =AE47*$F47 -> 7.4763125 | P47: =AF47*$F47 -> 167.89779 | Q47: =AG47*$F47 -> 59.620011 | R47: =P47/$E47*9 -> 8.9413023 | S47: =Q47/$E47*9 -> 3.1750301 | T47: =AF47-AG47 -> 0.15424185 | U47: =L47/$E47*9 -> 4.0482004 | V47: =(Q47+J47)/$E47 -> 1.2301546 | W47: 0.33065268817204296 | X47: 0.35126129032258063 | Y47: 0.46917562724014333 | Z47: 0.2112195459472432 | AA47: 0.11232022028950613 | AB47: 0.1082851963427676 | AC47: 0.036131087 | AD47: 0.000712251 | AE47: 0.010650017831033056 | AF47: 0.23917063636315977 | AG47: 0.08492879
A48: BOS | B48: Ranger Suarez | C48: SP | D48: 27 | E48: 166 | F48: 694 | G48: =W48*$D48 -> 10.926665 | H48: =X48*$D48 -> 9.0943448 | I48: =Y48*$D48 -> 14.114943 | J48: =Z48*$F48 -> 159.98338 | K48: =AA48*$F48 -> 75.992218 | L48: =AB48*$F48 -> 64.965811 | M48: =AC48*$F48 -> 16.856724 | N48: =AD48*$F48 -> 0.97994466 | O48: =AE48*$F48 -> 5.2550874 | P48: =AF48*$F48 -> 144.13266 | Q48: =AG48*$F48 -> 47.108941 | R48: =P48/$E48*9 -> 7.8144211 | S48: =Q48/$E48*9 -> 2.5540992 | T48: =AF48-AG48 -> 0.13980362 | U48: =L48/$E48*9 -> 3.5222427 | V48: =(Q48+J48)/$E48 -> 1.2475441 | W48: 0.4046912972085386 | X48: 0.33682758620689657 | Y48: 0.5227756492124308 | Z48: 0.23052359955926982 | AA48: 0.10949887332224652 | AB48: 0.093610678 | AC48: 0.024289227 | AD48: 0.001412024 | AE48: 0.007572172 | AF48: 0.20768394105280324 | AG48: 0.067880319
A49: CLE | B49: Gavin Williams | C49: SP | D49: 29 | E49: 163.67 | F49: 695 | G49: =W49*$D49 -> 9.1091613 | H49: =X49*$D49 -> 10.086677 | I49: =Y49*$D49 -> 13.473118 | J49: =Z49*$F49 -> 145.34273 | K49: =AA49*$F49 -> 77.06009 | L49: =AB49*$F49 -> 68.307962 | M49: =AC49*$F49 -> 20.723948 | N49: =AD49*$F49 -> 0.95663623 | O49: =AE49*$F49 -> 6.1370675 | P49: =AF49*$F49 -> 166.49631 | Q49: =AG49*$F49 -> 70.128163 | R49: =P49/$E49*9 -> 9.1554151 | S49: =Q49/$E49*9 -> 3.8562563 | T49: =AF49-AG49 -> 0.1386592 | U49: =L49/$E49*9 -> 3.7561658 | V49: =(Q49+J49)/$E49 -> 1.316496 | W49: 0.31410901001112346 | X49: 0.3478164627363738 | Y49: 0.46459028550241005 | Z49: 0.20912623016717824 | AA49: 0.11087782708614875 | AB49: 0.098284837 | AC49: 0.02981863 | AD49: 0.001376455 | AE49: 0.008830313 | AF49: 0.2395630357925036 | AG49: 0.10090383184347956
A50: LAD | B50: Emmet Sheehan | C50: SP | D50: 34 | E50: 133.33 | F50: 547 | G50: =W50*$D50 -> 8.0514643 | H50: =X50*$D50 -> 6.4855714 | I50: =Y50*$D50 -> 7.1587302 | J50: =Z50*$F50 -> 110.64594 | K50: =AA50*$F50 -> 59.063296 | L50: =AB50*$F50 -> 57.911768 | M50: =AC50*$F50 -> 18.707086 | N50: =AD50*$F50 -> 0.92935628 | O50: =AE50*$F50 -> 5.3534627 | P50: =AF50*$F50 -> 151.87918 | Q50: =AG50*$F50 -> 45.205423 | R50: =P50/$E50*9 -> 10.252101 | S50: =Q50/$E50*9 -> 3.0514424 | T50: =AF50-AG50 -> 0.195016 | U50: =L50/$E50*9 -> 3.9091421 | V50: =(Q50+J50)/$E50 -> 1.1689145 | W50: 0.23680777310924364 | X50: 0.19075210084033606 | Y50: 0.21055088702147517 | Z50: 0.20227777336983113 | AA50: 0.10797677560534702 | AB50: 0.1058716055965491 | AC50: 0.034199426434568504 | AD50: 0.001699006 | AE50: 0.009786952 | AF50: 0.27765845589409954 | AG50: 0.082642456
A51: CLE | B51: Tanner Bibee | C51: SP | D51: 29 | E51: 179 | F51: 746 | G51: =W51*$D51 -> 10.238983 | H51: =X51*$D51 -> 10.419677 | I51: =Y51*$D51 -> 14.629032 | J51: =Z51*$F51 -> 165.38912 | K51: =AA51*$F51 -> 84.023186 | L51: =AB51*$F51 -> 75.973678 | M51: =AC51*$F51 -> 23.787707 | N51: =AD51*$F51 -> 0.98191206 | O51: =AE51*$F51 -> 7.8956279 | P51: =AF51*$F51 -> 164.56431 | Q51: =AG51*$F51 -> 52.194832 | R51: =P51/$E51*9 -> 8.2741831 | S51: =Q51/$E51*9 -> 2.6243212 | T51: =AF51-AG51 -> 0.15062933 | U51: =L51/$E51*9 -> 3.8199056 | V51: =(Q51+J51)/$E51 -> 1.2155528 | W51: 0.3530683696170348 | X51: 0.35929922135706344 | Y51: 0.5044493882091212 | Z51: 0.22170122923541402 | AA51: 0.11263161711236735 | AB51: 0.10184139085633279 | AC51: 0.031887006442738224 | AD51: 0.001316236 | AE51: 0.010583951617931272 | AF51: 0.22059558829920295 | AG51: 0.069966263
A52: TOR | B52: Shane Bieber | C52: SP | D52: 17 | E52: 101.67 | F52: 418 | G52: =W52*$D52 -> 5.6803394 | H52: =X52*$D52 -> 5.0294483 | I52: =Y52*$D52 -> 7.0574713 | J52: =Z52*$F52 -> 96.262706 | K52: =AA52*$F52 -> 46.048809 | L52: =AB52*$F52 -> 41.483971 | M52: =AC52*$F52 -> 13.53144 | N52: =AD52*$F52 -> 0 | O52: =AE52*$F52 -> 3.0172582 | P52: =AF52*$F52 -> 92.355978 | Q52: =AG52*$F52 -> 25.48487 | R52: =P52/$E52*9 -> 8.175507 | S52: =Q52/$E52*9 -> 2.2559637 | T52: =AF52-AG52 -> 0.15997873 | U52: =L52/$E52*9 -> 3.6722311 | V52: =(Q52+J52)/$E52 -> 1.1974779 | W52: 0.33413761076118287 | X52: 0.2958498985801217 | Y52: 0.41514536849222444 | Z52: 0.23029355588163364 | AA52: 0.11016461412151062 | AB52: 0.09924395 | AC52: 0.032371866520165514 | AD52: 0 | AE52: 0.007218321 | AF52: 0.22094731509625123 | AG52: 0.060968588
A53: MIA | B53: Sandy Alcantara | C53: SP | D53: 28 | E53: 176.33 | F53: 743 | G53: =W53*$D53 -> 9.9238958 | H53: =X53*$D53 -> 10.93529 | I53: =Y53*$D53 -> 14.376344 | J53: =Z53*$F53 -> 172.22691 | K53: =AA53*$F53 -> 87.101788 | L53: =AB53*$F53 -> 79.736082 | M53: =AC53*$F53 -> 20.247936 | N53: =AD53*$F53 -> 0.96729535 | O53: =AE53*$F53 -> 7.1580427 | P53: =AF53*$F53 -> 143.62427 | Q53: =AG53*$F53 -> 51.837597 | R53: =P53/$E53*9 -> 7.3306778 | S53: =Q53/$E53*9 -> 2.6458253 | T53: =AF53-AG53 -> 0.12353522 | U53: =L53/$E53*9 -> 4.0697825 | V53: =(Q53+J53)/$E53 -> 1.2707112 | W53: 0.35442484934420415 | X53: 0.3905460829493087 | Y53: 0.5134408602150538 | Z53: 0.23179933706508188 | AA53: 0.11722986235334829 | AB53: 0.10731639601270512 | AC53: 0.027251596861366963 | AD53: 0.001301878 | AE53: 0.009633974 | AF53: 0.19330318669201266 | AG53: 0.069767963
A54: DET | B54: Jack Flaherty | C54: SP | D54: 28 | E54: 159 | F54: 667 | G54: =W54*$D54 -> 9.9985057 | H54: =X54*$D54 -> 9.8751724 | I54: =Y54*$D54 -> 13.241379 | J54: =Z54*$F54 -> 141.85234 | K54: =AA54*$F54 -> 73.112273 | L54: =AB54*$F54 -> 70.365288 | M54: =AC54*$F54 -> 21.804197 | N54: =AD54*$F54 -> 0.978479 | O54: =AE54*$F54 -> 6.89267 | P54: =AF54*$F54 -> 173.52529 | Q54: =AG54*$F54 -> 52.109326 | R54: =P54/$E54*9 -> 9.822186 | S54: =Q54/$E54*9 -> 2.9495845 | T54: =AF54-AG54 -> 0.18203292 | U54: =L54/$E54*9 -> 3.9829408 | V54: =(Q54+J54)/$E54 -> 1.2198847 | W54: 0.35708949096880127 | X54: 0.3526847290640394 | Y54: 0.47290640394088673 | Z54: 0.21267217211638834 | AA54: 0.10961360213996332 | AB54: 0.10549518420400558 | AC54: 0.032689951077092994 | AD54: 0.001466985 | AE54: 0.010333838102469513 | AF54: 0.26015784924969365 | AG54: 0.078124926
A55: CIN | B55: Andrew Abbott | C55: SP | D55: 28 | E55: 163.67 | F55: 685 | G55: =W55*$D55 -> 8.6878552 | H55: =X55*$D55 -> 9.8636897 | I55: =Y55*$D55 -> 12.925287 | J55: =Z55*$F55 -> 155.75926 | K55: =AA55*$F55 -> 85.20173 | L55: =AB55*$F55 -> 72.87603 | M55: =AC55*$F55 -> 25.446037 | N55: =AD55*$F55 -> 0.97701961 | O55: =AE55*$F55 -> 4.240909 | P55: =AF55*$F55 -> 146.09035 | Q55: =AG55*$F55 -> 51.077861 | R55: =P55/$E55*9 -> 8.0333181 | S55: =Q55/$E55*9 -> 2.808705 | T55: =AF55-AG55 -> 0.13870437 | U55: =L55/$E55*9 -> 4.0073579 | V55: =(Q55+J55)/$E55 -> 1.2637448 | W55: 0.31028054187192117 | X55: 0.3522746305418719 | Y55: 0.4616174055829228 | Z55: 0.22738577409609662 | AA55: 0.1243820870387745 | AB55: 0.10638836508909097 | AC55: 0.0371475 | AD55: 0.001426306 | AE55: 0.006191108 | AF55: 0.21327058773394264 | AG55: 0.074566221
A56: CHC | B56: Shota Imanaga | C56: SP | D56: 26 | E56: 155 | F56: 631 | G56: =W56*$D56 -> 9.09756 | H56: =X56*$D56 -> 8.658 | I56: =Y56*$D56 -> 12.5 | J56: =Z56*$F56 -> 144.54379 | K56: =AA56*$F56 -> 75.89235 | L56: =AB56*$F56 -> 68.455715 | M56: =AC56*$F56 -> 27.875277 | N56: =AD56*$F56 -> 0.49999998 | O56: =AE56*$F56 -> 3.9709335 | P56: =AF56*$F56 -> 141.29189 | Q56: =AG56*$F56 -> 34.233073 | R56: =P56/$E56*9 -> 8.2040455 | S56: =Q56/$E56*9 -> 1.9877268 | T56: =AF56-AG56 -> 0.16966533 | U56: =L56/$E56*9 -> 3.974848 | V56: =(Q56+J56)/$E56 -> 1.1533991 | W56: 0.3499061538461538 | X56: 0.33299999999999996 | Y56: 0.4807692307692308 | Z56: 0.22907098363157818 | AA56: 0.12027313745271377 | AB56: 0.10848766321588398 | AC56: 0.044176349935611814 | AD56: 0.000792393 | AE56: 0.00629308 | AF56: 0.22391742295417294 | AG56: 0.054252097
A57: CHC | B57: Cade Horton | C57: SP | D57: 23 | E57: 126.67 | F57: 530 | G57: =W57*$D57 -> 7.5736154 | H57: =X57*$D57 -> 7.867125 | I57: =Y57*$D57 -> 9.9236111 | J57: =Z57*$F57 -> 117.80638 | K57: =AA57*$F57 -> 62.150628 | L57: =AB57*$F57 -> 57.069302 | M57: =AC57*$F57 -> 16.607795 | N57: =AD57*$F57 -> 0.49999988 | O57: =AE57*$F57 -> 5.1747822 | P57: =AF57*$F57 -> 110.24206 | Q57: =AG57*$F57 -> 39.331569 | R57: =P57/$E57*9 -> 7.8327827 | S57: =Q57/$E57*9 -> 2.794538 | T57: =AF57-AG57 -> 0.13379339 | U57: =L57/$E57*9 -> 4.0548174 | V57: =(Q57+J57)/$E57 -> 1.2405301 | W57: 0.3292876254180602 | X57: 0.34204891304347823 | Y57: 0.4314613526570048 | Z57: 0.22227619101461052 | AA57: 0.11726533503465875 | AB57: 0.10767792802163506 | AC57: 0.031335461851311947 | AD57: 0.000943396 | AE57: 0.00976374 | AF57: 0.2080038952855588 | AG57: 0.074210508
A58: NYY | B58: Gerrit Cole | C58: SP | D58: 18 | E58: 109.33 | F58: 452 | G58: =W58*$D58 -> 6.6241854 | H58: =X58*$D58 -> 5.7478696 | I58: =Y58*$D58 -> 9.1594203 | J58: =Z58*$F58 -> 97.210895 | K58: =AA58*$F58 -> 49.594097 | L58: =AB58*$F58 -> 47.730741 | M58: =AC58*$F58 -> 15.701636 | N58: =AD58*$F58 -> 0.50000014 | O58: =AE58*$F58 -> 3.9924939 | P58: =AF58*$F58 -> 107.2037 | Q58: =AG58*$F58 -> 32.080579 | R58: =P58/$E58*9 -> 8.8249639 | S58: =Q58/$E58*9 -> 2.6408599 | T58: =AF58-AG58 -> 0.1662016 | U58: =L58/$E58*9 -> 3.9291747 | V58: =(Q58+J58)/$E58 -> 1.18258 | W58: 0.36801029748283753 | X58: 0.31932608695652176 | Y58: 0.5088566827697262 | Z58: 0.21506835223544846 | AA58: 0.10972145262513389 | AB58: 0.1055989848187194 | AC58: 0.034738133057729874 | AD58: 0.001106195 | AE58: 0.008832951 | AF58: 0.23717632871272995 | AG58: 0.070974733
A59: NYY | B59: Carlos Rodon | C59: SP | D59: 24 | E59: 145.67 | F59: 607 | G59: =W59*$D59 -> 9.1812857 | H59: =X59*$D59 -> 8.2298571 | I59: =Y59*$D59 -> 11.785714 | J59: =Z59*$F59 -> 124.72873 | K59: =AA59*$F59 -> 67.793156 | L59: =AB59*$F59 -> 64.248689 | M59: =AC59*$F59 -> 20.739683 | N59: =AD59*$F59 -> 0.49999986 | O59: =AE59*$F59 -> 6.0422376 | P59: =AF59*$F59 -> 149.27068 | Q59: =AG59*$F59 -> 53.12052 | R59: =P59/$E59*9 -> 9.2224622 | S59: =Q59/$E59*9 -> 3.2819707 | T59: =AF59-AG59 -> 0.15840223 | U59: =L59/$E59*9 -> 3.9695078 | V59: =(Q59+J59)/$E59 -> 1.2209051 | W59: 0.3825535714285715 | X59: 0.3429107142857143 | Y59: 0.49107142857142855 | Z59: 0.20548390721610343 | AA59: 0.1116855953489407 | AB59: 0.10584627438765823 | AC59: 0.034167517193881544 | AD59: 0.000823723 | AE59: 0.009954263 | AF59: 0.24591544482961722 | AG59: 0.087513212
A60: AZ | B60: Zac Gallen | C60: SP | D60: 29 | E60: 178.33 | F60: 753 | G60: =W60*$D60 -> 11.263277 | H60: =X60*$D60 -> 10.752677 | I60: =Y60*$D60 -> 14.650538 | J60: =Z60*$F60 -> 172.47843 | K60: =AA60*$F60 -> 88.333211 | L60: =AB60*$F60 -> 78.6826 | M60: =AC60*$F60 -> 23.374536 | N60: =AD60*$F60 -> 0.97537897 | O60: =AE60*$F60 -> 6.1980635 | P60: =AF60*$F60 -> 163.84317 | Q60: =AG60*$F60 -> 58.719201 | R60: =P60/$E60*9 -> 8.2688755 | S60: =Q60/$E60*9 -> 2.9634543 | T60: =AF60-AG60 -> 0.13960687 | U60: =L60/$E60*9 -> 3.9709718 | V60: =(Q60+J60)/$E60 -> 1.2964596 | W60: 0.38838887652947723 | X60: 0.3707819799777531 | Y60: 0.5051909529106414 | Z60: 0.22905502615576756 | AA60: 0.11730838115666015 | AB60: 0.1044921640135337 | AC60: 0.031041880760120696 | AD60: 0.001295324 | AE60: 0.00823116 | AF60: 0.21758721646967444 | AG60: 0.077980347
A61: LAA | B61: Reid Detmers | C61: SP,RP | D61: 33 | E61: 133.33 | F61: 564 | G61: =W61*$D61 -> 6.5560317 | H61: =X61*$D61 -> 9.2358529 | I61: =Y61*$D61 -> 8.1519608 | J61: =Z61*$F61 -> 120.09104 | K61: =AA61*$F61 -> 62.873283 | L61: =AB61*$F61 -> 60.882598 | M61: =AC61*$F61 -> 18.382106 | N61: =AD61*$F61 -> 1.9469094 | O61: =AE61*$F61 -> 6.3798915 | P61: =AF61*$F61 -> 148.10035 | Q61: =AG61*$F61 -> 49.046883 | R61: =P61/$E61*9 -> 9.9970234 | S61: =Q61/$E61*9 -> 3.3107474 | T61: =AF61-AG61 -> 0.17562671 | U61: =L61/$E61*9 -> 4.1096781 | V61: =(Q61+J61)/$E61 -> 1.2685661 | W61: 0.1986676264911559 | X61: 0.2798743315508021 | Y61: 0.24702911467617347 | Z61: 0.21292737251334581 | AA61: 0.11147745190871101 | AB61: 0.10794786873997224 | AC61: 0.032592387 | AD61: 0.003451967 | AE61: 0.011311864308264773 | AF61: 0.26258926991890535 | AG61: 0.086962559
A62: TB | B62: Drew Rasmussen | C62: SP | D62: 29 | E62: 153.67 | F62: 629 | G62: =W62*$D62 -> 9.0876774 | H62: =X62*$D62 -> 9.1091613 | I62: =Y62*$D62 -> 12.962366 | J62: =Z62*$F62 -> 142.06155 | K62: =AA62*$F62 -> 66.78253 | L62: =AB62*$F62 -> 62.090887 | M62: =AC62*$F62 -> 17.646043 | N62: =AD62*$F62 -> 0.94109407 | O62: =AE62*$F62 -> 5.0691242 | P62: =AF62*$F62 -> 134.4239 | Q62: =AG62*$F62 -> 39.35756 | R62: =P62/$E62*9 -> 7.8728125 | S62: =Q62/$E62*9 -> 2.3050565 | T62: =AF62-AG62 -> 0.15113885 | U62: =L62/$E62*9 -> 3.6364807 | V62: =(Q62+J62)/$E62 -> 1.180576 | W62: 0.3133681868743048 | X62: 0.31410901001112346 | Y62: 0.44697812384130514 | Z62: 0.22585302827048315 | AA62: 0.10617254437979393 | AB62: 0.098713652 | AC62: 0.028054123021637706 | AD62: 0.001496175 | AE62: 0.008059021 | AF62: 0.2137104919700495 | AG62: 0.062571637
A63: PHI | B63: Aaron Nola | C63: SP | D63: 28 | E63: 168 | F63: 700 | G63: =W63*$D63 -> 10.135016 | H63: =X63*$D63 -> 9.3347419 | I63: =Y63*$D63 -> 13.892473 | J63: =Z63*$F63 -> 159.32089 | K63: =AA63*$F63 -> 81.494576 | L63: =AB63*$F63 -> 77.676403 | M63: =AC63*$F63 -> 25.301727 | N63: =AD63*$F63 -> 0.9617412 | O63: =AE63*$F63 -> 5.1609684 | P63: =AF63*$F63 -> 165.07263 | Q63: =AG63*$F63 -> 46.772524 | R63: =P63/$E63*9 -> 8.8431764 | S63: =Q63/$E63*9 -> 2.5056709 | T63: =AF63-AG63 -> 0.16900015 | U63: =L63/$E63*9 -> 4.1612359 | V63: =(Q63+J63)/$E63 -> 1.2267465 | W63: 0.3619648617511521 | X63: 0.3333836405529954 | Y63: 0.4961597542242704 | Z63: 0.2276012775706191 | AA63: 0.11642082255649214 | AB63: 0.11096629028452634 | AC63: 0.036145325 | AD63: 0.001373916 | AE63: 0.007372812 | AF63: 0.23581803851990912 | AG63: 0.066817891
A64: AZ | B64: Ryne Nelson | C64: SP,RP | D64: 32 | E64: 159 | F64: 668 | G64: =W64*$D64 -> 8.3733485 | H64: =X64*$D64 -> 8.7982105 | I64: =Y64*$D64 -> 10.447368 | J64: =Z64*$F64 -> 158.53998 | K64: =AA64*$F64 -> 79.150369 | L64: =AB64*$F64 -> 71.260727 | M64: =AC64*$F64 -> 21.543753 | N64: =AD64*$F64 -> 0.97850978 | O64: =AE64*$F64 -> 5.2248595 | P64: =AF64*$F64 -> 131.07276 | Q64: =AG64*$F64 -> 43.173026 | R64: =P64/$E64*9 -> 7.4192129 | S64: =Q64/$E64*9 -> 2.4437562 | T64: =AF64-AG64 -> 0.13158643 | U64: =L64/$E64*9 -> 4.033626 | V64: =(Q64+J64)/$E64 -> 1.2686353 | W64: 0.26166713929219604 | X64: 0.2749440789473684 | Y64: 0.32648026315789475 | Z64: 0.23733530526779806 | AA64: 0.11848857701180437 | AB64: 0.10667773483240615 | AC64: 0.032251127 | AD64: 0.001464835 | AE64: 0.007821646 | AF64: 0.19621670832571275 | AG64: 0.064630278
A65: LAD | B65: Roki Sasaki | C65: SP | D65: 33 | E65: 114 | F65: 489 | G65: =W65*$D65 -> 6.9726951 | H65: =X65*$D65 -> 5.8721707 | I65: =Y65*$D65 -> 5.6544715 | J65: =Z65*$F65 -> 107.2207 | K65: =AA65*$F65 -> 57.505105 | L65: =AB65*$F65 -> 52.590891 | M65: =AC65*$F65 -> 14.586004 | N65: =AD65*$F65 -> 0.9437387 | O65: =AE65*$F65 -> 6.405915 | P65: =AF65*$F65 -> 119.43059 | Q65: =AG65*$F65 -> 43.528529 | R65: =P65/$E65*9 -> 9.4287305 | S65: =Q65/$E65*9 -> 3.4364628 | T65: =AF65-AG65 -> 0.15521893 | U65: =L65/$E65*9 -> 4.1519125 | V65: =(Q65+J65)/$E65 -> 1.3223616 | W65: 0.21129379157427935 | X65: 0.17794456762749444 | Y65: 0.17134762256713476 | Z65: 0.21926523256288646 | AA65: 0.11759735084610798 | AB65: 0.10754783523335479 | AC65: 0.029828228517586576 | AD65: 0.001929936 | AE65: 0.013100030588310392 | AF65: 0.24423432821673147 | AG65: 0.089015397
A66: MIL | B66: Quinn Priester | C66: SP,RP | D66: 28 | E66: 166.33 | F66: 707 | G66: =W66*$D66 -> 9.5421724 | H66: =X66*$D66 -> 9.8636897 | I66: =Y66*$D66 -> 13.568966 | J66: =Z66*$F66 -> 163.09423 | K66: =AA66*$F66 -> 81.122913 | L66: =AB66*$F66 -> 75.902246 | M66: =AC66*$F66 -> 20.059365 | N66: =AD66*$F66 -> 0.97705774 | O66: =AE66*$F66 -> 6.9127229 | P66: =AF66*$F66 -> 137.7352 | Q66: =AG66*$F66 -> 51.733247 | R66: =P66/$E66*9 -> 7.4527552 | S66: =Q66/$E66*9 -> 2.7992498 | T66: =AF66-AG66 -> 0.12164349 | U66: =L66/$E66*9 -> 4.1070174 | V66: =(Q66+J66)/$E66 -> 1.2915739 | W66: 0.34079187192118227 | X66: 0.3522746305418719 | Y66: 0.4846059113300492 | Z66: 0.23068491200187563 | AA66: 0.11474245117866705 | AB66: 0.10735819756432022 | AC66: 0.02837251 | AD66: 0.001381977 | AE66: 0.009777543 | AF66: 0.19481640220744834 | AG66: 0.07317291
A67: BAL | B67: Zach Eflin | C67: SP | D67: 29 | E67: 140.67 | F67: 586 | G67: =W67*$D67 -> 8.4608289 | H67: =X67*$D67 -> 8.07525 | I67: =Y67*$D67 -> 8.8981481 | J67: =Z67*$F67 -> 147.33355 | K67: =AA67*$F67 -> 73.944839 | L67: =AB67*$F67 -> 67.79551 | M67: =AC67*$F67 -> 22.434282 | N67: =AD67*$F67 -> 0.96730434 | O67: =AE67*$F67 -> 4.5390382 | P67: =AF67*$F67 -> 104.96982 | Q67: =AG67*$F67 -> 27.411139 | R67: =P67/$E67*9 -> 6.7159191 | S67: =Q67/$E67*9 -> 1.7537517 | T67: =AF67-AG67 -> 0.13235269 | U67: =L67/$E67*9 -> 4.3375246 | V67: =(Q67+J67)/$E67 -> 1.2422314 | W67: 0.29175272 | X67: 0.2784568965517241 | Y67: 0.3068326947637292 | Z67: 0.25142243594588687 | AA67: 0.12618573177881412 | AB67: 0.11569199669930216 | AC67: 0.038283757 | AD67: 0.00165069 | AE67: 0.007745799 | AF67: 0.17912937824970832 | AG67: 0.046776687
A68: CHC | B68: Matthew Boyd | C68: SP | D68: 27 | E68: 158.67 | F68: 659 | G68: =W68*$D68 -> 10.198456 | H68: =X68*$D68 -> 9.0943448 | I68: =Y68*$D68 -> 13.293103 | J68: =Z68*$F68 -> 144.89913 | K68: =AA68*$F68 -> 75.013243 | L68: =AB68*$F68 -> 67.757086 | M68: =AC68*$F68 -> 20.9034 | N68: =AD68*$F68 -> 0.49999978 | O68: =AE68*$F68 -> 6.7669502 | P68: =AF68*$F68 -> 141.45207 | Q68: =AG68*$F68 -> 45.409844 | R68: =P68/$E68*9 -> 8.0233731 | S68: =Q68/$E68*9 -> 2.5757144 | T68: =AF68-AG68 -> 0.14573934 | U68: =L68/$E68*9 -> 3.8432834 | V68: =(Q68+J68)/$E68 -> 1.1994011 | W68: 0.37772060123784257 | X68: 0.33682758620689657 | Y68: 0.49233716475095785 | Z68: 0.21987727872736418 | AA68: 0.11382889692247267 | AB68: 0.10281803672843345 | AC68: 0.031719879 | AD68: 0.000758725 | AE68: 0.010268513222959292 | AF68: 0.21464653689818863 | AG68: 0.068907199
A69: DET | B69: Justin Verlander | C69: SP | D69: 23 | E69: 129.67 | F69: 551 | G69: =W69*$D69 -> 6.8321354 | H69: =X69*$D69 -> 8.6067692 | I69: =Y69*$D69 -> 10.141026 | J69: =Z69*$F69 -> 125.03825 | K69: =AA69*$F69 -> 67.569425 | L69: =AB69*$F69 -> 61.413814 | M69: =AC69*$F69 -> 19.365381 | N69: =AD69*$F69 -> 0.49999999 | O69: =AE69*$F69 -> 5.4410782 | P69: =AF69*$F69 -> 105.24283 | Q69: =AG69*$F69 -> 43.018462 | R69: =P69/$E69*9 -> 7.3045844 | S69: =Q69/$E69*9 -> 2.9857805 | T69: =AF69-AG69 -> 0.11292988 | U69: =L69/$E69*9 -> 4.2625459 | V69: =(Q69+J69)/$E69 -> 1.2960338 | W69: 0.29704937 | X69: 0.37420735785953174 | Y69: 0.4409141583054626 | Z69: 0.22692966534316505 | AA69: 0.12263053520784373 | AB69: 0.11145882697827898 | AC69: 0.035145881544277655 | AD69: 0.000907441 | AE69: 0.009874915 | AF69: 0.19100331832452544 | AG69: 0.078073434
A70: NYM | B70: Sean Manaea | C70: SP,RP | D70: 33 | E70: 130.67 | F70: 542 | G70: =W70*$D70 -> 7.1285233 | H70: =X70*$D70 -> 7.3724651 | I70: =Y70*$D70 -> 6.1705426 | J70: =Z70*$F70 -> 115.48154 | K70: =AA70*$F70 -> 61.107074 | L70: =AB70*$F70 -> 61.504689 | M70: =AC70*$F70 -> 18.839066 | N70: =AD70*$F70 -> 0.97377617 | O70: =AE70*$F70 -> 6.5015491 | P70: =AF70*$F70 -> 132.8069 | Q70: =AG70*$F70 -> 42.620363 | R70: =P70/$E70*9 -> 9.147181 | S70: =Q70/$E70*9 -> 2.9355114 | T70: =AF70-AG70 -> 0.16639583 | U70: =L70/$E70*9 -> 4.2361843 | V70: =(Q70+J70)/$E70 -> 1.2099326 | W70: 0.21601585623678643 | X70: 0.22340803382663846 | Y70: 0.18698614047451254 | Z70: 0.21306556361917156 | AA70: 0.11274367852170811 | AB70: 0.11347728599187454 | AC70: 0.034758424905271076 | AD70: 0.001796635 | AE70: 0.011995478049946186 | AF70: 0.24503118832387125 | AG70: 0.078635357
A71: HOU | B71: Tatsuya Imai | C71: SP | D71: 27 | E71: 155 | F71: 664 | G71: =W71*$D71 -> 6.1092692 | H71: =X71*$D71 -> 9.1062692 | I71: =Y71*$D71 -> 12.410256 | J71: =Z71*$F71 -> 146.12949 | K71: =AA71*$F71 -> 79.452247 | L71: =AB71*$F71 -> 77.982953 | M71: =AC71*$F71 -> 20.623095 | N71: =AD71*$F71 -> 1.0007542 | O71: =AE71*$F71 -> 7.9820363 | P71: =AF71*$F71 -> 149.74039 | Q71: =AG71*$F71 -> 64.770277 | R71: =P71/$E71*9 -> 8.6946032 | S71: =Q71/$E71*9 -> 3.7608548 | T71: =AF71-AG71 -> 0.12796704 | U71: =L71/$E71*9 -> 4.5280424 | V71: =(Q71+J71)/$E71 -> 1.3606437 | W71: 0.22626923076923075 | X71: 0.3372692307692307 | Y71: 0.4596391263057929 | Z71: 0.22007453513062475 | AA71: 0.11965699851452269 | AB71: 0.11744420652876528 | AC71: 0.031058878 | AD71: 0.00150716 | AE71: 0.012021139 | AF71: 0.22551263355071008 | AG71: 0.097545598
A72: PIT | B72: Braxton Ashcraft | C72: SP,RP | D72: 37 | E72: 133.33 | F72: 564 | G72: =W72*$D72 -> 6.9061097 | H72: =X72*$D72 -> 7.7922 | I72: =Y72*$D72 -> 6.7962963 | J72: =Z72*$F72 -> 129.96145 | K72: =AA72*$F72 -> 62.252447 | L72: =AB72*$F72 -> 55.296471 | M72: =AC72*$F72 -> 14.056271 | N72: =AD72*$F72 -> 1.4541065 | O72: =AE72*$F72 -> 5.8106087 | P72: =AF72*$F72 -> 119.86213 | Q72: =AG72*$F72 -> 41.81884 | R72: =P72/$E72*9 -> 8.0908962 | S72: =Q72/$E72*9 -> 2.8228423 | T72: =AF72-AG72 -> 0.13837463 | U72: =L72/$E72*9 -> 3.7326051 | V72: =(Q72+J72)/$E72 -> 1.2883844 | W72: 0.1866516129032258 | X72: 0.2106 | Y72: 0.18368368368368362 | Z72: 0.23042810268512914 | AA72: 0.11037667967809406 | AB72: 0.098043389 | AC72: 0.024922466074719294 | AD72: 0.002578203 | AE72: 0.010302497687326509 | AF72: 0.21252151 | AG72: 0.07414688
A73: NYY | B73: Luis Gil | C73: SP | D73: 36 | E73: 94.67 | F73: 406 | G73: =W73*$D73 -> 6.0723529 | H73: =X73*$D73 -> 5.0733529 | I73: =Y73*$D73 -> 3.0490196 | J73: =Z73*$F73 -> 81.772785 | K73: =AA73*$F73 -> 49.002363 | L73: =AB73*$F73 -> 47.182805 | M73: =AC73*$F73 -> 13.048538 | N73: =AD73*$F73 -> 0.95927609 | O73: =AE73*$F73 -> 4.1962637 | P73: =AF73*$F73 -> 93.647102 | Q73: =AG73*$F73 -> 46.393883 | R73: =P73/$E73*9 -> 8.9027561 | S73: =Q73/$E73*9 -> 4.4105307 | T73: =AF73-AG73 -> 0.11638724 | U73: =L73/$E73*9 -> 4.4855313 | V73: =(Q73+J73)/$E73 -> 1.3538256 | W73: 0.16867647058823532 | X73: 0.14092647058823526 | Y73: 0.084694989 | Z73: 0.2014107995431182 | AA73: 0.12069547469511872 | AB73: 0.11621380501851089 | AC73: 0.032139255 | AD73: 0.002362749 | AE73: 0.010335625 | AF73: 0.23065788688290112 | AG73: 0.11427064683873596
A74: BOS | B74: Brayan Bello | C74: SP | D74: 28 | E74: 160.33 | F74: 689 | G74: =W74*$D74 -> 9.6355161 | H74: =X74*$D74 -> 9.99 | I74: =Y74*$D74 -> 12.666667 | J74: =Z74*$F74 -> 161.5656 | K74: =AA74*$F74 -> 83.796771 | L74: =AB74*$F74 -> 73.558744 | M74: =AC74*$F74 -> 18.563741 | N74: =AD74*$F74 -> 0.49999972 | O74: =AE74*$F74 -> 8.3642342 | P74: =AF74*$F74 -> 130.32979 | Q74: =AG74*$F74 -> 56.962003 | R74: =P74/$E74*9 -> 7.3159616 | S74: =Q74/$E74*9 -> 3.1975178 | T74: =AF74-AG74 -> 0.10648445 | U74: =L74/$E74*9 -> 4.1291629 | V74: =(Q74+J74)/$E74 -> 1.3629864 | W74: 0.34412557603686633 | X74: 0.35678571428571426 | Y74: 0.45238095238095233 | Z74: 0.2344928888850888 | AA74: 0.12162085751047827 | AB74: 0.10676160212746871 | AC74: 0.026943020187359765 | AD74: 0.000725689 | AE74: 0.012139672232066677 | AF74: 0.1891578970290554 | AG74: 0.082673444
A75: ATH | B75: Jeffrey Springs | C75: SP | D75: 29 | E75: 164.33 | F75: 696 | G75: =W75*$D75 -> 9.216197 | H75: =X75*$D75 -> 10.419677 | I75: =Y75*$D75 -> 12.55914 | J75: =Z75*$F75 -> 164.48214 | K75: =AA75*$F75 -> 90.716177 | L75: =AB75*$F75 -> 78.291556 | M75: =AC75*$F75 -> 27.049109 | N75: =AD75*$F75 -> 0.50000014 | O75: =AE75*$F75 -> 4.4901584 | P75: =AF75*$F75 -> 139.32082 | Q75: =AG75*$F75 -> 52.755431 | R75: =P75/$E75*9 -> 7.6303008 | S75: =Q75/$E75*9 -> 2.8893013 | T75: =AF75-AG75 -> 0.12437555 | U75: =L75/$E75*9 -> 4.2878598 | V75: =(Q75+J75)/$E75 -> 1.3219593 | W75: 0.31779989671063086 | X75: 0.35929922135706344 | Y75: 0.4330737856878013 | Z75: 0.2363249111619305 | AA75: 0.13033933497536937 | AB75: 0.1124878671929867 | AC75: 0.038863662281762294 | AD75: 0.000718391 | AE75: 0.006451377 | AF75: 0.20017358494730153 | AG75: 0.075798033
A76: DET | B76: Casey Mize | C76: SP | D76: 26 | E76: 143 | F76: 599 | G76: =W76*$D76 -> 8.5504886 | H76: =X76*$D76 -> 8.7531429 | I76: =Y76*$D76 -> 11.02381 | J76: =Z76*$F76 -> 138.68182 | K76: =AA76*$F76 -> 69.183437 | L76: =AB76*$F76 -> 63.434691 | M76: =AC76*$F76 -> 19.117228 | N76: =AD76*$F76 -> 0.50000027 | O76: =AE76*$F76 -> 5.5514637 | P76: =AF76*$F76 -> 123.67971 | Q76: =AG76*$F76 -> 38.223292 | R76: =P76/$E76*9 -> 7.7840375 | S76: =Q76/$E76*9 -> 2.4056617 | T76: =AF76-AG76 -> 0.14266513 | U76: =L76/$E76*9 -> 3.9923931 | V76: =(Q76+J76)/$E76 -> 1.2370987 | W76: 0.32886495 | X76: 0.33665934065934067 | Y76: 0.42399267 | Z76: 0.23152223 | AA76: 0.11549822586938491 | AB76: 0.1059009865388161 | AC76: 0.031915239 | AD76: 0.000834725 | AE76: 0.009267886 | AF76: 0.20647697319269037 | AG76: 0.06381184
A77: NYM | B77: David Peterson | C77: SP | D77: 28 | E77: 160.33 | F77: 688 | G77: =W77*$D77 -> 9.1976897 | H77: =X77*$D77 -> 8.2216552 | I77: =Y77*$D77 -> 13.890805 | J77: =Z77*$F77 -> 155.87374 | K77: =AA77*$F77 -> 74.142995 | L77: =AB77*$F77 -> 69.340474 | M77: =AC77*$F77 -> 16.147679 | N77: =AD77*$F77 -> 1.4725278 | O77: =AE77*$F77 -> 7.1628082 | P77: =AF77*$F77 -> 142.17765 | Q77: =AG77*$F77 -> 59.872872 | R77: =P77/$E77*9 -> 7.981032 | S77: =Q77/$E77*9 -> 3.3609171 | T77: =AF77-AG77 -> 0.11962904 | U77: =L77/$E77*9 -> 3.8923736 | V77: =(Q77+J77)/$E77 -> 1.3456409 | W77: 0.3284889162561576 | X77: 0.29363054187192117 | Y77: 0.4961001642036124 | Z77: 0.2265606685867324 | AA77: 0.10776598095959196 | AB77: 0.10078557238561797 | AC77: 0.023470464 | AD77: 0.002140302 | AE77: 0.010411058418325809 | AF77: 0.20665356149227115 | AG77: 0.087024523
A78: CHC | B78: Jameson Taillon | C78: SP | D78: 27 | E78: 156.33 | F78: 652 | G78: =W78*$D78 -> 8.9992335 | H78: =X78*$D78 -> 9.2050714 | I78: =Y78*$D78 -> 12.267857 | J78: =Z78*$F78 -> 156.43423 | K78: =AA78*$F78 -> 83.236452 | L78: =AB78*$F78 -> 75.174357 | M78: =AC78*$F78 -> 25.757386 | N78: =AD78*$F78 -> 0.49999989 | O78: =AE78*$F78 -> 4.5743864 | P78: =AF78*$F78 -> 119.76049 | Q78: =AG78*$F78 -> 37.455307 | R78: =P78/$E78*9 -> 6.894674 | S78: =Q78/$E78*9 -> 2.1563217 | T78: =AF78-AG78 -> 0.12623494 | U78: =L78/$E78*9 -> 4.3278271 | V78: =(Q78+J78)/$E78 -> 1.2402581 | W78: 0.33330495 | X78: 0.3409285714285714 | Y78: 0.45436507936507936 | Z78: 0.23992980789496648 | AA78: 0.12766326939958061 | AB78: 0.11529809302470347 | AC78: 0.039505193 | AD78: 0.000766871 | AE78: 0.00701593 | AF78: 0.18368172957256296 | AG78: 0.05744679
A79: AZ | B79: Merrill Kelly | C79: SP | D79: 28 | E79: 170 | F79: 710 | G79: =W79*$D79 -> 10.113333 | H79: =X79*$D79 -> 8.991 | I79: =Y79*$D79 -> 14 | J79: =Z79*$F79 -> 164.07951 | K79: =AA79*$F79 -> 83.497106 | L79: =AB79*$F79 -> 72.938692 | M79: =AC79*$F79 -> 22.990922 | N79: =AD79*$F79 -> 1.0182479 | O79: =AE79*$F79 -> 4.3590613 | P79: =AF79*$F79 -> 148.06189 | Q79: =AG79*$F79 -> 49.879112 | R79: =P79/$E79*9 -> 7.8385708 | S79: =Q79/$E79*9 -> 2.6406589 | T79: =AF79-AG79 -> 0.13828561 | U79: =L79/$E79*9 -> 3.8614601 | V79: =(Q79+J79)/$E79 -> 1.2585801 | W79: 0.3611904761904762 | X79: 0.32110714285714287 | Y79: 0.5 | Z79: 0.23109789569956318 | AA79: 0.11760155758413846 | AB79: 0.10273055151313751 | AC79: 0.03238158 | AD79: 0.001434152 | AE79: 0.006139523 | AF79: 0.20853788 | AG79: 0.070252271
A80: NYM | B80: Clay Holmes | C80: SP | D80: 28 | E80: 144 | F80: 619 | G80: =W80*$D80 -> 9.99 | H80: =X80*$D80 -> 9.324 | I80: =Y80*$D80 -> 11.833333 | J80: =Z80*$F80 -> 140.09433 | K80: =AA80*$F80 -> 66.792386 | L80: =AB80*$F80 -> 61.54812 | M80: =AC80*$F80 -> 13.047818 | N80: =AD80*$F80 -> 1.0000001 | O80: =AE80*$F80 -> 8.4551353 | P80: =AF80*$F80 -> 113.82792 | Q80: =AG80*$F80 -> 54.310824 | R80: =P80/$E80*9 -> 7.1142447 | S80: =Q80/$E80*9 -> 3.3944265 | T80: =AF80-AG80 -> 0.096150389 | U80: =L80/$E80*9 -> 3.8467575 | V80: =(Q80+J80)/$E80 -> 1.3500358 | W80: 0.35678571428571426 | X80: 0.33299999999999996 | Y80: 0.4226190476190476 | Z80: 0.22632363208342804 | AA80: 0.10790369347361409 | AB80: 0.099431535 | AC80: 0.021078865450396424 | AD80: 0.001615509 | AE80: 0.013659346255658834 | AF80: 0.18389000832274732 | AG80: 0.087739619
A81: NYM | B81: Jonah Tong | C81: SP | D81: 12 | E81: 32 | F81: 134 | G81: =W81*$D81 -> 2.664 | H81: =X81*$D81 -> 1.6393846 | I81: =Y81*$D81 -> 1.1025641 | J81: =Z81*$F81 -> 26.063638 | K81: =AA81*$F81 -> 13.172003 | L81: =AB81*$F81 -> 13.14512 | M81: =AC81*$F81 -> 3.2083685 | N81: =AD81*$F81 -> 0 | O81: =AE81*$F81 -> 1.0557179 | P81: =AF81*$F81 -> 36.193996 | Q81: =AG81*$F81 -> 13.270899 | R81: =P81/$E81*9 -> 10.179561 | S81: =Q81/$E81*9 -> 3.7324402 | T81: =AF81-AG81 -> 0.17106789 | U81: =L81/$E81*9 -> 3.6970651 | V81: =(Q81+J81)/$E81 -> 1.2292043 | W81: 0.22199999999999995 | X81: 0.13661538461538458 | Y81: 0.091880342 | Z81: 0.1945047581728616 | AA81: 0.098298531 | AB81: 0.098097912 | AC81: 0.023943048555921644 | AD81: 0 | AE81: 0.007878492 | AF81: 0.2701044443793396 | AG81: 0.099036557
A82: TB | B82: Shane McClanahan | C82: SP | D82: 20 | E82: 117.67 | F82: 482 | G82: =W82*$D82 -> 7.4925 | H82: =X82*$D82 -> 6.549 | I82: =Y82*$D82 -> 10.194444 | J82: =Z82*$F82 -> 103.49638 | K82: =AA82*$F82 -> 50.584245 | L82: =AB82*$F82 -> 43.86183 | M82: =AC82*$F82 -> 15.086242 | N82: =AD82*$F82 -> 0.49999981 | O82: =AE82*$F82 -> 3.0770514 | P82: =AF82*$F82 -> 124.79389 | Q82: =AG82*$F82 -> 33.897511 | R82: =P82/$E82*9 -> 9.5448716 | S82: =Q82/$E82*9 -> 2.592654 | T82: =AF82-AG82 -> 0.18858171 | U82: =L82/$E82*9 -> 3.3547758 | V82: =(Q82+J82)/$E82 -> 1.1676204 | W82: 0.374625 | X82: 0.32745 | Y82: 0.5097222222222223 | Z82: 0.21472277667063855 | AA82: 0.10494656552182649 | AB82: 0.090999647 | AC82: 0.031299256595969854 | AD82: 0.001037344 | AE82: 0.006383924 | AF82: 0.25890849214895695 | AG82: 0.070326786
A83: TOR | B83: Cody Ponce | C83: SP | D83: 34 | E83: 137.67 | F83: 579 | G83: =W83*$D83 -> 7.8563771 | H83: =X83*$D83 -> 7.1764898 | I83: =Y83*$D83 -> 6.2517007 | J83: =Z83*$F83 -> 127.72298 | K83: =AA83*$F83 -> 65.531388 | L83: =AB83*$F83 -> 62.399299 | M83: =AC83*$F83 -> 19.106105 | N83: =AD83*$F83 -> 0.96468695 | O83: =AE83*$F83 -> 6.1818703 | P83: =AF83*$F83 -> 141.85056 | Q83: =AG83*$F83 -> 44.267087 | R83: =P83/$E83*9 -> 9.273299 | S83: =Q83/$E83*9 -> 2.8939041 | T83: =AF83-AG83 -> 0.16853796 | U83: =L83/$E83*9 -> 4.0792743 | V83: =(Q83+J83)/$E83 -> 1.2492923 | W83: 0.23106991492249074 | X83: 0.21107322929171665 | Y83: 0.18387354941976786 | Z83: 0.22059236795066728 | AA83: 0.11318028931374896 | AB83: 0.10777080936145036 | AC83: 0.032998455054703626 | AD83: 0.001666126 | AE83: 0.010676805319634887 | AF83: 0.24499233749455884 | AG83: 0.076454381
A84: CHC | B84: Edward Cabrera | C84: SP | D84: 25 | E84: 135.67 | F84: 571 | G84: =W84*$D84 -> 8.5427308 | H84: =X84*$D84 -> 7.8767308 | I84: =Y84*$D84 -> 11.24359 | J84: =Z84*$F84 -> 116.79973 | K84: =AA84*$F84 -> 62.780493 | L84: =AB84*$F84 -> 59.182695 | M84: =AC84*$F84 -> 16.276861 | N84: =AD84*$F84 -> 0.50000015 | O84: =AE84*$F84 -> 6.9185058 | P84: =AF84*$F84 -> 144.64567 | Q84: =AG84*$F84 -> 52.986997 | R84: =P84/$E84*9 -> 9.5954227 | S84: =Q84/$E84*9 -> 3.5150215 | T84: =AF84-AG84 -> 0.16052306 | U84: =L84/$E84*9 -> 3.9260283 | V84: =(Q84+J84)/$E84 -> 1.2514685 | W84: 0.34170923076923077 | X84: 0.31506923076923077 | Y84: 0.44974358974358974 | Z84: 0.2045529443320855 | AA84: 0.10994832435385421 | AB84: 0.1036474521017452 | AC84: 0.028505886236673505 | AD84: 0.000875657 | AE84: 0.012116472542236155 | AF84: 0.2533199066480749 | AG84: 0.092796842
A85: NYY | B85: Will Warren | C85: SP | D85: 35 | E85: 123 | F85: 524 | G85: =W85*$D85 -> 7.31675 | H85: =X85*$D85 -> 7.4 | I85: =Y85*$D85 -> 5.8888889 | J85: =Z85*$F85 -> 115.39397 | K85: =AA85*$F85 -> 59.5104 | L85: =AB85*$F85 -> 58.463561 | M85: =AC85*$F85 -> 16.77235 | N85: =AD85*$F85 -> 0.94939944 | O85: =AE85*$F85 -> 5.1519041 | P85: =AF85*$F85 -> 120.1119 | Q85: =AG85*$F85 -> 43.066965 | R85: =P85/$E85*9 -> 8.7886753 | S85: =Q85/$E85*9 -> 3.1512413 | T85: =AF85-AG85 -> 0.14703231 | U85: =L85/$E85*9 -> 4.2778216 | V85: =(Q85+J85)/$E85 -> 1.2883003 | W85: 0.20904999999999996 | X85: 0.21142857142857138 | Y85: 0.16825396825396824 | Z85: 0.22021749914777544 | AA85: 0.11356946555946354 | AB85: 0.11157168 | AC85: 0.032008301 | AD85: 0.001811831 | AE85: 0.009831878 | AF85: 0.22922117610006815 | AG85: 0.082188864
A86: AZ | B86: Brandon Pfaadt | C86: SP | D86: 28 | E86: 163.67 | F86: 690 | G86: =W86*$D86 -> 9.4273448 | H86: =X86*$D86 -> 9.8751724 | I86: =Y86*$D86 -> 13.086207 | J86: =Z86*$F86 -> 168.12481 | K86: =AA86*$F86 -> 83.1471 | L86: =AB86*$F86 -> 75.661577 | M86: =AC86*$F86 -> 23.867874 | N86: =AD86*$F86 -> 0.98866857 | O86: =AE86*$F86 -> 6.9167625 | P86: =AF86*$F86 -> 143.91602 | Q86: =AG86*$F86 -> 38.027879 | R86: =P86/$E86*9 -> 7.9137542 | S86: =Q86/$E86*9 -> 2.0911035 | T86: =AF86-AG86 -> 0.15346107 | U86: =L86/$E86*9 -> 4.1605315 | V86: =(Q86+J86)/$E86 -> 1.2595631 | W86: 0.3366908866995074 | X86: 0.3526847290640394 | Y86: 0.4673645320197044 | Z86: 0.24365914093621266 | AA86: 0.12050304364385431 | AB86: 0.10965445892767857 | AC86: 0.034591122 | AD86: 0.001432853 | AE86: 0.010024293441372293 | AF86: 0.20857393734375207 | AG86: 0.055112868251190994
A87: BAL | B87: Chris Bassitt | C87: SP | D87: 33 | E87: 168.33 | F87: 722 | G87: =W87*$D87 -> 10.425462 | H87: =X87*$D87 -> 10.092462 | I87: =Y87*$D87 -> 11.730769 | J87: =Z87*$F87 -> 164.6554 | K87: =AA87*$F87 -> 85.997192 | L87: =AB87*$F87 -> 76.511819 | M87: =AC87*$F87 -> 23.218523 | N87: =AD87*$F87 -> 0.96282021 | O87: =AE87*$F87 -> 10.691431 | P87: =AF87*$F87 -> 149.60089 | Q87: =AG87*$F87 -> 58.683055 | R87: =P87/$E87*9 -> 7.9986216 | S87: =Q87/$E87*9 -> 3.137572 | T87: =AF87-AG87 -> 0.12592497 | U87: =L87/$E87*9 -> 4.0908119 | V87: =(Q87+J87)/$E87 -> 1.3267894 | W87: 0.3159230769230769 | X87: 0.3058321678321678 | Y87: 0.3554778554778555 | Z87: 0.22805456978474942 | AA87: 0.11910968426229343 | AB87: 0.10597204896644208 | AC87: 0.032158619 | AD87: 0.001333546 | AE87: 0.014808075491285991 | AF87: 0.2072034426244574 | AG87: 0.081278469
A88: ATL | B88: Hurston Waldrep | C88: SP | D88: 11 | E88: 62 | F88: 271 | G88: =W88*$D88 -> 3.8679231 | H88: =X88*$D88 -> 3.7910769 | I88: =Y88*$D88 -> 4.5384615 | J88: =Z88*$F88 -> 61.761919 | K88: =AA88*$F88 -> 32.018406 | L88: =AB88*$F88 -> 29.573066 | M88: =AC88*$F88 -> 7.0299275 | N88: =AD88*$F88 -> 0.49999988 | O88: =AE88*$F88 -> 2.8503803 | P88: =AF88*$F88 -> 54.750216 | Q88: =AG88*$F88 -> 26.351341 | R88: =P88/$E88*9 -> 7.947612 | S88: =Q88/$E88*9 -> 3.8251947 | T88: =AF88-AG88 -> 0.1047929 | U88: =L88/$E88*9 -> 4.2928644 | V88: =(Q88+J88)/$E88 -> 1.4211816 | W88: 0.3516293706293706 | X88: 0.34464335664335666 | Y88: 0.41258741258741255 | Z88: 0.22790376175548588 | AA88: 0.11814910021976824 | AB88: 0.10912570347091262 | AC88: 0.025940691701034642 | AD88: 0.001845018 | AE88: 0.010518008305474884 | AF88: 0.20203031848436107 | AG88: 0.097237421
A89: CIN | B89: Brady Singer | C89: SP | D89: 29 | E89: 168 | F89: 715 | G89: =W89*$D89 -> 9.5388387 | H89: =X89*$D89 -> 10.752677 | I89: =Y89*$D89 -> 13.193548 | J89: =Z89*$F89 -> 164.96957 | K89: =AA89*$F89 -> 87.184342 | L89: =AB89*$F89 -> 81.00947 | M89: =AC89*$F89 -> 24.401036 | N89: =AD89*$F89 -> 0.50000022 | O89: =AE89*$F89 -> 9.4309065 | P89: =AF89*$F89 -> 156.41435 | Q89: =AG89*$F89 -> 54.885496 | R89: =P89/$E89*9 -> 8.3793402 | S89: =Q89/$E89*9 -> 2.9402944 | T89: =AF89-AG89 -> 0.1419984 | U89: =L89/$E89*9 -> 4.3397931 | V89: =(Q89+J89)/$E89 -> 1.3086611 | W89: 0.3289254727474972 | X89: 0.3707819799777531 | Y89: 0.4549499443826474 | Z89: 0.23072666672188102 | AA89: 0.12193614208455214 | AB89: 0.1132999585913454 | AC89: 0.034127323 | AD89: 0.000699301 | AE89: 0.013190078957620442 | AF89: 0.21876132889524935 | AG89: 0.076762932
A90: LAA | B90: Grayson Rodriguez | C90: SP | D90: 21 | E90: 119 | F90: 499 | G90: =W90*$D90 -> 6.603611 | H90: =X90*$D90 -> 7.4273478 | I90: =Y90*$D90 -> 10.130435 | J90: =Z90*$F90 -> 108.22796 | K90: =AA90*$F90 -> 53.122298 | L90: =AB90*$F90 -> 52.618861 | M90: =AC90*$F90 -> 15.797809 | N90: =AD90*$F90 -> 0.5 | O90: =AE90*$F90 -> 4.8624092 | P90: =AF90*$F90 -> 123.6997 | Q90: =AG90*$F90 -> 38.579821 | R90: =P90/$E90*9 -> 9.3554394 | S90: =Q90/$E90*9 -> 2.9178016 | T90: =AF90-AG90 -> 0.17058092 | U90: =L90/$E90*9 -> 3.9795777 | V90: =(Q90+J90)/$E90 -> 1.2336789 | W90: 0.3144576659038901 | X90: 0.3536832298136645 | Y90: 0.4824016563146998 | Z90: 0.21688970562696122 | AA90: 0.10645751 | AB90: 0.10544861934179203 | AC90: 0.031658936 | AD90: 0.001002004 | AE90: 0.009744307 | AF90: 0.24789518693224807 | AG90: 0.07731427
A91: KC | B91: Kris Bubic | C91: SP | D91: 29 | E91: 134.67 | F91: 563 | G91: =W91*$D91 -> 8.5792212 | H91: =X91*$D91 -> 8.2172647 | I91: =Y91*$D91 -> 8.9264706 | J91: =Z91*$F91 -> 124.94708 | K91: =AA91*$F91 -> 62.615367 | L91: =AB91*$F91 -> 54.395376 | M91: =AC91*$F91 -> 14.176557 | N91: =AD91*$F91 -> 1.4454113 | O91: =AE91*$F91 -> 4.4684741 | P91: =AF91*$F91 -> 130.09368 | Q91: =AG91*$F91 -> 44.309354 | R91: =P91/$E91*9 -> 8.6941646 | S91: =Q91/$E91*9 -> 2.9611954 | T91: =AF91-AG91 -> 0.15237003 | U91: =L91/$E91*9 -> 3.6352445 | V91: =(Q91+J91)/$E91 -> 1.2568236 | W91: 0.2958352147455684 | X91: 0.28335395537525354 | Y91: 0.3078093306288032 | Z91: 0.22193087346746168 | AA91: 0.11121734795827952 | AB91: 0.096617008 | AC91: 0.025180386 | AD91: 0.002567338 | AE91: 0.007936899 | AF91: 0.23107226126086033 | AG91: 0.078702228
A92: KC | B92: Michael Wacha | C92: SP | D92: 28 | E92: 165.67 | F92: 701 | G92: =W92*$D92 -> 9.6531724 | H92: =X92*$D92 -> 10.52969 | I92: =Y92*$D92 -> 12.770115 | J92: =Z92*$F92 -> 165.74629 | K92: =AA92*$F92 -> 89.36021 | L92: =AB92*$F92 -> 77.956294 | M92: =AC92*$F92 -> 22.309387 | N92: =AD92*$F92 -> 0.50000017 | O92: =AE92*$F92 -> 5.5753944 | P92: =AF92*$F92 -> 126.44824 | Q92: =AG92*$F92 -> 49.165312 | R92: =P92/$E92*9 -> 6.8692835 | S92: =Q92/$E92*9 -> 2.6708988 | T92: =AF92-AG92 -> 0.11024669 | U92: =L92/$E92*9 -> 4.234965 | V92: =(Q92+J92)/$E92 -> 1.297227 | W92: 0.34475615763546796 | X92: 0.3760603448275862 | Y92: 0.45607553366174053 | Z92: 0.2364426328645221 | AA92: 0.1274753346988125 | AB92: 0.11120726642321696 | AC92: 0.031825088588749016 | AD92: 0.000713267 | AE92: 0.007953487 | AF92: 0.1803826596585255 | AG92: 0.070135966
A93: PIT | B93: Mitch Keller | C93: SP | D93: 30 | E93: 177.33 | F93: 754 | G93: =W93*$D93 -> 9.6529255 | H93: =X93*$D93 -> 11.526097 | I93: =Y93*$D93 -> 14.413978 | J93: =Z93*$F93 -> 177.50589 | K93: =AA93*$F93 -> 89.651125 | L93: =AB93*$F93 -> 80.748277 | M93: =AC93*$F93 -> 22.230136 | N93: =AD93*$F93 -> 0.98897505 | O93: =AE93*$F93 -> 9.5404818 | P93: =AF93*$F93 -> 152.2101 | Q93: =AG93*$F93 -> 53.269222 | R93: =P93/$E93*9 -> 7.7250939 | S93: =Q93/$E93*9 -> 2.703564 | T93: =AF93-AG93 -> 0.13122132 | U93: =L93/$E93*9 -> 4.0982039 | V93: =(Q93+J93)/$E93 -> 1.3013879 | W93: 0.32176418242491656 | X93: 0.3842032258064516 | Y93: 0.48046594982078855 | Z93: 0.23541895658158085 | AA93: 0.11890069649920734 | AB93: 0.1070932058463685 | AC93: 0.029482938419445454 | AD93: 0.001311638 | AE93: 0.012653158830025586 | AF93: 0.20187016035559785 | AG93: 0.070648836
A94: PHI | B94: Andrew Painter | C94: SP | D94: 24 | E94: 93.67 | F94: 405 | G94: =W94*$D94 -> 4.8768387 | H94: =X94*$D94 -> 5.8006452 | I94: =Y94*$D94 -> 4.6344086 | J94: =Z94*$F94 -> 94.272065 | K94: =AA94*$F94 -> 51.752699 | L94: =AB94*$F94 -> 48.999763 | M94: =AC94*$F94 -> 14.150545 | N94: =AD94*$F94 -> 0.90744462 | O94: =AE94*$F94 -> 3.106137 | P94: =AF94*$F94 -> 86.134698 | Q94: =AG94*$F94 -> 31.151888 | R94: =P94/$E94*9 -> 8.2759932 | S94: =Q94/$E94*9 -> 2.9931354 | T94: =AF94-AG94 -> 0.13576002 | U94: =L94/$E94*9 -> 4.7079947 | V94: =(Q94+J94)/$E94 -> 1.3389981 | W94: 0.20320161290322578 | X94: 0.24169354838709678 | Y94: 0.19310035842293904 | Z94: 0.23277053198177622 | AA94: 0.12778444264014738 | AB94: 0.12098706902054208 | AC94: 0.034939618 | AD94: 0.002240604 | AE94: 0.007669474 | AF94: 0.21267826638276718 | AG94: 0.076918243
A95: CLE | B95: Joey Cantillo | C95: SP,RP | D95: 39 | E95: 126 | F95: 534 | G95: =W95*$D95 -> 5.9502727 | H95: =X95*$D95 -> 7.1595 | I95: =Y95*$D95 -> 5.0648148 | J95: =Z95*$F95 -> 109.48461 | K95: =AA95*$F95 -> 58.564236 | L95: =AB95*$F95 -> 52.125376 | M95: =AC95*$F95 -> 14.528546 | N95: =AD95*$F95 -> 0.91981126 | O95: =AE95*$F95 -> 4.0619719 | P95: =AF95*$F95 -> 135.87915 | Q95: =AG95*$F95 -> 54.115094 | R95: =P95/$E95*9 -> 9.7056536 | S95: =Q95/$E95*9 -> 3.8653639 | T95: =AF95-AG95 -> 0.15311621 | U95: =L95/$E95*9 -> 3.7232411 | V95: =(Q95+J95)/$E95 -> 1.2984103 | W95: 0.15257109557109555 | X95: 0.18357692307692308 | Y95: 0.12986704653371314 | Z95: 0.20502735461253274 | AA95: 0.10967085392748066 | AB95: 0.097613063 | AC95: 0.027207015620717978 | AD95: 0.001722493 | AE95: 0.007606689 | AF95: 0.2544553373607234 | AG95: 0.10133912797682136
A96: NYM | B96: Kodai Senga | C96: SP | D96: 29 | E96: 120 | F96: 509 | G96: =W96*$D96 -> 7.6285543 | H96: =X96*$D96 -> 6.5934 | I96: =Y96*$D96 -> 6.3666667 | J96: =Z96*$F96 -> 105.67461 | K96: =AA96*$F96 -> 56.493821 | L96: =AB96*$F96 -> 50.884472 | M96: =AC96*$F96 -> 14.584239 | N96: =AD96*$F96 -> 0.98109648 | O96: =AE96*$F96 -> 4.9094638 | P96: =AF96*$F96 -> 118.08136 | Q96: =AG96*$F96 -> 52.733743 | R96: =P96/$E96*9 -> 8.8561017 | S96: =Q96/$E96*9 -> 3.9550307 | T96: =AF96-AG96 -> 0.12838431 | U96: =L96/$E96*9 -> 3.8163354 | V96: =(Q96+J96)/$E96 -> 1.3200696 | W96: 0.26305359605911327 | X96: 0.22735862068965518 | Y96: 0.21954022988505742 | Z96: 0.2076122041137055 | AA96: 0.11098982507313473 | AB96: 0.099969494 | AC96: 0.028652728 | AD96: 0.001927498 | AE96: 0.009645312 | AF96: 0.23198694800806557 | AG96: 0.10360263905206638
A97: HOU | B97: Mike Burrows | C97: SP,RP | D97: 29 | E97: 126.33 | F97: 531 | G97: =W97*$D97 -> 5.9828067 | H97: =X97*$D97 -> 7.8842647 | I97: =Y97*$D97 -> 7.6666667 | J97: =Z97*$F97 -> 116.4604 | K97: =AA97*$F97 -> 61.980505 | L97: =AB97*$F97 -> 56.867029 | M97: =AC97*$F97 -> 19.026336 | N97: =AD97*$F97 -> 0.94472387 | O97: =AE97*$F97 -> 5.1008678 | P97: =AF97*$F97 -> 125.75817 | Q97: =AG97*$F97 -> 42.659894 | R97: =P97/$E97*9 -> 8.9592618 | S97: =Q97/$E97*9 -> 3.0391756 | T97: =AF97-AG97 -> 0.15649393 | U97: =L97/$E97*9 -> 4.0513201 | V97: =(Q97+J97)/$E97 -> 1.2595607 | W97: 0.2063036800927267 | X97: 0.2718711967545639 | Y97: 0.26436781609195403 | Z97: 0.21932279554313447 | AA97: 0.11672411486908493 | AB97: 0.10709421680715929 | AC97: 0.035831141 | AD97: 0.001779141 | AE97: 0.009606154 | AF97: 0.2368327140955736 | AG97: 0.080338784
A98: CLE | B98: Parker Messick | C98: SP | D98: 22 | E98: 117.33 | F98: 496 | G98: =W98*$D98 -> 6.5330368 | H98: =X98*$D98 -> 7.5431739 | I98: =Y98*$D98 -> 9.5797101 | J98: =Z98*$F98 -> 112.68083 | K98: =AA98*$F98 -> 56.453764 | L98: =AB98*$F98 -> 51.160758 | M98: =AC98*$F98 -> 15.391958 | N98: =AD98*$F98 -> 0.50000024 | O98: =AE98*$F98 -> 5.4390739 | P98: =AF98*$F98 -> 108.15649 | Q98: =AG98*$F98 -> 37.148948 | R98: =P98/$E98*9 -> 8.2963298 | S98: =Q98/$E98*9 -> 2.8495741 | T98: =AF98-AG98 -> 0.14316036 | U98: =L98/$E98*9 -> 3.9243741 | V98: =(Q98+J98)/$E98 -> 1.2769946 | W98: 0.29695621769534813 | X98: 0.3428715415019763 | Y98: 0.43544137022397894 | Z98: 0.22717908503293097 | AA98: 0.11381807192823015 | AB98: 0.10314668868324103 | AC98: 0.031032174 | AD98: 0.001008065 | AE98: 0.010965874730210575 | AF98: 0.21805743233844496 | AG98: 0.074897072
A99: NYY | B99: Ryan Weathers | C99: SP | D99: 33 | E99: 126.33 | F99: 531 | G99: =W99*$D99 -> 7.3670372 | H99: =X99*$D99 -> 6.8711707 | I99: =Y99*$D99 -> 6.0894309 | J99: =Z99*$F99 -> 115.77221 | K99: =AA99*$F99 -> 59.562697 | L99: =AB99*$F99 -> 58.761023 | M99: =AC99*$F99 -> 17.37345 | N99: =AD99*$F99 -> 0.98895033 | O99: =AE99*$F99 -> 4.9457558 | P99: =AF99*$F99 -> 114.88665 | Q99: =AG99*$F99 -> 42.649197 | R99: =P99/$E99*9 -> 8.1847532 | S99: =Q99/$E99*9 -> 3.0384135 | T99: =AF99-AG99 -> 0.1360404 | U99: =L99/$E99*9 -> 4.1862519 | V99: =(Q99+J99)/$E99 -> 1.2540284 | W99: 0.22324355233982962 | X99: 0.20821729490022173 | Y99: 0.1845282089184528 | Z99: 0.21802676775610252 | AA99: 0.11217080412720964 | AB99: 0.11066105939147271 | AC99: 0.032718361 | AD99: 0.00186243 | AE99: 0.009314041 | AF99: 0.21635904282177498 | AG99: 0.080318639
A100: CHC | B100: Justin Steele | C100: SP | D100: 13 | E100: 72 | F100: 297 | G100: =W100*$D100 -> 4.884 | H100: =X100*$D100 -> 4.107 | I100: =Y100*$D100 -> 6.1333333 | J100: =Z100*$F100 -> 65.957831 | K100: =AA100*$F100 -> 31.493255 | L100: =AB100*$F100 -> 28.12992 | M100: =AC100*$F100 -> 7.6599373 | N100: =AD100*$F100 -> 0 | O100: =AE100*$F100 -> 2.8672817 | P100: =AF100*$F100 -> 67.278766 | Q100: =AG100*$F100 -> 18.732529 | R100: =P100/$E100*9 -> 8.4098458 | S100: =Q100/$E100*9 -> 2.3415661 | T100: =AF100-AG100 -> 0.16345534 | U100: =L100/$E100*9 -> 3.5162399 | V100: =(Q100+J100)/$E100 -> 1.176255 | W100: 0.37569230769230766 | X100: 0.31592308 | Y100: 0.47179487179487173 | Z100: 0.22208023889295564 | AA100: 0.10603789705048211 | AB100: 0.094713534 | AC100: 0.025791034742094016 | AD100: 0 | AE100: 0.009654147 | AF100: 0.22652783185750586 | AG100: 0.063072487
...

Sheet CKBT_Rank
A1: Name | B1: Team | C1: Position | D1: G | E1: IP | F1: Total | G1: TBF | H1: IP+ | I1: W+ | J1: L+ | K1: QS+ | L1: HR+ | M1: HBP+ | N1: ERA+ | O1: WHIP+ | P1: K/9+ | Q1: K-BB%+ | S1: IP | T1: W | U1: L | V1: QS | W1: H | X1: R | Y1: ER | Z1: HR | AA1: IBB | AB1: HBP | AC1: K | AD1: BB | AE1: K/9 | AF1: K-BB% | AG1: ERA | AH1: WHIP
A2: Tarik Skubal | B2: DET | C2: SP | D2: 30 | E2: 192.33 | F2: =H2*1.5+I2+J2+K2*1.5+L2+M2+N2+O2+P2+Q2 -> 19.176213 | G2: 752 | H2: =(S2-S$123)/S$124 -> 1.5359249 | I2: =(T2-T$123)/T$124 -> 2.2937281 | J2: =(U2-U$123)/U$124 -> 0.19179348 | K2: =(V2-V$123)/V$124 -> 1.9859342 | L2: =(Z2-Z$123)/Z$124 -> -0.082135555 | M2: =(AB2-AB$123)/AB$124 -> -0.37408974 | N2: =(AG2-AG$123)/AG$124 -> 3.4572971 | O2: =(AH2-AH$123)/AH$124 -> 3.2119647 | P2: =(AE2-AE$123)/AE$124 -> 2.0623258 | Q2: =(AF2-AF$123)/AF$124 -> 3.1325404 | S2: =(E2-AVERAGE(E$2:E$122))/AVERAGE(E$2:E$122)*100+100 -> 133.25117 | T2: =('2026_Fantasy_Starters'!G2-AVERAGE('2026_Fantasy_Starters'!G$2:'2026_Fantasy_Starters'!G$122))/AVERAGE('2026_Fantasy_Starters'!G$2:'2026_Fantasy_Starters'!G$122)*100+100 -> 156.81609 | U2: =(AVERAGE('2026_Fantasy_Starters'!H$2:'2026_Fantasy_Starters'!H$122)-'2026_Fantasy_Starters'!H2)/AVERAGE('2026_Fantasy_Starters'!H$2:'2026_Fantasy_Starters'!H$122)*100+100 -> 104.37172 | V2: =('2026_Fantasy_Starters'!I2-AVERAGE('2026_Fantasy_Starters'!I$2:'2026_Fantasy_Starters'!I$122))/AVERAGE('2026_Fantasy_Starters'!I$2:'2026_Fantasy_Starters'!I$122)*100+100 -> 167.16394 | W2: =(AVERAGE('2026_Fantasy_Starters'!J$2:'2026_Fantasy_Starters'!J$122)-'2026_Fantasy_Starters'!J2)/AVERAGE('2026_Fantasy_Starters'!J$2:'2026_Fantasy_Starters'!J$122)*100+100 -> 87.638665 | X2: =(AVERAGE('2026_Fantasy_Starters'!K$2:'2026_Fantasy_Starters'!K$122)-'2026_Fantasy_Starters'!K2)/AVERAGE('2026_Fantasy_Starters'!K$2:'2026_Fantasy_Starters'!K$122)*100+100 -> 107.54255 | Y2: =(AVERAGE('2026_Fantasy_Starters'!L$2:'2026_Fantasy_Starters'!L$122)-'2026_Fantasy_Starters'!L2)/AVERAGE('2026_Fantasy_Starters'!L$2:'2026_Fantasy_Starters'!L$122)*100+100 -> 109.60665 | Z2: =(AVERAGE('2026_Fantasy_Starters'!M$2:'2026_Fantasy_Starters'!M$122)-'2026_Fantasy_Starters'!M2)/AVERAGE('2026_Fantasy_Starters'!M$2:'2026_Fantasy_Starters'!M$122)*100+100 -> 97.91157 | AA2: =(AVERAGE('2026_Fantasy_Starters'!N$2:'2026_Fantasy_Starters'!N$122)-'2026_Fantasy_Starters'!N2)/AVERAGE('2026_Fantasy_Starters'!N$2:'2026_Fantasy_Starters'!N$122)*100+100 -> 138.58608 | AB2: =(AVERAGE('2026_Fantasy_Starters'!O$2:'2026_Fantasy_Starters'!O$122)-'2026_Fantasy_Starters'!O2)/AVERAGE('2026_Fantasy_Starters'!O$2:'2026_Fantasy_Starters'!O$122)*100+100 -> 88.403658 | AC2: =('2026_Fantasy_Starters'!P2-AVERAGE('2026_Fantasy_Starters'!P$2:'2026_Fantasy_Starters'!P$122))/AVERAGE('2026_Fantasy_Starters'!P$2:'2026_Fantasy_Starters'!P$122)*100+100 -> 164.54802 | AD2: =(AVERAGE('2026_Fantasy_Starters'!Q$2:'2026_Fantasy_Starters'!Q$122)-'2026_Fantasy_Starters'!Q2)/AVERAGE('2026_Fantasy_Starters'!Q$2:'2026_Fantasy_Starters'!Q$122)*100+100 -> 112.89436 | AE2: =('2026_Fantasy_Starters'!R2-AVERAGE('2026_Fantasy_Starters'!R$2:'2026_Fantasy_Starters'!R$122))/AVERAGE('2026_Fantasy_Starters'!R$2:'2026_Fantasy_Starters'!R$122)*100+100 -> 123.41662 | AF2: =('2026_Fantasy_Starters'!T2-AVERAGE('2026_Fantasy_Starters'!T$2:'2026_Fantasy_Starters'!T$122))/AVERAGE('2026_Fantasy_Starters'!T$2:'2026_Fantasy_Starters'!T$122)*100+100 -> 161.56295 | AG2: =(AVERAGE('2026_Fantasy_Starters'!U$2:'2026_Fantasy_Starters'!U$122)-'2026_Fantasy_Starters'!U2)/AVERAGE('2026_Fantasy_Starters'!U$2:'2026_Fantasy_Starters'!U$122)*100+100 -> 132.46296 | AH2: =(AVERAGE('2026_Fantasy_Starters'!V$2:'2026_Fantasy_Starters'!V$122)-'2026_Fantasy_Starters'!V2)/AVERAGE('2026_Fantasy_Starters'!V$2:'2026_Fantasy_Starters'!V$122)*100+100 -> 120.80923
A3: 1 Garrett Crochet | B3: BOS | C3: SP | D3: 29 | E3: 181.67 | F3: =H3*1.5+I3+J3+K3*1.5+L3+M3+N3+O3+P3+Q3 -> 16.32112 | G3: 727 | H3: =(S3-S$123)/S$124 -> 1.1947757 | I3: =(T3-T$123)/T$124 -> 2.1494081 | J3: =(U3-U$123)/U$124 -> 0.063136077 | K3: =(V3-V$123)/V$124 -> 1.5585098 | L3: =(Z3-Z$123)/Z$124 -> -0.098361187 | M3: =(AB3-AB$123)/AB$124 -> 0.35272204 | N3: =(AG3-AG$123)/AG$124 -> 2.8238553 | O3: =(AH3-AH$123)/AH$124 -> 2.1187522 | P3: =(AE3-AE$123)/AE$124 -> 2.134883 | Q3: =(AF3-AF$123)/AF$124 -> 2.6467961 | S3: =(E3-AVERAGE(E$2:E$122))/AVERAGE(E$2:E$122)*100+100 -> 125.86565 | T3: =('2026_Fantasy_Starters'!G4-AVERAGE('2026_Fantasy_Starters'!G$2:'2026_Fantasy_Starters'!G$122))/AVERAGE('2026_Fantasy_Starters'!G$2:'2026_Fantasy_Starters'!G$122)*100+100 -> 153.24126 | U3: =(AVERAGE('2026_Fantasy_Starters'!H$2:'2026_Fantasy_Starters'!H$122)-'2026_Fantasy_Starters'!H4)/AVERAGE('2026_Fantasy_Starters'!H$2:'2026_Fantasy_Starters'!H$122)*100+100 -> 101.43912 | V3: =('2026_Fantasy_Starters'!I4-AVERAGE('2026_Fantasy_Starters'!I$2:'2026_Fantasy_Starters'!I$122))/AVERAGE('2026_Fantasy_Starters'!I$2:'2026_Fantasy_Starters'!I$122)*100+100 -> 152.70852 | W3: =(AVERAGE('2026_Fantasy_Starters'!J$2:'2026_Fantasy_Starters'!J$122)-'2026_Fantasy_Starters'!J4)/AVERAGE('2026_Fantasy_Starters'!J$2:'2026_Fantasy_Starters'!J$122)*100+100 -> 88.079904 | X3: =(AVERAGE('2026_Fantasy_Starters'!K$2:'2026_Fantasy_Starters'!K$122)-'2026_Fantasy_Starters'!K4)/AVERAGE('2026_Fantasy_Starters'!K$2:'2026_Fantasy_Starters'!K$122)*100+100 -> 103.75329 | Y3: =(AVERAGE('2026_Fantasy_Starters'!L$2:'2026_Fantasy_Starters'!L$122)-'2026_Fantasy_Starters'!L4)/AVERAGE('2026_Fantasy_Starters'!L$2:'2026_Fantasy_Starters'!L$122)*100+100 -> 107.09726 | Z3: =(AVERAGE('2026_Fantasy_Starters'!M$2:'2026_Fantasy_Starters'!M$122)-'2026_Fantasy_Starters'!M4)/AVERAGE('2026_Fantasy_Starters'!M$2:'2026_Fantasy_Starters'!M$122)*100+100 -> 97.499007 | AA3: =(AVERAGE('2026_Fantasy_Starters'!N$2:'2026_Fantasy_Starters'!N$122)-'2026_Fantasy_Starters'!N4)/AVERAGE('2026_Fantasy_Starters'!N$2:'2026_Fantasy_Starters'!N$122)*100+100 -> 77.172214 | AB3: =(AVERAGE('2026_Fantasy_Starters'!O$2:'2026_Fantasy_Starters'!O$122)-'2026_Fantasy_Starters'!O4)/AVERAGE('2026_Fantasy_Starters'!O$2:'2026_Fantasy_Starters'!O$122)*100+100 -> 110.93397 | AC3: =('2026_Fantasy_Starters'!P4-AVERAGE('2026_Fantasy_Starters'!P$2:'2026_Fantasy_Starters'!P$122))/AVERAGE('2026_Fantasy_Starters'!P$2:'2026_Fantasy_Starters'!P$122)*100+100 -> 156.46539 | AD3: =(AVERAGE('2026_Fantasy_Starters'!Q$2:'2026_Fantasy_Starters'!Q$122)-'2026_Fantasy_Starters'!Q4)/AVERAGE('2026_Fantasy_Starters'!Q$2:'2026_Fantasy_Starters'!Q$122)*100+100 -> 99.722322 | AE3: =('2026_Fantasy_Starters'!R4-AVERAGE('2026_Fantasy_Starters'!R$2:'2026_Fantasy_Starters'!R$122))/AVERAGE('2026_Fantasy_Starters'!R$2:'2026_Fantasy_Starters'!R$122)*100+100 -> 124.24047 | AF3: =('2026_Fantasy_Starters'!T4-AVERAGE('2026_Fantasy_Starters'!T$2:'2026_Fantasy_Starters'!T$122))/AVERAGE('2026_Fantasy_Starters'!T$2:'2026_Fantasy_Starters'!T$122)*100+100 -> 152.01675 | AG3: =(AVERAGE('2026_Fantasy_Starters'!U$2:'2026_Fantasy_Starters'!U$122)-'2026_Fantasy_Starters'!U4)/AVERAGE('2026_Fantasy_Starters'!U$2:'2026_Fantasy_Starters'!U$122)*100+100 -> 126.51514 | AH3: =(AVERAGE('2026_Fantasy_Starters'!V$2:'2026_Fantasy_Starters'!V$122)-'2026_Fantasy_Starters'!V4)/AVERAGE('2026_Fantasy_Starters'!V$2:'2026_Fantasy_Starters'!V$122)*100+100 -> 113.72668
A4: Paul Skenes | B4: PIT | C4: SP | D4: 30 | E4: 187.33 | F4: =H4*1.5+I4+J4+K4*1.5+L4+M4+N4+O4+P4+Q4 -> 15.816479 | G4: 745 | H4: =(S4-S$123)/S$124 -> 1.3759112 | I4: =(T4-T$123)/T$124 -> 1.8703894 | J4: =(U4-U$123)/U$124 -> 0.012791875 | K4: =(V4-V$123)/V$124 -> 1.7777018 | L4: =(Z4-Z$123)/Z$124 -> 0.57711087 | M4: =(AB4-AB$123)/AB$124 -> -0.56747188 | N4: =(AG4-AG$123)/AG$124 -> 2.9688442 | O4: =(AH4-AH$123)/AH$124 -> 2.4653306 | P4: =(AE4-AE$123)/AE$124 -> 1.5536776 | Q4: =(AF4-AF$123)/AF$124 -> 2.2053868 | S4: =(E4-AVERAGE(E$2:E$122))/AVERAGE(E$2:E$122)*100+100 -> 129.78704 | T4: =('2026_Fantasy_Starters'!G3-AVERAGE('2026_Fantasy_Starters'!G$2:'2026_Fantasy_Starters'!G$122))/AVERAGE('2026_Fantasy_Starters'!G$2:'2026_Fantasy_Starters'!G$122)*100+100 -> 146.32991 | U4: =(AVERAGE('2026_Fantasy_Starters'!H$2:'2026_Fantasy_Starters'!H$122)-'2026_Fantasy_Starters'!H3)/AVERAGE('2026_Fantasy_Starters'!H$2:'2026_Fantasy_Starters'!H$122)*100+100 -> 100.29158 | V4: =('2026_Fantasy_Starters'!I3-AVERAGE('2026_Fantasy_Starters'!I$2:'2026_Fantasy_Starters'!I$122))/AVERAGE('2026_Fantasy_Starters'!I$2:'2026_Fantasy_Starters'!I$122)*100+100 -> 160.12156 | W4: =(AVERAGE('2026_Fantasy_Starters'!J$2:'2026_Fantasy_Starters'!J$122)-'2026_Fantasy_Starters'!J3)/AVERAGE('2026_Fantasy_Starters'!J$2:'2026_Fantasy_Starters'!J$122)*100+100 -> 87.975028 | X4: =(AVERAGE('2026_Fantasy_Starters'!K$2:'2026_Fantasy_Starters'!K$122)-'2026_Fantasy_Starters'!K3)/AVERAGE('2026_Fantasy_Starters'!K$2:'2026_Fantasy_Starters'!K$122)*100+100 -> 104.73675 | Y4: =(AVERAGE('2026_Fantasy_Starters'!L$2:'2026_Fantasy_Starters'!L$122)-'2026_Fantasy_Starters'!L3)/AVERAGE('2026_Fantasy_Starters'!L$2:'2026_Fantasy_Starters'!L$122)*100+100 -> 105.9776 | Z4: =(AVERAGE('2026_Fantasy_Starters'!M$2:'2026_Fantasy_Starters'!M$122)-'2026_Fantasy_Starters'!M3)/AVERAGE('2026_Fantasy_Starters'!M$2:'2026_Fantasy_Starters'!M$122)*100+100 -> 114.67398 | AA4: =(AVERAGE('2026_Fantasy_Starters'!N$2:'2026_Fantasy_Starters'!N$122)-'2026_Fantasy_Starters'!N3)/AVERAGE('2026_Fantasy_Starters'!N$2:'2026_Fantasy_Starters'!N$122)*100+100 -> 80.375776 | AB4: =(AVERAGE('2026_Fantasy_Starters'!O$2:'2026_Fantasy_Starters'!O$122)-'2026_Fantasy_Starters'!O3)/AVERAGE('2026_Fantasy_Starters'!O$2:'2026_Fantasy_Starters'!O$122)*100+100 -> 82.409039 | AC4: =('2026_Fantasy_Starters'!P3-AVERAGE('2026_Fantasy_Starters'!P$2:'2026_Fantasy_Starters'!P$122))/AVERAGE('2026_Fantasy_Starters'!P$2:'2026_Fantasy_Starters'!P$122)*100+100 -> 152.77022 | AD4: =(AVERAGE('2026_Fantasy_Starters'!Q$2:'2026_Fantasy_Starters'!Q$122)-'2026_Fantasy_Starters'!Q3)/AVERAGE('2026_Fantasy_Starters'!Q$2:'2026_Fantasy_Starters'!Q$122)*100+100 -> 98.202595 | AE4: =('2026_Fantasy_Starters'!R3-AVERAGE('2026_Fantasy_Starters'!R$2:'2026_Fantasy_Starters'!R$122))/AVERAGE('2026_Fantasy_Starters'!R$2:'2026_Fantasy_Starters'!R$122)*100+100 -> 117.64119 | AF4: =('2026_Fantasy_Starters'!T3-AVERAGE('2026_Fantasy_Starters'!T$2:'2026_Fantasy_Starters'!T$122))/AVERAGE('2026_Fantasy_Starters'!T$2:'2026_Fantasy_Starters'!T$122)*100+100 -> 143.34185 | AG4: =(AVERAGE('2026_Fantasy_Starters'!U$2:'2026_Fantasy_Starters'!U$122)-'2026_Fantasy_Starters'!U3)/AVERAGE('2026_Fantasy_Starters'!U$2:'2026_Fantasy_Starters'!U$122)*100+100 -> 127.87654 | AH4: =(AVERAGE('2026_Fantasy_Starters'!V$2:'2026_Fantasy_Starters'!V$122)-'2026_Fantasy_Starters'!V3)/AVERAGE('2026_Fantasy_Starters'!V$2:'2026_Fantasy_Starters'!V$122)*100+100 -> 115.97204
A5: Chris Sale | B5: ATL | C5: SP | D5: 25 | E5: 155.67 | F5: =H5*1.5+I5+J5+K5*1.5+L5+M5+N5+O5+P5+Q5 -> 10.083166 | G5: 631 | H5: =(S5-S$123)/S$124 -> 0.36270469 | I5: =(T5-T$123)/T$124 -> 0.8800167 | J5: =(U5-U$123)/U$124 -> 0.60253823 | K5: =(V5-V$123)/V$124 -> 0.82265086 | L5: =(Z5-Z$123)/Z$124 -> 0.30650423 | M5: =(AB5-AB$123)/AB$124 -> -1.3978727 | N5: =(AG5-AG$123)/AG$124 -> 2.1024605 | O5: =(AH5-AH$123)/AH$124 -> 1.6537292 | P5: =(AE5-AE$123)/AE$124 -> 1.9268294 | Q5: =(AF5-AF$123)/AF$124 -> 2.2309271 | S5: =(E5-AVERAGE(E$2:E$122))/AVERAGE(E$2:E$122)*100+100 -> 107.85218 | T5: =('2026_Fantasy_Starters'!G9-AVERAGE('2026_Fantasy_Starters'!G$2:'2026_Fantasy_Starters'!G$122))/AVERAGE('2026_Fantasy_Starters'!G$2:'2026_Fantasy_Starters'!G$122)*100+100 -> 121.79819 | U5: =(AVERAGE('2026_Fantasy_Starters'!H$2:'2026_Fantasy_Starters'!H$122)-'2026_Fantasy_Starters'!H9)/AVERAGE('2026_Fantasy_Starters'!H$2:'2026_Fantasy_Starters'!H$122)*100+100 -> 113.73418 | V5: =('2026_Fantasy_Starters'!I9-AVERAGE('2026_Fantasy_Starters'!I$2:'2026_Fantasy_Starters'!I$122))/AVERAGE('2026_Fantasy_Starters'!I$2:'2026_Fantasy_Starters'!I$122)*100+100 -> 127.8219 | W5: =(AVERAGE('2026_Fantasy_Starters'!J$2:'2026_Fantasy_Starters'!J$122)-'2026_Fantasy_Starters'!J9)/AVERAGE('2026_Fantasy_Starters'!J$2:'2026_Fantasy_Starters'!J$122)*100+100 -> 101.72178 | X5: =(AVERAGE('2026_Fantasy_Starters'!K$2:'2026_Fantasy_Starters'!K$122)-'2026_Fantasy_Starters'!K9)/AVERAGE('2026_Fantasy_Starters'!K$2:'2026_Fantasy_Starters'!K$122)*100+100 -> 113.42112 | Y5: =(AVERAGE('2026_Fantasy_Starters'!L$2:'2026_Fantasy_Starters'!L$122)-'2026_Fantasy_Starters'!L9)/AVERAGE('2026_Fantasy_Starters'!L$2:'2026_Fantasy_Starters'!L$122)*100+100 -> 113.0552 | Z5: =(AVERAGE('2026_Fantasy_Starters'!M$2:'2026_Fantasy_Starters'!M$122)-'2026_Fantasy_Starters'!M9)/AVERAGE('2026_Fantasy_Starters'!M$2:'2026_Fantasy_Starters'!M$122)*100+100 -> 107.79337 | AA5: =(AVERAGE('2026_Fantasy_Starters'!N$2:'2026_Fantasy_Starters'!N$122)-'2026_Fantasy_Starters'!N9)/AVERAGE('2026_Fantasy_Starters'!N$2:'2026_Fantasy_Starters'!N$122)*100+100 -> 82.096084 | AB5: =(AVERAGE('2026_Fantasy_Starters'!O$2:'2026_Fantasy_Starters'!O$122)-'2026_Fantasy_Starters'!O9)/AVERAGE('2026_Fantasy_Starters'!O$2:'2026_Fantasy_Starters'!O$122)*100+100 -> 56.667588 | AC5: =('2026_Fantasy_Starters'!P9-AVERAGE('2026_Fantasy_Starters'!P$2:'2026_Fantasy_Starters'!P$122))/AVERAGE('2026_Fantasy_Starters'!P$2:'2026_Fantasy_Starters'!P$122)*100+100 -> 131.5233 | AD5: =(AVERAGE('2026_Fantasy_Starters'!Q$2:'2026_Fantasy_Starters'!Q$122)-'2026_Fantasy_Starters'!Q9)/AVERAGE('2026_Fantasy_Starters'!Q$2:'2026_Fantasy_Starters'!Q$122)*100+100 -> 108.27845 | AE5: =('2026_Fantasy_Starters'!R9-AVERAGE('2026_Fantasy_Starters'!R$2:'2026_Fantasy_Starters'!R$122))/AVERAGE('2026_Fantasy_Starters'!R$2:'2026_Fantasy_Starters'!R$122)*100+100 -> 121.87813 | AF5: =('2026_Fantasy_Starters'!T9-AVERAGE('2026_Fantasy_Starters'!T$2:'2026_Fantasy_Starters'!T$122))/AVERAGE('2026_Fantasy_Starters'!T$2:'2026_Fantasy_Starters'!T$122)*100+100 -> 143.84379 | AG5: =(AVERAGE('2026_Fantasy_Starters'!U$2:'2026_Fantasy_Starters'!U$122)-'2026_Fantasy_Starters'!U9)/AVERAGE('2026_Fantasy_Starters'!U$2:'2026_Fantasy_Starters'!U$122)*100+100 -> 119.74146 | AH5: =(AVERAGE('2026_Fantasy_Starters'!V$2:'2026_Fantasy_Starters'!V$122)-'2026_Fantasy_Starters'!V9)/AVERAGE('2026_Fantasy_Starters'!V$2:'2026_Fantasy_Starters'!V$122)*100+100 -> 110.71395
A6: Logan Webb | B6: SF | C6: SP | D6: 30 | E6: 196.67 | F6: =H6*1.5+I6+J6+K6*1.5+L6+M6+N6+O6+P6+Q6 -> 9.9975935 | G6: 809 | H6: =(S6-S$123)/S$124 -> 1.6748167 | I6: =(T6-T$123)/T$124 -> 2.3033494 | J6: =(U6-U$123)/U$124 -> -0.69202694 | K6: =(V6-V$123)/V$124 -> 1.6982447 | L6: =(Z6-Z$123)/Z$124 -> 0.58551126 | M6: =(AB6-AB$123)/AB$124 -> -0.056874117 | N6: =(AG6-AG$123)/AG$124 -> 2.028113 | O6: =(AH6-AH$123)/AH$124 -> 0.65798304 | P6: =(AE6-AE$123)/AE$124 -> -0.32868676 | Q6: =(AF6-AF$123)/AF$124 -> 0.44063237 | S6: =(E6-AVERAGE(E$2:E$122))/AVERAGE(E$2:E$122)*100+100 -> 136.25803 | T6: =('2026_Fantasy_Starters'!G10-AVERAGE('2026_Fantasy_Starters'!G$2:'2026_Fantasy_Starters'!G$122))/AVERAGE('2026_Fantasy_Starters'!G$2:'2026_Fantasy_Starters'!G$122)*100+100 -> 157.05441 | U6: =(AVERAGE('2026_Fantasy_Starters'!H$2:'2026_Fantasy_Starters'!H$122)-'2026_Fantasy_Starters'!H10)/AVERAGE('2026_Fantasy_Starters'!H$2:'2026_Fantasy_Starters'!H$122)*100+100 -> 84.226025 | V6: =('2026_Fantasy_Starters'!I10-AVERAGE('2026_Fantasy_Starters'!I$2:'2026_Fantasy_Starters'!I$122))/AVERAGE('2026_Fantasy_Starters'!I$2:'2026_Fantasy_Starters'!I$122)*100+100 -> 157.43433 | W6: =(AVERAGE('2026_Fantasy_Starters'!J$2:'2026_Fantasy_Starters'!J$122)-'2026_Fantasy_Starters'!J10)/AVERAGE('2026_Fantasy_Starters'!J$2:'2026_Fantasy_Starters'!J$122)*100+100 -> 58.708579 | X6: =(AVERAGE('2026_Fantasy_Starters'!K$2:'2026_Fantasy_Starters'!K$122)-'2026_Fantasy_Starters'!K10)/AVERAGE('2026_Fantasy_Starters'!K$2:'2026_Fantasy_Starters'!K$122)*100+100 -> 83.346369 | Y6: =(AVERAGE('2026_Fantasy_Starters'!L$2:'2026_Fantasy_Starters'!L$122)-'2026_Fantasy_Starters'!L10)/AVERAGE('2026_Fantasy_Starters'!L$2:'2026_Fantasy_Starters'!L$122)*100+100 -> 89.200445 | Z6: =(AVERAGE('2026_Fantasy_Starters'!M$2:'2026_Fantasy_Starters'!M$122)-'2026_Fantasy_Starters'!M10)/AVERAGE('2026_Fantasy_Starters'!M$2:'2026_Fantasy_Starters'!M$122)*100+100 -> 114.88758 | AA6: =(AVERAGE('2026_Fantasy_Starters'!N$2:'2026_Fantasy_Starters'!N$122)-'2026_Fantasy_Starters'!N10)/AVERAGE('2026_Fantasy_Starters'!N$2:'2026_Fantasy_Starters'!N$122)*100+100 -> 78.798078 | AB6: =(AVERAGE('2026_Fantasy_Starters'!O$2:'2026_Fantasy_Starters'!O$122)-'2026_Fantasy_Starters'!O10)/AVERAGE('2026_Fantasy_Starters'!O$2:'2026_Fantasy_Starters'!O$122)*100+100 -> 98.236969 | AC6: =('2026_Fantasy_Starters'!P10-AVERAGE('2026_Fantasy_Starters'!P$2:'2026_Fantasy_Starters'!P$122))/AVERAGE('2026_Fantasy_Starters'!P$2:'2026_Fantasy_Starters'!P$122)*100+100 -> 131.24771 | AD6: =(AVERAGE('2026_Fantasy_Starters'!Q$2:'2026_Fantasy_Starters'!Q$122)-'2026_Fantasy_Starters'!Q10)/AVERAGE('2026_Fantasy_Starters'!Q$2:'2026_Fantasy_Starters'!Q$122)*100+100 -> 99.174306 | AE6: =('2026_Fantasy_Starters'!R10-AVERAGE('2026_Fantasy_Starters'!R$2:'2026_Fantasy_Starters'!R$122))/AVERAGE('2026_Fantasy_Starters'!R$2:'2026_Fantasy_Starters'!R$122)*100+100 -> 96.267935 | AF6: =('2026_Fantasy_Starters'!T10-AVERAGE('2026_Fantasy_Starters'!T$2:'2026_Fantasy_Starters'!T$122))/AVERAGE('2026_Fantasy_Starters'!T$2:'2026_Fantasy_Starters'!T$122)*100+100 -> 108.65963 | AG6: =(AVERAGE('2026_Fantasy_Starters'!U$2:'2026_Fantasy_Starters'!U$122)-'2026_Fantasy_Starters'!U10)/AVERAGE('2026_Fantasy_Starters'!U$2:'2026_Fantasy_Starters'!U$122)*100+100 -> 119.04336 | AH6: =(AVERAGE('2026_Fantasy_Starters'!V$2:'2026_Fantasy_Starters'!V$122)-'2026_Fantasy_Starters'!V10)/AVERAGE('2026_Fantasy_Starters'!V$2:'2026_Fantasy_Starters'!V$122)*100+100 -> 104.26285
A7: 2 Cristopher Sanchez | B7: PHI | C7: SP | D7: 30 | E7: 190.33 | F7: =H7*1.5+I7+J7+K7*1.5+L7+M7+N7+O7+P7+Q7 -> 9.8922547 | G7: 777 | H7: =(S7-S$123)/S$124 -> 1.4719194 | I7: =(T7-T$123)/T$124 -> 1.7310459 | J7: =(U7-U$123)/U$124 -> 0.012791875 | K7: =(V7-V$123)/V$124 -> 1.7393432 | L7: =(Z7-Z$123)/Z$124 -> 0.47608204 | M7: =(AB7-AB$123)/AB$124 -> -0.21316667 | N7: =(AG7-AG$123)/AG$124 -> 1.7792821 | O7: =(AH7-AH$123)/AH$124 -> 0.94995319 | P7: =(AE7-AE$123)/AE$124 -> -0.17788244 | Q7: =(AF7-AF$123)/AF$124 -> 0.51725476 | S7: =(E7-AVERAGE(E$2:E$122))/AVERAGE(E$2:E$122)*100+100 -> 131.86552 | T7: =('2026_Fantasy_Starters'!G6-AVERAGE('2026_Fantasy_Starters'!G$2:'2026_Fantasy_Starters'!G$122))/AVERAGE('2026_Fantasy_Starters'!G$2:'2026_Fantasy_Starters'!G$122)*100+100 -> 142.87834 | U7: =(AVERAGE('2026_Fantasy_Starters'!H$2:'2026_Fantasy_Starters'!H$122)-'2026_Fantasy_Starters'!H6)/AVERAGE('2026_Fantasy_Starters'!H$2:'2026_Fantasy_Starters'!H$122)*100+100 -> 100.29158 | V7: =('2026_Fantasy_Starters'!I6-AVERAGE('2026_Fantasy_Starters'!I$2:'2026_Fantasy_Starters'!I$122))/AVERAGE('2026_Fantasy_Starters'!I$2:'2026_Fantasy_Starters'!I$122)*100+100 -> 158.82428 | W7: =(AVERAGE('2026_Fantasy_Starters'!J$2:'2026_Fantasy_Starters'!J$122)-'2026_Fantasy_Starters'!J6)/AVERAGE('2026_Fantasy_Starters'!J$2:'2026_Fantasy_Starters'!J$122)*100+100 -> 68.437025 | X7: =(AVERAGE('2026_Fantasy_Starters'!K$2:'2026_Fantasy_Starters'!K$122)-'2026_Fantasy_Starters'!K6)/AVERAGE('2026_Fantasy_Starters'!K$2:'2026_Fantasy_Starters'!K$122)*100+100 -> 90.831319 | Y7: =(AVERAGE('2026_Fantasy_Starters'!L$2:'2026_Fantasy_Starters'!L$122)-'2026_Fantasy_Starters'!L6)/AVERAGE('2026_Fantasy_Starters'!L$2:'2026_Fantasy_Starters'!L$122)*100+100 -> 89.67762 | Z7: =(AVERAGE('2026_Fantasy_Starters'!M$2:'2026_Fantasy_Starters'!M$122)-'2026_Fantasy_Starters'!M6)/AVERAGE('2026_Fantasy_Starters'!M$2:'2026_Fantasy_Starters'!M$122)*100+100 -> 112.10516 | AA7: =(AVERAGE('2026_Fantasy_Starters'!N$2:'2026_Fantasy_Starters'!N$122)-'2026_Fantasy_Starters'!N6)/AVERAGE('2026_Fantasy_Starters'!N$2:'2026_Fantasy_Starters'!N$122)*100+100 -> 77.172257 | AB7: =(AVERAGE('2026_Fantasy_Starters'!O$2:'2026_Fantasy_Starters'!O$122)-'2026_Fantasy_Starters'!O6)/AVERAGE('2026_Fantasy_Starters'!O$2:'2026_Fantasy_Starters'!O$122)*100+100 -> 93.392084 | AC7: =('2026_Fantasy_Starters'!P6-AVERAGE('2026_Fantasy_Starters'!P$2:'2026_Fantasy_Starters'!P$122))/AVERAGE('2026_Fantasy_Starters'!P$2:'2026_Fantasy_Starters'!P$122)*100+100 -> 129.27594 | AD7: =(AVERAGE('2026_Fantasy_Starters'!Q$2:'2026_Fantasy_Starters'!Q$122)-'2026_Fantasy_Starters'!Q6)/AVERAGE('2026_Fantasy_Starters'!Q$2:'2026_Fantasy_Starters'!Q$122)*100+100 -> 97.253977 | AE7: =('2026_Fantasy_Starters'!R6-AVERAGE('2026_Fantasy_Starters'!R$2:'2026_Fantasy_Starters'!R$122))/AVERAGE('2026_Fantasy_Starters'!R$2:'2026_Fantasy_Starters'!R$122)*100+100 -> 97.980239 | AF7: =('2026_Fantasy_Starters'!T6-AVERAGE('2026_Fantasy_Starters'!T$2:'2026_Fantasy_Starters'!T$122))/AVERAGE('2026_Fantasy_Starters'!T$2:'2026_Fantasy_Starters'!T$122)*100+100 -> 110.16546 | AG7: =(AVERAGE('2026_Fantasy_Starters'!U$2:'2026_Fantasy_Starters'!U$122)-'2026_Fantasy_Starters'!U6)/AVERAGE('2026_Fantasy_Starters'!U$2:'2026_Fantasy_Starters'!U$122)*100+100 -> 116.70692 | AH7: =(AVERAGE('2026_Fantasy_Starters'!V$2:'2026_Fantasy_Starters'!V$122)-'2026_Fantasy_Starters'!V6)/AVERAGE('2026_Fantasy_Starters'!V$2:'2026_Fantasy_Starters'!V$122)*100+100 -> 106.15442
A8: Yoshinobu Yamamoto | B8: LAD | C8: SP | D8: 26 | E8: 160.67 | F8: =H8*1.5+I8+J8+K8*1.5+L8+M8+N8+O8+P8+Q8 -> 9.6249837 | G8: 652 | H8: =(S8-S$123)/S$124 -> 0.52271836 | I8: =(T8-T$123)/T$124 -> 1.5157745 | J8: =(U8-U$123)/U$124 -> 0.80711149 | K8: =(V8-V$123)/V$124 -> 0.76941851 | L8: =(Z8-Z$123)/Z$124 -> 0.50774621 | M8: =(AB8-AB$123)/AB$124 -> 0.45426319 | N8: =(AG8-AG$123)/AG$124 -> 1.3119177 | O8: =(AH8-AH$123)/AH$124 -> 1.1168586 | P8: =(AE8-AE$123)/AE$124 -> 0.8907404 | Q8: =(AF8-AF$123)/AF$124 -> 1.0823664 | S8: =(E8-AVERAGE(E$2:E$122))/AVERAGE(E$2:E$122)*100+100 -> 111.31631 | T8: =('2026_Fantasy_Starters'!G5-AVERAGE('2026_Fantasy_Starters'!G$2:'2026_Fantasy_Starters'!G$122))/AVERAGE('2026_Fantasy_Starters'!G$2:'2026_Fantasy_Starters'!G$122)*100+100 -> 137.54603 | U8: =(AVERAGE('2026_Fantasy_Starters'!H$2:'2026_Fantasy_Starters'!H$122)-'2026_Fantasy_Starters'!H5)/AVERAGE('2026_Fantasy_Starters'!H$2:'2026_Fantasy_Starters'!H$122)*100+100 -> 118.3972 | V8: =('2026_Fantasy_Starters'!I5-AVERAGE('2026_Fantasy_Starters'!I$2:'2026_Fantasy_Starters'!I$122))/AVERAGE('2026_Fantasy_Starters'!I$2:'2026_Fantasy_Starters'!I$122)*100+100 -> 126.0216 | W8: =(AVERAGE('2026_Fantasy_Starters'!J$2:'2026_Fantasy_Starters'!J$122)-'2026_Fantasy_Starters'!J5)/AVERAGE('2026_Fantasy_Starters'!J$2:'2026_Fantasy_Starters'!J$122)*100+100 -> 96.901016 | X8: =(AVERAGE('2026_Fantasy_Starters'!K$2:'2026_Fantasy_Starters'!K$122)-'2026_Fantasy_Starters'!K5)/AVERAGE('2026_Fantasy_Starters'!K$2:'2026_Fantasy_Starters'!K$122)*100+100 -> 103.01651 | Y8: =(AVERAGE('2026_Fantasy_Starters'!L$2:'2026_Fantasy_Starters'!L$122)-'2026_Fantasy_Starters'!L5)/AVERAGE('2026_Fantasy_Starters'!L$2:'2026_Fantasy_Starters'!L$122)*100+100 -> 101.96297 | Z8: =(AVERAGE('2026_Fantasy_Starters'!M$2:'2026_Fantasy_Starters'!M$122)-'2026_Fantasy_Starters'!M5)/AVERAGE('2026_Fantasy_Starters'!M$2:'2026_Fantasy_Starters'!M$122)*100+100 -> 112.91027 | AA8: =(AVERAGE('2026_Fantasy_Starters'!N$2:'2026_Fantasy_Starters'!N$122)-'2026_Fantasy_Starters'!N5)/AVERAGE('2026_Fantasy_Starters'!N$2:'2026_Fantasy_Starters'!N$122)*100+100 -> 138.58613 | AB8: =(AVERAGE('2026_Fantasy_Starters'!O$2:'2026_Fantasy_Starters'!O$122)-'2026_Fantasy_Starters'!O5)/AVERAGE('2026_Fantasy_Starters'!O$2:'2026_Fantasy_Starters'!O$122)*100+100 -> 114.08162 | AC8: =('2026_Fantasy_Starters'!P5-AVERAGE('2026_Fantasy_Starters'!P$2:'2026_Fantasy_Starters'!P$122))/AVERAGE('2026_Fantasy_Starters'!P$2:'2026_Fantasy_Starters'!P$122)*100+100 -> 122.64472 | AD8: =(AVERAGE('2026_Fantasy_Starters'!Q$2:'2026_Fantasy_Starters'!Q$122)-'2026_Fantasy_Starters'!Q5)/AVERAGE('2026_Fantasy_Starters'!Q$2:'2026_Fantasy_Starters'!Q$122)*100+100 -> 95.076457 | AE8: =('2026_Fantasy_Starters'!R5-AVERAGE('2026_Fantasy_Starters'!R$2:'2026_Fantasy_Starters'!R$122))/AVERAGE('2026_Fantasy_Starters'!R$2:'2026_Fantasy_Starters'!R$122)*100+100 -> 110.11389 | AF8: =('2026_Fantasy_Starters'!T5-AVERAGE('2026_Fantasy_Starters'!T$2:'2026_Fantasy_Starters'!T$122))/AVERAGE('2026_Fantasy_Starters'!T$2:'2026_Fantasy_Starters'!T$122)*100+100 -> 121.27145 | AG8: =(AVERAGE('2026_Fantasy_Starters'!U$2:'2026_Fantasy_Starters'!U$122)-'2026_Fantasy_Starters'!U5)/AVERAGE('2026_Fantasy_Starters'!U$2:'2026_Fantasy_Starters'!U$122)*100+100 -> 112.31851 | AH8: =(AVERAGE('2026_Fantasy_Starters'!V$2:'2026_Fantasy_Starters'!V$122)-'2026_Fantasy_Starters'!V5)/AVERAGE('2026_Fantasy_Starters'!V$2:'2026_Fantasy_Starters'!V$122)*100+100 -> 107.23575
A9: Cole Ragans | B9: KC | C9: SP | D9: 26 | E9: 152.67 | F9: =H9*1.5+I9+J9+K9*1.5+L9+M9+N9+O9+P9+Q9 -> 9.4006052 | G9: 624 | H9: =(S9-S$123)/S$124 -> 0.26669649 | I9: =(T9-T$123)/T$124 -> 0.64659988 | J9: =(U9-U$123)/U$124 -> 0.078760139 | K9: =(V9-V$123)/V$124 -> 0.62127493 | L9: =(Z9-Z$123)/Z$124 -> 0.50272943 | M9: =(AB9-AB$123)/AB$124 -> 0.42139364 | N9: =(AG9-AG$123)/AG$124 -> 1.3009241 | O9: =(AH9-AH$123)/AH$124 -> 1.0675395 | P9: =(AE9-AE$123)/AE$124 -> 2.2511119 | Q9: =(AF9-AF$123)/AF$124 -> 1.7995894 | S9: =(E9-AVERAGE(E$2:E$122))/AVERAGE(E$2:E$122)*100+100 -> 105.7737 | T9: =('2026_Fantasy_Starters'!G14-AVERAGE('2026_Fantasy_Starters'!G$2:'2026_Fantasy_Starters'!G$122))/AVERAGE('2026_Fantasy_Starters'!G$2:'2026_Fantasy_Starters'!G$122)*100+100 -> 116.01641 | U9: =(AVERAGE('2026_Fantasy_Starters'!H$2:'2026_Fantasy_Starters'!H$122)-'2026_Fantasy_Starters'!H14)/AVERAGE('2026_Fantasy_Starters'!H$2:'2026_Fantasy_Starters'!H$122)*100+100 -> 101.79525 | V9: =('2026_Fantasy_Starters'!I14-AVERAGE('2026_Fantasy_Starters'!I$2:'2026_Fantasy_Starters'!I$122))/AVERAGE('2026_Fantasy_Starters'!I$2:'2026_Fantasy_Starters'!I$122)*100+100 -> 121.01141 | W9: =(AVERAGE('2026_Fantasy_Starters'!J$2:'2026_Fantasy_Starters'!J$122)-'2026_Fantasy_Starters'!J14)/AVERAGE('2026_Fantasy_Starters'!J$2:'2026_Fantasy_Starters'!J$122)*100+100 -> 107.90582 | X9: =(AVERAGE('2026_Fantasy_Starters'!K$2:'2026_Fantasy_Starters'!K$122)-'2026_Fantasy_Starters'!K14)/AVERAGE('2026_Fantasy_Starters'!K$2:'2026_Fantasy_Starters'!K$122)*100+100 -> 108.08879 | Y9: =(AVERAGE('2026_Fantasy_Starters'!L$2:'2026_Fantasy_Starters'!L$122)-'2026_Fantasy_Starters'!L14)/AVERAGE('2026_Fantasy_Starters'!L$2:'2026_Fantasy_Starters'!L$122)*100+100 -> 106.73471 | Z9: =(AVERAGE('2026_Fantasy_Starters'!M$2:'2026_Fantasy_Starters'!M$122)-'2026_Fantasy_Starters'!M14)/AVERAGE('2026_Fantasy_Starters'!M$2:'2026_Fantasy_Starters'!M$122)*100+100 -> 112.78271 | AA9: =(AVERAGE('2026_Fantasy_Starters'!N$2:'2026_Fantasy_Starters'!N$122)-'2026_Fantasy_Starters'!N14)/AVERAGE('2026_Fantasy_Starters'!N$2:'2026_Fantasy_Starters'!N$122)*100+100 -> 23.273123 | AB9: =(AVERAGE('2026_Fantasy_Starters'!O$2:'2026_Fantasy_Starters'!O$122)-'2026_Fantasy_Starters'!O14)/AVERAGE('2026_Fantasy_Starters'!O$2:'2026_Fantasy_Starters'!O$122)*100+100 -> 113.06271 | AC9: =('2026_Fantasy_Starters'!P14-AVERAGE('2026_Fantasy_Starters'!P$2:'2026_Fantasy_Starters'!P$122))/AVERAGE('2026_Fantasy_Starters'!P$2:'2026_Fantasy_Starters'!P$122)*100+100 -> 132.88551 | AD9: =(AVERAGE('2026_Fantasy_Starters'!Q$2:'2026_Fantasy_Starters'!Q$122)-'2026_Fantasy_Starters'!Q14)/AVERAGE('2026_Fantasy_Starters'!Q$2:'2026_Fantasy_Starters'!Q$122)*100+100 -> 82.128588 | AE9: =('2026_Fantasy_Starters'!R14-AVERAGE('2026_Fantasy_Starters'!R$2:'2026_Fantasy_Starters'!R$122))/AVERAGE('2026_Fantasy_Starters'!R$2:'2026_Fantasy_Starters'!R$122)*100+100 -> 125.56019 | AF9: =('2026_Fantasy_Starters'!T14-AVERAGE('2026_Fantasy_Starters'!T$2:'2026_Fantasy_Starters'!T$122))/AVERAGE('2026_Fantasy_Starters'!T$2:'2026_Fantasy_Starters'!T$122)*100+100 -> 135.36683 | AG9: =(AVERAGE('2026_Fantasy_Starters'!U$2:'2026_Fantasy_Starters'!U$122)-'2026_Fantasy_Starters'!U14)/AVERAGE('2026_Fantasy_Starters'!U$2:'2026_Fantasy_Starters'!U$122)*100+100 -> 112.21528 | AH9: =(AVERAGE('2026_Fantasy_Starters'!V$2:'2026_Fantasy_Starters'!V$122)-'2026_Fantasy_Starters'!V14)/AVERAGE('2026_Fantasy_Starters'!V$2:'2026_Fantasy_Starters'!V$122)*100+100 -> 106.91623
A10: Logan Gilbert | B10: SEA | C10: SP | D10: 28 | E10: 165.67 | F10: =H10*1.5+I10+J10+K10*1.5+L10+M10+N10+O10+P10+Q10 -> 9.1758036 | G10: 660 | H10: =(S10-S$123)/S$124 -> 0.68273202 | I10: =(T10-T$123)/T$124 -> 0.73825691 | J10: =(U10-U$123)/U$124 -> -0.032344305 | K10: =(V10-V$123)/V$124 -> 0.91000374 | L10: =(Z10-Z$123)/Z$124 -> -0.63544637 | M10: =(AB10-AB$123)/AB$124 -> 0.13412736 | N10: =(AG10-AG$123)/AG$124 -> 1.36638 | O10: =(AH10-AH$123)/AH$124 -> 2.2153221 | P10: =(AE10-AE$123)/AE$124 -> 1.0666427 | Q10: =(AF10-AF$123)/AF$124 -> 1.9337616 | S10: =(E10-AVERAGE(E$2:E$122))/AVERAGE(E$2:E$122)*100+100 -> 114.78043 | T10: =('2026_Fantasy_Starters'!G11-AVERAGE('2026_Fantasy_Starters'!G$2:'2026_Fantasy_Starters'!G$122))/AVERAGE('2026_Fantasy_Starters'!G$2:'2026_Fantasy_Starters'!G$122)*100+100 -> 118.28677 | U10: =(AVERAGE('2026_Fantasy_Starters'!H$2:'2026_Fantasy_Starters'!H$122)-'2026_Fantasy_Starters'!H11)/AVERAGE('2026_Fantasy_Starters'!H$2:'2026_Fantasy_Starters'!H$122)*100+100 -> 99.262748 | V10: =('2026_Fantasy_Starters'!I11-AVERAGE('2026_Fantasy_Starters'!I$2:'2026_Fantasy_Starters'!I$122))/AVERAGE('2026_Fantasy_Starters'!I$2:'2026_Fantasy_Starters'!I$122)*100+100 -> 130.77616 | W10: =(AVERAGE('2026_Fantasy_Starters'!J$2:'2026_Fantasy_Starters'!J$122)-'2026_Fantasy_Starters'!J11)/AVERAGE('2026_Fantasy_Starters'!J$2:'2026_Fantasy_Starters'!J$122)*100+100 -> 95.630656 | X10: =(AVERAGE('2026_Fantasy_Starters'!K$2:'2026_Fantasy_Starters'!K$122)-'2026_Fantasy_Starters'!K11)/AVERAGE('2026_Fantasy_Starters'!K$2:'2026_Fantasy_Starters'!K$122)*100+100 -> 103.35989 | Y10: =(AVERAGE('2026_Fantasy_Starters'!L$2:'2026_Fantasy_Starters'!L$122)-'2026_Fantasy_Starters'!L11)/AVERAGE('2026_Fantasy_Starters'!L$2:'2026_Fantasy_Starters'!L$122)*100+100 -> 99.501658 | Z10: =(AVERAGE('2026_Fantasy_Starters'!M$2:'2026_Fantasy_Starters'!M$122)-'2026_Fantasy_Starters'!M11)/AVERAGE('2026_Fantasy_Starters'!M$2:'2026_Fantasy_Starters'!M$122)*100+100 -> 83.842741 | AA10: =(AVERAGE('2026_Fantasy_Starters'!N$2:'2026_Fantasy_Starters'!N$122)-'2026_Fantasy_Starters'!N11)/AVERAGE('2026_Fantasy_Starters'!N$2:'2026_Fantasy_Starters'!N$122)*100+100 -> 78.802678 | AB10: =(AVERAGE('2026_Fantasy_Starters'!O$2:'2026_Fantasy_Starters'!O$122)-'2026_Fantasy_Starters'!O11)/AVERAGE('2026_Fantasy_Starters'!O$2:'2026_Fantasy_Starters'!O$122)*100+100 -> 104.15779 | AC10: =('2026_Fantasy_Starters'!P11-AVERAGE('2026_Fantasy_Starters'!P$2:'2026_Fantasy_Starters'!P$122))/AVERAGE('2026_Fantasy_Starters'!P$2:'2026_Fantasy_Starters'!P$122)*100+100 -> 128.75518 | AD10: =(AVERAGE('2026_Fantasy_Starters'!Q$2:'2026_Fantasy_Starters'!Q$122)-'2026_Fantasy_Starters'!Q11)/AVERAGE('2026_Fantasy_Starters'!Q$2:'2026_Fantasy_Starters'!Q$122)*100+100 -> 117.96495 | AE10: =('2026_Fantasy_Starters'!R11-AVERAGE('2026_Fantasy_Starters'!R$2:'2026_Fantasy_Starters'!R$122))/AVERAGE('2026_Fantasy_Starters'!R$2:'2026_Fantasy_Starters'!R$122)*100+100 -> 112.11117 | AF10: =('2026_Fantasy_Starters'!T11-AVERAGE('2026_Fantasy_Starters'!T$2:'2026_Fantasy_Starters'!T$122))/AVERAGE('2026_Fantasy_Starters'!T$2:'2026_Fantasy_Starters'!T$122)*100+100 -> 138.00368 | AG10: =(AVERAGE('2026_Fantasy_Starters'!U$2:'2026_Fantasy_Starters'!U$122)-'2026_Fantasy_Starters'!U11)/AVERAGE('2026_Fantasy_Starters'!U$2:'2026_Fantasy_Starters'!U$122)*100+100 -> 112.82989 | AH10: =(AVERAGE('2026_Fantasy_Starters'!V$2:'2026_Fantasy_Starters'!V$122)-'2026_Fantasy_Starters'!V11)/AVERAGE('2026_Fantasy_Starters'!V$2:'2026_Fantasy_Starters'!V$122)*100+100 -> 114.35232
A11: Bryan Woo | B11: SEA | C11: SP | D11: 30 | E11: 185.33 | F11: =H11*1.5+I11+J11+K11*1.5+L11+M11+N11+O11+P11+Q11 -> 9.0798882 | G11: 741 | H11: =(S11-S$123)/S$124 -> 1.3119057 | I11: =(T11-T$123)/T$124 -> 1.6642179 | J11: =(U11-U$123)/U$124 -> -0.15502213 | K11: =(V11-V$123)/V$124 -> 1.4845325 | L11: =(Z11-Z$123)/Z$124 -> -1.1150741 | M11: =(AB11-AB$123)/AB$124 -> -0.71708089 | N11: =(AG11-AG$123)/AG$124 -> 1.2414272 | O11: =(AH11-AH$123)/AH$124 -> 2.2647129 | P11: =(AE11-AE$123)/AE$124 -> 0.28234127 | Q11: =(AF11-AF$123)/AF$124 -> 1.4197087 | S11: =(E11-AVERAGE(E$2:E$122))/AVERAGE(E$2:E$122)*100+100 -> 128.40139 | T11: =('2026_Fantasy_Starters'!G7-AVERAGE('2026_Fantasy_Starters'!G$2:'2026_Fantasy_Starters'!G$122))/AVERAGE('2026_Fantasy_Starters'!G$2:'2026_Fantasy_Starters'!G$122)*100+100 -> 141.223 | U11: =(AVERAGE('2026_Fantasy_Starters'!H$2:'2026_Fantasy_Starters'!H$122)-'2026_Fantasy_Starters'!H7)/AVERAGE('2026_Fantasy_Starters'!H$2:'2026_Fantasy_Starters'!H$122)*100+100 -> 96.466445 | V11: =('2026_Fantasy_Starters'!I7-AVERAGE('2026_Fantasy_Starters'!I$2:'2026_Fantasy_Starters'!I$122))/AVERAGE('2026_Fantasy_Starters'!I$2:'2026_Fantasy_Starters'!I$122)*100+100 -> 150.20662 | W11: =(AVERAGE('2026_Fantasy_Starters'!J$2:'2026_Fantasy_Starters'!J$122)-'2026_Fantasy_Starters'!J7)/AVERAGE('2026_Fantasy_Starters'!J$2:'2026_Fantasy_Starters'!J$122)*100+100 -> 80.077281 | X11: =(AVERAGE('2026_Fantasy_Starters'!K$2:'2026_Fantasy_Starters'!K$122)-'2026_Fantasy_Starters'!K7)/AVERAGE('2026_Fantasy_Starters'!K$2:'2026_Fantasy_Starters'!K$122)*100+100 -> 88.444833 | Y11: =(AVERAGE('2026_Fantasy_Starters'!L$2:'2026_Fantasy_Starters'!L$122)-'2026_Fantasy_Starters'!L7)/AVERAGE('2026_Fantasy_Starters'!L$2:'2026_Fantasy_Starters'!L$122)*100+100 -> 86.062376 | Z11: =(AVERAGE('2026_Fantasy_Starters'!M$2:'2026_Fantasy_Starters'!M$122)-'2026_Fantasy_Starters'!M7)/AVERAGE('2026_Fantasy_Starters'!M$2:'2026_Fantasy_Starters'!M$122)*100+100 -> 71.647425 | AA11: =(AVERAGE('2026_Fantasy_Starters'!N$2:'2026_Fantasy_Starters'!N$122)-'2026_Fantasy_Starters'!N7)/AVERAGE('2026_Fantasy_Starters'!N$2:'2026_Fantasy_Starters'!N$122)*100+100 -> 81.772481 | AB11: =(AVERAGE('2026_Fantasy_Starters'!O$2:'2026_Fantasy_Starters'!O$122)-'2026_Fantasy_Starters'!O7)/AVERAGE('2026_Fantasy_Starters'!O$2:'2026_Fantasy_Starters'!O$122)*100+100 -> 77.771335 | AC11: =('2026_Fantasy_Starters'!P7-AVERAGE('2026_Fantasy_Starters'!P$2:'2026_Fantasy_Starters'!P$122))/AVERAGE('2026_Fantasy_Starters'!P$2:'2026_Fantasy_Starters'!P$122)*100+100 -> 132.59341 | AD11: =(AVERAGE('2026_Fantasy_Starters'!Q$2:'2026_Fantasy_Starters'!Q$122)-'2026_Fantasy_Starters'!Q7)/AVERAGE('2026_Fantasy_Starters'!Q$2:'2026_Fantasy_Starters'!Q$122)*100+100 -> 118.92207 | AE11: =('2026_Fantasy_Starters'!R7-AVERAGE('2026_Fantasy_Starters'!R$2:'2026_Fantasy_Starters'!R$122))/AVERAGE('2026_Fantasy_Starters'!R$2:'2026_Fantasy_Starters'!R$122)*100+100 -> 103.20584 | AF11: =('2026_Fantasy_Starters'!T7-AVERAGE('2026_Fantasy_Starters'!T$2:'2026_Fantasy_Starters'!T$122))/AVERAGE('2026_Fantasy_Starters'!T$2:'2026_Fantasy_Starters'!T$122)*100+100 -> 127.90114 | AG11: =(AVERAGE('2026_Fantasy_Starters'!U$2:'2026_Fantasy_Starters'!U$122)-'2026_Fantasy_Starters'!U7)/AVERAGE('2026_Fantasy_Starters'!U$2:'2026_Fantasy_Starters'!U$122)*100+100 -> 111.65662 | AH11: =(AVERAGE('2026_Fantasy_Starters'!V$2:'2026_Fantasy_Starters'!V$122)-'2026_Fantasy_Starters'!V7)/AVERAGE('2026_Fantasy_Starters'!V$2:'2026_Fantasy_Starters'!V$122)*100+100 -> 114.67231
A12: Jacob deGrom | B12: TEX | C12: SP | D12: 26 | E12: 154.67 | F12: =H12*1.5+I12+J12+K12*1.5+L12+M12+N12+O12+P12+Q12 -> 8.4101295 | G12: 617 | H12: =(S12-S$123)/S$124 -> 0.33070196 | I12: =(T12-T$123)/T$124 -> 0.55989728 | J12: =(U12-U$123)/U$124 -> 0.25776174 | K12: =(V12-V$123)/V$124 -> 0.62580994 | L12: =(Z12-Z$123)/Z$124 -> -0.62409822 | M12: =(AB12-AB$123)/AB$124 -> 0.96937134 | N12: =(AG12-AG$123)/AG$124 -> 1.0701102 | O12: =(AH12-AH$123)/AH$124 -> 2.0997148 | P12: =(AE12-AE$123)/AE$124 -> 0.94037816 | Q12: =(AF12-AF$123)/AF$124 -> 1.7022264 | S12: =(E12-AVERAGE(E$2:E$122))/AVERAGE(E$2:E$122)*100+100 -> 107.15935 | T12: =('2026_Fantasy_Starters'!G15-AVERAGE('2026_Fantasy_Starters'!G$2:'2026_Fantasy_Starters'!G$122))/AVERAGE('2026_Fantasy_Starters'!G$2:'2026_Fantasy_Starters'!G$122)*100+100 -> 113.86876 | U12: =(AVERAGE('2026_Fantasy_Starters'!H$2:'2026_Fantasy_Starters'!H$122)-'2026_Fantasy_Starters'!H15)/AVERAGE('2026_Fantasy_Starters'!H$2:'2026_Fantasy_Starters'!H$122)*100+100 -> 105.87539 | V12: =('2026_Fantasy_Starters'!I15-AVERAGE('2026_Fantasy_Starters'!I$2:'2026_Fantasy_Starters'!I$122))/AVERAGE('2026_Fantasy_Starters'!I$2:'2026_Fantasy_Starters'!I$122)*100+100 -> 121.16478 | W12: =(AVERAGE('2026_Fantasy_Starters'!J$2:'2026_Fantasy_Starters'!J$122)-'2026_Fantasy_Starters'!J15)/AVERAGE('2026_Fantasy_Starters'!J$2:'2026_Fantasy_Starters'!J$122)*100+100 -> 103.08245 | X12: =(AVERAGE('2026_Fantasy_Starters'!K$2:'2026_Fantasy_Starters'!K$122)-'2026_Fantasy_Starters'!K15)/AVERAGE('2026_Fantasy_Starters'!K$2:'2026_Fantasy_Starters'!K$122)*100+100 -> 104.41489 | Y12: =(AVERAGE('2026_Fantasy_Starters'!L$2:'2026_Fantasy_Starters'!L$122)-'2026_Fantasy_Starters'!L15)/AVERAGE('2026_Fantasy_Starters'!L$2:'2026_Fantasy_Starters'!L$122)*100+100 -> 103.18017 | Z12: =(AVERAGE('2026_Fantasy_Starters'!M$2:'2026_Fantasy_Starters'!M$122)-'2026_Fantasy_Starters'!M15)/AVERAGE('2026_Fantasy_Starters'!M$2:'2026_Fantasy_Starters'!M$122)*100+100 -> 84.131286 | AA12: =(AVERAGE('2026_Fantasy_Starters'!N$2:'2026_Fantasy_Starters'!N$122)-'2026_Fantasy_Starters'!N15)/AVERAGE('2026_Fantasy_Starters'!N$2:'2026_Fantasy_Starters'!N$122)*100+100 -> 138.5861 | AB12: =(AVERAGE('2026_Fantasy_Starters'!O$2:'2026_Fantasy_Starters'!O$122)-'2026_Fantasy_Starters'!O15)/AVERAGE('2026_Fantasy_Starters'!O$2:'2026_Fantasy_Starters'!O$122)*100+100 -> 130.04937 | AC12: =('2026_Fantasy_Starters'!P15-AVERAGE('2026_Fantasy_Starters'!P$2:'2026_Fantasy_Starters'!P$122))/AVERAGE('2026_Fantasy_Starters'!P$2:'2026_Fantasy_Starters'!P$122)*100+100 -> 118.66903 | AD12: =(AVERAGE('2026_Fantasy_Starters'!Q$2:'2026_Fantasy_Starters'!Q$122)-'2026_Fantasy_Starters'!Q15)/AVERAGE('2026_Fantasy_Starters'!Q$2:'2026_Fantasy_Starters'!Q$122)*100+100 -> 118.79637 | AE12: =('2026_Fantasy_Starters'!R15-AVERAGE('2026_Fantasy_Starters'!R$2:'2026_Fantasy_Starters'!R$122))/AVERAGE('2026_Fantasy_Starters'!R$2:'2026_Fantasy_Starters'!R$122)*100+100 -> 110.6775 | AF12: =('2026_Fantasy_Starters'!T15-AVERAGE('2026_Fantasy_Starters'!T$2:'2026_Fantasy_Starters'!T$122))/AVERAGE('2026_Fantasy_Starters'!T$2:'2026_Fantasy_Starters'!T$122)*100+100 -> 133.45338 | AG12: =(AVERAGE('2026_Fantasy_Starters'!U$2:'2026_Fantasy_Starters'!U$122)-'2026_Fantasy_Starters'!U15)/AVERAGE('2026_Fantasy_Starters'!U$2:'2026_Fantasy_Starters'!U$122)*100+100 -> 110.04801 | AH12: =(AVERAGE('2026_Fantasy_Starters'!V$2:'2026_Fantasy_Starters'!V$122)-'2026_Fantasy_Starters'!V15)/AVERAGE('2026_Fantasy_Starters'!V$2:'2026_Fantasy_Starters'!V$122)*100+100 -> 113.60334
A13: Hunter Brown | B13: HOU | C13: SP | D13: 30 | E13: 182.67 | F13: =H13*1.5+I13+J13+K13*1.5+L13+M13+N13+O13+P13+Q13 -> 7.8328741 | G13: 753 | H13: =(S13-S$123)/S$124 -> 1.2267785 | I13: =(T13-T$123)/T$124 -> 1.5991298 | J13: =(U13-U$123)/U$124 -> -0.56715889 | K13: =(V13-V$123)/V$124 -> 1.391641 | L13: =(Z13-Z$123)/Z$124 -> -0.21204865 | M13: =(AB13-AB$123)/AB$124 -> -0.6062579 | N13: =(AG13-AG$123)/AG$124 -> 1.7368944 | O13: =(AH13-AH$123)/AH$124 -> 0.54793605 | P13: =(AE13-AE$123)/AE$124 -> 0.77373495 | Q13: =(AF13-AF$123)/AF$124 -> 0.63301508 | S13: =(E13-AVERAGE(E$2:E$122))/AVERAGE(E$2:E$122)*100+100 -> 126.55847 | T13: =('2026_Fantasy_Starters'!G8-AVERAGE('2026_Fantasy_Starters'!G$2:'2026_Fantasy_Starters'!G$122))/AVERAGE('2026_Fantasy_Starters'!G$2:'2026_Fantasy_Starters'!G$122)*100+100 -> 139.61076 | U13: =(AVERAGE('2026_Fantasy_Starters'!H$2:'2026_Fantasy_Starters'!H$122)-'2026_Fantasy_Starters'!H8)/AVERAGE('2026_Fantasy_Starters'!H$2:'2026_Fantasy_Starters'!H$122)*100+100 -> 87.072252 | V13: =('2026_Fantasy_Starters'!I8-AVERAGE('2026_Fantasy_Starters'!I$2:'2026_Fantasy_Starters'!I$122))/AVERAGE('2026_Fantasy_Starters'!I$2:'2026_Fantasy_Starters'!I$122)*100+100 -> 147.06505 | W13: =(AVERAGE('2026_Fantasy_Starters'!J$2:'2026_Fantasy_Starters'!J$122)-'2026_Fantasy_Starters'!J8)/AVERAGE('2026_Fantasy_Starters'!J$2:'2026_Fantasy_Starters'!J$122)*100+100 -> 80.999373 | X13: =(AVERAGE('2026_Fantasy_Starters'!K$2:'2026_Fantasy_Starters'!K$122)-'2026_Fantasy_Starters'!K8)/AVERAGE('2026_Fantasy_Starters'!K$2:'2026_Fantasy_Starters'!K$122)*100+100 -> 86.943057 | Y13: =(AVERAGE('2026_Fantasy_Starters'!L$2:'2026_Fantasy_Starters'!L$122)-'2026_Fantasy_Starters'!L8)/AVERAGE('2026_Fantasy_Starters'!L$2:'2026_Fantasy_Starters'!L$122)*100+100 -> 93.611693 | Z13: =(AVERAGE('2026_Fantasy_Starters'!M$2:'2026_Fantasy_Starters'!M$122)-'2026_Fantasy_Starters'!M8)/AVERAGE('2026_Fantasy_Starters'!M$2:'2026_Fantasy_Starters'!M$122)*100+100 -> 94.608318 | AA13: =(AVERAGE('2026_Fantasy_Starters'!N$2:'2026_Fantasy_Starters'!N$122)-'2026_Fantasy_Starters'!N8)/AVERAGE('2026_Fantasy_Starters'!N$2:'2026_Fantasy_Starters'!N$122)*100+100 -> 17.114226 | AB13: =(AVERAGE('2026_Fantasy_Starters'!O$2:'2026_Fantasy_Starters'!O$122)-'2026_Fantasy_Starters'!O8)/AVERAGE('2026_Fantasy_Starters'!O$2:'2026_Fantasy_Starters'!O$122)*100+100 -> 81.206718 | AC13: =('2026_Fantasy_Starters'!P8-AVERAGE('2026_Fantasy_Starters'!P$2:'2026_Fantasy_Starters'!P$122))/AVERAGE('2026_Fantasy_Starters'!P$2:'2026_Fantasy_Starters'!P$122)*100+100 -> 137.75571 | AD13: =(AVERAGE('2026_Fantasy_Starters'!Q$2:'2026_Fantasy_Starters'!Q$122)-'2026_Fantasy_Starters'!Q8)/AVERAGE('2026_Fantasy_Starters'!Q$2:'2026_Fantasy_Starters'!Q$122)*100+100 -> 67.720556 | AE13: =('2026_Fantasy_Starters'!R8-AVERAGE('2026_Fantasy_Starters'!R$2:'2026_Fantasy_Starters'!R$122))/AVERAGE('2026_Fantasy_Starters'!R$2:'2026_Fantasy_Starters'!R$122)*100+100 -> 108.78535 | AF13: =('2026_Fantasy_Starters'!T8-AVERAGE('2026_Fantasy_Starters'!T$2:'2026_Fantasy_Starters'!T$122))/AVERAGE('2026_Fantasy_Starters'!T$2:'2026_Fantasy_Starters'!T$122)*100+100 -> 112.44047 | AG13: =(AVERAGE('2026_Fantasy_Starters'!U$2:'2026_Fantasy_Starters'!U$122)-'2026_Fantasy_Starters'!U8)/AVERAGE('2026_Fantasy_Starters'!U$2:'2026_Fantasy_Starters'!U$122)*100+100 -> 116.30891 | AH13: =(AVERAGE('2026_Fantasy_Starters'!V$2:'2026_Fantasy_Starters'!V$122)-'2026_Fantasy_Starters'!V8)/AVERAGE('2026_Fantasy_Starters'!V$2:'2026_Fantasy_Starters'!V$122)*100+100 -> 103.54989
A14: Zack Wheeler | B14: PHI | C14: SP | D14: 21 | E14: 132.67 | F14: =H14*1.5+I14+J14+K14*1.5+L14+M14+N14+O14+P14+Q14 -> 7.6842151 | G14: 535 | H14: =(S14-S$123)/S$124 -> -0.37335816 | I14: =(T14-T$123)/T$124 -> 0.23476253 | J14: =(U14-U$123)/U$124 -> 1.1427395 | K14: =(V14-V$123)/V$124 -> 0.30363546 | L14: =(Z14-Z$123)/Z$124 -> 0.67420153 | M14: =(AB14-AB$123)/AB$124 -> 0.20424678 | N14: =(AG14-AG$123)/AG$124 -> 1.4597429 | O14: =(AH14-AH$123)/AH$124 -> 1.7619176 | P14: =(AE14-AE$123)/AE$124 -> 0.94684683 | Q14: =(AF14-AF$123)/AF$124 -> 1.3643415 | S14: =(E14-AVERAGE(E$2:E$122))/AVERAGE(E$2:E$122)*100+100 -> 91.917186 | T14: =('2026_Fantasy_Starters'!G42-AVERAGE('2026_Fantasy_Starters'!G$2:'2026_Fantasy_Starters'!G$122))/AVERAGE('2026_Fantasy_Starters'!G$2:'2026_Fantasy_Starters'!G$122)*100+100 -> 105.81511 | U14: =(AVERAGE('2026_Fantasy_Starters'!H$2:'2026_Fantasy_Starters'!H$122)-'2026_Fantasy_Starters'!H42)/AVERAGE('2026_Fantasy_Starters'!H$2:'2026_Fantasy_Starters'!H$122)*100+100 -> 126.04746 | V14: =('2026_Fantasy_Starters'!I42-AVERAGE('2026_Fantasy_Starters'!I$2:'2026_Fantasy_Starters'!I$122))/AVERAGE('2026_Fantasy_Starters'!I$2:'2026_Fantasy_Starters'!I$122)*100+100 -> 110.2689 | W14: =(AVERAGE('2026_Fantasy_Starters'!J$2:'2026_Fantasy_Starters'!J$122)-'2026_Fantasy_Starters'!J42)/AVERAGE('2026_Fantasy_Starters'!J$2:'2026_Fantasy_Starters'!J$122)*100+100 -> 117.5964 | X14: =(AVERAGE('2026_Fantasy_Starters'!K$2:'2026_Fantasy_Starters'!K$122)-'2026_Fantasy_Starters'!K42)/AVERAGE('2026_Fantasy_Starters'!K$2:'2026_Fantasy_Starters'!K$122)*100+100 -> 122.67211 | Y14: =(AVERAGE('2026_Fantasy_Starters'!L$2:'2026_Fantasy_Starters'!L$122)-'2026_Fantasy_Starters'!L42)/AVERAGE('2026_Fantasy_Starters'!L$2:'2026_Fantasy_Starters'!L$122)*100+100 -> 120.32941 | Z14: =(AVERAGE('2026_Fantasy_Starters'!M$2:'2026_Fantasy_Starters'!M$122)-'2026_Fantasy_Starters'!M42)/AVERAGE('2026_Fantasy_Starters'!M$2:'2026_Fantasy_Starters'!M$122)*100+100 -> 117.14267 | AA14: =(AVERAGE('2026_Fantasy_Starters'!N$2:'2026_Fantasy_Starters'!N$122)-'2026_Fantasy_Starters'!N42)/AVERAGE('2026_Fantasy_Starters'!N$2:'2026_Fantasy_Starters'!N$122)*100+100 -> 138.58614 | AB14: =(AVERAGE('2026_Fantasy_Starters'!O$2:'2026_Fantasy_Starters'!O$122)-'2026_Fantasy_Starters'!O42)/AVERAGE('2026_Fantasy_Starters'!O$2:'2026_Fantasy_Starters'!O$122)*100+100 -> 106.33141 | AC14: =('2026_Fantasy_Starters'!P42-AVERAGE('2026_Fantasy_Starters'!P$2:'2026_Fantasy_Starters'!P$122))/AVERAGE('2026_Fantasy_Starters'!P$2:'2026_Fantasy_Starters'!P$122)*100+100 -> 101.8573 | AD14: =(AVERAGE('2026_Fantasy_Starters'!Q$2:'2026_Fantasy_Starters'!Q$122)-'2026_Fantasy_Starters'!Q42)/AVERAGE('2026_Fantasy_Starters'!Q$2:'2026_Fantasy_Starters'!Q$122)*100+100 -> 120.44337 | AE14: =('2026_Fantasy_Starters'!R42-AVERAGE('2026_Fantasy_Starters'!R$2:'2026_Fantasy_Starters'!R$122))/AVERAGE('2026_Fantasy_Starters'!R$2:'2026_Fantasy_Starters'!R$122)*100+100 -> 110.75095 | AF14: =('2026_Fantasy_Starters'!T42-AVERAGE('2026_Fantasy_Starters'!T$2:'2026_Fantasy_Starters'!T$122))/AVERAGE('2026_Fantasy_Starters'!T$2:'2026_Fantasy_Starters'!T$122)*100+100 -> 126.81302 | AG14: =(AVERAGE('2026_Fantasy_Starters'!U$2:'2026_Fantasy_Starters'!U$122)-'2026_Fantasy_Starters'!U42)/AVERAGE('2026_Fantasy_Starters'!U$2:'2026_Fantasy_Starters'!U$122)*100+100 -> 113.70654 | AH14: =(AVERAGE('2026_Fantasy_Starters'!V$2:'2026_Fantasy_Starters'!V$122)-'2026_Fantasy_Starters'!V42)/AVERAGE('2026_Fantasy_Starters'!V$2:'2026_Fantasy_Starters'!V$122)*100+100 -> 111.41487
A15: Blake Snell | B15: LAD | C15: SP | D15: 22 | E15: 130 | F15: =H15*1.5+I15+J15+K15*1.5+L15+M15+N15+O15+P15+Q15 -> 7.4970753 | G15: 538 | H15: =(S15-S$123)/S$124 -> -0.45880546 | I15: =(T15-T$123)/T$124 -> 0.20360774 | J15: =(U15-U$123)/U$124 -> 1.0905307 | K15: =(V15-V$123)/V$124 -> 0.13010844 | L15: =(Z15-Z$123)/Z$124 -> 0.87703803 | M15: =(AB15-AB$123)/AB$124 -> 1.4646267 | N15: =(AG15-AG$123)/AG$124 -> 0.94388472 | O15: =(AH15-AH$123)/AH$124 -> 0.19047825 | P15: =(AE15-AE$123)/AE$124 -> 2.1028063 | Q15: =(AF15-AF$123)/AF$124 -> 1.1171483 | S15: =(E15-AVERAGE(E$2:E$122))/AVERAGE(E$2:E$122)*100+100 -> 90.067342 | T15: =('2026_Fantasy_Starters'!G23-AVERAGE('2026_Fantasy_Starters'!G$2:'2026_Fantasy_Starters'!G$122))/AVERAGE('2026_Fantasy_Starters'!G$2:'2026_Fantasy_Starters'!G$122)*100+100 -> 105.0434 | U15: =(AVERAGE('2026_Fantasy_Starters'!H$2:'2026_Fantasy_Starters'!H$122)-'2026_Fantasy_Starters'!H23)/AVERAGE('2026_Fantasy_Starters'!H$2:'2026_Fantasy_Starters'!H$122)*100+100 -> 124.85742 | V15: =('2026_Fantasy_Starters'!I23-AVERAGE('2026_Fantasy_Starters'!I$2:'2026_Fantasy_Starters'!I$122))/AVERAGE('2026_Fantasy_Starters'!I$2:'2026_Fantasy_Starters'!I$122)*100+100 -> 104.40024 | W15: =(AVERAGE('2026_Fantasy_Starters'!J$2:'2026_Fantasy_Starters'!J$122)-'2026_Fantasy_Starters'!J23)/AVERAGE('2026_Fantasy_Starters'!J$2:'2026_Fantasy_Starters'!J$122)*100+100 -> 120.67898 | X15: =(AVERAGE('2026_Fantasy_Starters'!K$2:'2026_Fantasy_Starters'!K$122)-'2026_Fantasy_Starters'!K23)/AVERAGE('2026_Fantasy_Starters'!K$2:'2026_Fantasy_Starters'!K$122)*100+100 -> 119.6262 | Y15: =(AVERAGE('2026_Fantasy_Starters'!L$2:'2026_Fantasy_Starters'!L$122)-'2026_Fantasy_Starters'!L23)/AVERAGE('2026_Fantasy_Starters'!L$2:'2026_Fantasy_Starters'!L$122)*100+100 -> 117.55079 | Z15: =(AVERAGE('2026_Fantasy_Starters'!M$2:'2026_Fantasy_Starters'!M$122)-'2026_Fantasy_Starters'!M23)/AVERAGE('2026_Fantasy_Starters'!M$2:'2026_Fantasy_Starters'!M$122)*100+100 -> 122.30012 | AA15: =(AVERAGE('2026_Fantasy_Starters'!N$2:'2026_Fantasy_Starters'!N$122)-'2026_Fantasy_Starters'!N23)/AVERAGE('2026_Fantasy_Starters'!N$2:'2026_Fantasy_Starters'!N$122)*100+100 -> 83.148762 | AB15: =(AVERAGE('2026_Fantasy_Starters'!O$2:'2026_Fantasy_Starters'!O$122)-'2026_Fantasy_Starters'!O23)/AVERAGE('2026_Fantasy_Starters'!O$2:'2026_Fantasy_Starters'!O$122)*100+100 -> 145.40171 | AC15: =('2026_Fantasy_Starters'!P23-AVERAGE('2026_Fantasy_Starters'!P$2:'2026_Fantasy_Starters'!P$122))/AVERAGE('2026_Fantasy_Starters'!P$2:'2026_Fantasy_Starters'!P$122)*100+100 -> 111.63578 | AD15: =(AVERAGE('2026_Fantasy_Starters'!Q$2:'2026_Fantasy_Starters'!Q$122)-'2026_Fantasy_Starters'!Q23)/AVERAGE('2026_Fantasy_Starters'!Q$2:'2026_Fantasy_Starters'!Q$122)*100+100 -> 82.348349 | AE15: =('2026_Fantasy_Starters'!R23-AVERAGE('2026_Fantasy_Starters'!R$2:'2026_Fantasy_Starters'!R$122))/AVERAGE('2026_Fantasy_Starters'!R$2:'2026_Fantasy_Starters'!R$122)*100+100 -> 123.87626 | AF15: =('2026_Fantasy_Starters'!T23-AVERAGE('2026_Fantasy_Starters'!T$2:'2026_Fantasy_Starters'!T$122))/AVERAGE('2026_Fantasy_Starters'!T$2:'2026_Fantasy_Starters'!T$122)*100+100 -> 121.95501 | AG15: =(AVERAGE('2026_Fantasy_Starters'!U$2:'2026_Fantasy_Starters'!U$122)-'2026_Fantasy_Starters'!U23)/AVERAGE('2026_Fantasy_Starters'!U$2:'2026_Fantasy_Starters'!U$122)*100+100 -> 108.86279 | AH15: =(AVERAGE('2026_Fantasy_Starters'!V$2:'2026_Fantasy_Starters'!V$122)-'2026_Fantasy_Starters'!V23)/AVERAGE('2026_Fantasy_Starters'!V$2:'2026_Fantasy_Starters'!V$122)*100+100 -> 101.23404
A16: 4 Dylan Cease | B16: TOR | C16: SP | D16: 30 | E16: 175.33 | F16: =H16*1.5+I16+J16+K16*1.5+L16+M16+N16+O16+P16+Q16 -> 7.2259276 | G16: 728 | H16: =(S16-S$123)/S$124 -> 0.99187842 | I16: =(T16-T$123)/T$124 -> 1.2353813 | J16: =(U16-U$123)/U$124 -> -0.69202694 | K16: =(V16-V$123)/V$124 -> 1.0132696 | L16: =(Z16-Z$123)/Z$124 -> -0.57774538 | M16: =(AB16-AB$123)/AB$124 -> 0.16618923 | N16: =(AG16-AG$123)/AG$124 -> 0.86342691 | O16: =(AH16-AH$123)/AH$124 -> 0.500917 | P16: =(AE16-AE$123)/AE$124 -> 1.6744252 | Q16: =(AF16-AF$123)/AF$124 -> 1.0476382 | S16: =(E16-AVERAGE(E$2:E$122))/AVERAGE(E$2:E$122)*100+100 -> 121.47313 | T16: =('2026_Fantasy_Starters'!G19-AVERAGE('2026_Fantasy_Starters'!G$2:'2026_Fantasy_Starters'!G$122))/AVERAGE('2026_Fantasy_Starters'!G$2:'2026_Fantasy_Starters'!G$122)*100+100 -> 130.60064 | U16: =(AVERAGE('2026_Fantasy_Starters'!H$2:'2026_Fantasy_Starters'!H$122)-'2026_Fantasy_Starters'!H19)/AVERAGE('2026_Fantasy_Starters'!H$2:'2026_Fantasy_Starters'!H$122)*100+100 -> 84.226025 | V16: =('2026_Fantasy_Starters'!I19-AVERAGE('2026_Fantasy_Starters'!I$2:'2026_Fantasy_Starters'!I$122))/AVERAGE('2026_Fantasy_Starters'!I$2:'2026_Fantasy_Starters'!I$122)*100+100 -> 134.2686 | W16: =(AVERAGE('2026_Fantasy_Starters'!J$2:'2026_Fantasy_Starters'!J$122)-'2026_Fantasy_Starters'!J19)/AVERAGE('2026_Fantasy_Starters'!J$2:'2026_Fantasy_Starters'!J$122)*100+100 -> 90.791302 | X16: =(AVERAGE('2026_Fantasy_Starters'!K$2:'2026_Fantasy_Starters'!K$122)-'2026_Fantasy_Starters'!K19)/AVERAGE('2026_Fantasy_Starters'!K$2:'2026_Fantasy_Starters'!K$122)*100+100 -> 88.459937 | Y16: =(AVERAGE('2026_Fantasy_Starters'!L$2:'2026_Fantasy_Starters'!L$122)-'2026_Fantasy_Starters'!L19)/AVERAGE('2026_Fantasy_Starters'!L$2:'2026_Fantasy_Starters'!L$122)*100+100 -> 87.879608 | Z16: =(AVERAGE('2026_Fantasy_Starters'!M$2:'2026_Fantasy_Starters'!M$122)-'2026_Fantasy_Starters'!M19)/AVERAGE('2026_Fantasy_Starters'!M$2:'2026_Fantasy_Starters'!M$122)*100+100 -> 85.309882 | AA16: =(AVERAGE('2026_Fantasy_Starters'!N$2:'2026_Fantasy_Starters'!N$122)-'2026_Fantasy_Starters'!N19)/AVERAGE('2026_Fantasy_Starters'!N$2:'2026_Fantasy_Starters'!N$122)*100+100 -> 19.557166 | AB16: =(AVERAGE('2026_Fantasy_Starters'!O$2:'2026_Fantasy_Starters'!O$122)-'2026_Fantasy_Starters'!O19)/AVERAGE('2026_Fantasy_Starters'!O$2:'2026_Fantasy_Starters'!O$122)*100+100 -> 105.15167 | AC16: =('2026_Fantasy_Starters'!P19-AVERAGE('2026_Fantasy_Starters'!P$2:'2026_Fantasy_Starters'!P$122))/AVERAGE('2026_Fantasy_Starters'!P$2:'2026_Fantasy_Starters'!P$122)*100+100 -> 144.65043 | AD16: =(AVERAGE('2026_Fantasy_Starters'!Q$2:'2026_Fantasy_Starters'!Q$122)-'2026_Fantasy_Starters'!Q19)/AVERAGE('2026_Fantasy_Starters'!Q$2:'2026_Fantasy_Starters'!Q$122)*100+100 -> 57.211715 | AE16: =('2026_Fantasy_Starters'!R19-AVERAGE('2026_Fantasy_Starters'!R$2:'2026_Fantasy_Starters'!R$122))/AVERAGE('2026_Fantasy_Starters'!R$2:'2026_Fantasy_Starters'!R$122)*100+100 -> 119.01222 | AF16: =('2026_Fantasy_Starters'!T19-AVERAGE('2026_Fantasy_Starters'!T$2:'2026_Fantasy_Starters'!T$122))/AVERAGE('2026_Fantasy_Starters'!T$2:'2026_Fantasy_Starters'!T$122)*100+100 -> 120.58894 | AG16: =(AVERAGE('2026_Fantasy_Starters'!U$2:'2026_Fantasy_Starters'!U$122)-'2026_Fantasy_Starters'!U19)/AVERAGE('2026_Fantasy_Starters'!U$2:'2026_Fantasy_Starters'!U$122)*100+100 -> 108.10731 | AH16: =(AVERAGE('2026_Fantasy_Starters'!V$2:'2026_Fantasy_Starters'!V$122)-'2026_Fantasy_Starters'!V19)/AVERAGE('2026_Fantasy_Starters'!V$2:'2026_Fantasy_Starters'!V$122)*100+100 -> 103.24527
A17: Max Fried | B17: NYY | C17: SP | D17: 29 | E17: 180.33 | F17: =H17*1.5+I17+J17+K17*1.5+L17+M17+N17+O17+P17+Q17 -> 6.8497319 | G17: 743 | H17: =(S17-S$123)/S$124 -> 1.1518921 | I17: =(T17-T$123)/T$124 -> 1.9089634 | J17: =(U17-U$123)/U$124 -> 0.016039888 | K17: =(V17-V$123)/V$124 -> 1.3944693 | L17: =(Z17-Z$123)/Z$124 -> 0.39136317 | M17: =(AB17-AB$123)/AB$124 -> -0.56474918 | N17: =(AG17-AG$123)/AG$124 -> 1.4664427 | O17: =(AH17-AH$123)/AH$124 -> 0.57268649 | P17: =(AE17-AE$123)/AE$124 -> -0.50844581 | Q17: =(AF17-AF$123)/AF$124 -> -0.25211087 | S17: =(E17-AVERAGE(E$2:E$122))/AVERAGE(E$2:E$122)*100+100 -> 124.93726 | T17: =('2026_Fantasy_Starters'!G12-AVERAGE('2026_Fantasy_Starters'!G$2:'2026_Fantasy_Starters'!G$122))/AVERAGE('2026_Fantasy_Starters'!G$2:'2026_Fantasy_Starters'!G$122)*100+100 -> 147.2854 | U17: =(AVERAGE('2026_Fantasy_Starters'!H$2:'2026_Fantasy_Starters'!H$122)-'2026_Fantasy_Starters'!H12)/AVERAGE('2026_Fantasy_Starters'!H$2:'2026_Fantasy_Starters'!H$122)*100+100 -> 100.36561 | V17: =('2026_Fantasy_Starters'!I12-AVERAGE('2026_Fantasy_Starters'!I$2:'2026_Fantasy_Starters'!I$122))/AVERAGE('2026_Fantasy_Starters'!I$2:'2026_Fantasy_Starters'!I$122)*100+100 -> 147.1607 | W17: =(AVERAGE('2026_Fantasy_Starters'!J$2:'2026_Fantasy_Starters'!J$122)-'2026_Fantasy_Starters'!J12)/AVERAGE('2026_Fantasy_Starters'!J$2:'2026_Fantasy_Starters'!J$122)*100+100 -> 78.865755 | X17: =(AVERAGE('2026_Fantasy_Starters'!K$2:'2026_Fantasy_Starters'!K$122)-'2026_Fantasy_Starters'!K12)/AVERAGE('2026_Fantasy_Starters'!K$2:'2026_Fantasy_Starters'!K$122)*100+100 -> 91.222167 | Y17: =(AVERAGE('2026_Fantasy_Starters'!L$2:'2026_Fantasy_Starters'!L$122)-'2026_Fantasy_Starters'!L12)/AVERAGE('2026_Fantasy_Starters'!L$2:'2026_Fantasy_Starters'!L$122)*100+100 -> 91.787713 | Z17: =(AVERAGE('2026_Fantasy_Starters'!M$2:'2026_Fantasy_Starters'!M$122)-'2026_Fantasy_Starters'!M12)/AVERAGE('2026_Fantasy_Starters'!M$2:'2026_Fantasy_Starters'!M$122)*100+100 -> 109.95105 | AA17: =(AVERAGE('2026_Fantasy_Starters'!N$2:'2026_Fantasy_Starters'!N$122)-'2026_Fantasy_Starters'!N12)/AVERAGE('2026_Fantasy_Starters'!N$2:'2026_Fantasy_Starters'!N$122)*100+100 -> 80.752767 | AB17: =(AVERAGE('2026_Fantasy_Starters'!O$2:'2026_Fantasy_Starters'!O$122)-'2026_Fantasy_Starters'!O12)/AVERAGE('2026_Fantasy_Starters'!O$2:'2026_Fantasy_Starters'!O$122)*100+100 -> 82.493439 | AC17: =('2026_Fantasy_Starters'!P12-AVERAGE('2026_Fantasy_Starters'!P$2:'2026_Fantasy_Starters'!P$122))/AVERAGE('2026_Fantasy_Starters'!P$2:'2026_Fantasy_Starters'!P$122)*100+100 -> 117.7917 | AD17: =(AVERAGE('2026_Fantasy_Starters'!Q$2:'2026_Fantasy_Starters'!Q$122)-'2026_Fantasy_Starters'!Q12)/AVERAGE('2026_Fantasy_Starters'!Q$2:'2026_Fantasy_Starters'!Q$122)*100+100 -> 80.697099 | AE17: =('2026_Fantasy_Starters'!R12-AVERAGE('2026_Fantasy_Starters'!R$2:'2026_Fantasy_Starters'!R$122))/AVERAGE('2026_Fantasy_Starters'!R$2:'2026_Fantasy_Starters'!R$122)*100+100 -> 94.226866 | AF17: =('2026_Fantasy_Starters'!T12-AVERAGE('2026_Fantasy_Starters'!T$2:'2026_Fantasy_Starters'!T$122))/AVERAGE('2026_Fantasy_Starters'!T$2:'2026_Fantasy_Starters'!T$122)*100+100 -> 95.045335 | AG17: =(AVERAGE('2026_Fantasy_Starters'!U$2:'2026_Fantasy_Starters'!U$122)-'2026_Fantasy_Starters'!U12)/AVERAGE('2026_Fantasy_Starters'!U$2:'2026_Fantasy_Starters'!U$122)*100+100 -> 113.76945 | AH17: =(AVERAGE('2026_Fantasy_Starters'!V$2:'2026_Fantasy_Starters'!V$122)-'2026_Fantasy_Starters'!V12)/AVERAGE('2026_Fantasy_Starters'!V$2:'2026_Fantasy_Starters'!V$122)*100+100 -> 103.71024
A18: Jesus Luzardo | B18: PHI | C18: SP | D18: 29 | E18: 175.67 | F18: =H18*1.5+I18+J18+K18*1.5+L18+M18+N18+O18+P18+Q18 -> 6.6438168 | G18: 720 | H18: =(S18-S$123)/S$124 -> 1.0027593 | I18: =(T18-T$123)/T$124 -> 1.2921339 | J18: =(U18-U$123)/U$124 -> -0.50941643 | K18: =(V18-V$123)/V$124 -> 1.0607318 | L18: =(Z18-Z$123)/Z$124 -> -0.58099343 | M18: =(AB18-AB$123)/AB$124 -> 0.3414837 | N18: =(AG18-AG$123)/AG$124 -> 0.19006766 | O18: =(AH18-AH$123)/AH$124 -> 0.74301371 | P18: =(AE18-AE$123)/AE$124 -> 1.0174132 | Q18: =(AF18-AF$123)/AF$124 -> 1.0548779 | S18: =(E18-AVERAGE(E$2:E$122))/AVERAGE(E$2:E$122)*100+100 -> 121.70869 | T18: =('2026_Fantasy_Starters'!G24-AVERAGE('2026_Fantasy_Starters'!G$2:'2026_Fantasy_Starters'!G$122))/AVERAGE('2026_Fantasy_Starters'!G$2:'2026_Fantasy_Starters'!G$122)*100+100 -> 132.00641 | U18: =(AVERAGE('2026_Fantasy_Starters'!H$2:'2026_Fantasy_Starters'!H$122)-'2026_Fantasy_Starters'!H24)/AVERAGE('2026_Fantasy_Starters'!H$2:'2026_Fantasy_Starters'!H$122)*100+100 -> 88.388426 | V18: =('2026_Fantasy_Starters'!I24-AVERAGE('2026_Fantasy_Starters'!I$2:'2026_Fantasy_Starters'!I$122))/AVERAGE('2026_Fantasy_Starters'!I$2:'2026_Fantasy_Starters'!I$122)*100+100 -> 135.87376 | W18: =(AVERAGE('2026_Fantasy_Starters'!J$2:'2026_Fantasy_Starters'!J$122)-'2026_Fantasy_Starters'!J24)/AVERAGE('2026_Fantasy_Starters'!J$2:'2026_Fantasy_Starters'!J$122)*100+100 -> 84.60391 | X18: =(AVERAGE('2026_Fantasy_Starters'!K$2:'2026_Fantasy_Starters'!K$122)-'2026_Fantasy_Starters'!K24)/AVERAGE('2026_Fantasy_Starters'!K$2:'2026_Fantasy_Starters'!K$122)*100+100 -> 86.932734 | Y18: =(AVERAGE('2026_Fantasy_Starters'!L$2:'2026_Fantasy_Starters'!L$122)-'2026_Fantasy_Starters'!L24)/AVERAGE('2026_Fantasy_Starters'!L$2:'2026_Fantasy_Starters'!L$122)*100+100 -> 79.932828 | Z18: =(AVERAGE('2026_Fantasy_Starters'!M$2:'2026_Fantasy_Starters'!M$122)-'2026_Fantasy_Starters'!M24)/AVERAGE('2026_Fantasy_Starters'!M$2:'2026_Fantasy_Starters'!M$122)*100+100 -> 85.227296 | AA18: =(AVERAGE('2026_Fantasy_Starters'!N$2:'2026_Fantasy_Starters'!N$122)-'2026_Fantasy_Starters'!N24)/AVERAGE('2026_Fantasy_Starters'!N$2:'2026_Fantasy_Starters'!N$122)*100+100 -> 79.785592 | AB18: =(AVERAGE('2026_Fantasy_Starters'!O$2:'2026_Fantasy_Starters'!O$122)-'2026_Fantasy_Starters'!O24)/AVERAGE('2026_Fantasy_Starters'!O$2:'2026_Fantasy_Starters'!O$122)*100+100 -> 110.58559 | AC18: =('2026_Fantasy_Starters'!P24-AVERAGE('2026_Fantasy_Starters'!P$2:'2026_Fantasy_Starters'!P$122))/AVERAGE('2026_Fantasy_Starters'!P$2:'2026_Fantasy_Starters'!P$122)*100+100 -> 135.84626 | AD18: =(AVERAGE('2026_Fantasy_Starters'!Q$2:'2026_Fantasy_Starters'!Q$122)-'2026_Fantasy_Starters'!Q24)/AVERAGE('2026_Fantasy_Starters'!Q$2:'2026_Fantasy_Starters'!Q$122)*100+100 -> 81.506679 | AE18: =('2026_Fantasy_Starters'!R24-AVERAGE('2026_Fantasy_Starters'!R$2:'2026_Fantasy_Starters'!R$122))/AVERAGE('2026_Fantasy_Starters'!R$2:'2026_Fantasy_Starters'!R$122)*100+100 -> 111.55219 | AF18: =('2026_Fantasy_Starters'!T24-AVERAGE('2026_Fantasy_Starters'!T$2:'2026_Fantasy_Starters'!T$122))/AVERAGE('2026_Fantasy_Starters'!T$2:'2026_Fantasy_Starters'!T$122)*100+100 -> 120.73122 | AG18: =(AVERAGE('2026_Fantasy_Starters'!U$2:'2026_Fantasy_Starters'!U$122)-'2026_Fantasy_Starters'!U24)/AVERAGE('2026_Fantasy_Starters'!U$2:'2026_Fantasy_Starters'!U$122)*100+100 -> 101.78468 | AH18: =(AVERAGE('2026_Fantasy_Starters'!V$2:'2026_Fantasy_Starters'!V$122)-'2026_Fantasy_Starters'!V24)/AVERAGE('2026_Fantasy_Starters'!V$2:'2026_Fantasy_Starters'!V$122)*100+100 -> 104.81373
A19: Shohei Ohtani | B19: LAD | C19: SP | D19: 21 | E19: 110 | F19: =H19*1.5+I19+J19+K19*1.5+L19+M19+N19+O19+P19+Q19 -> 6.4827809 | G19: 447 | H19: =(S19-S$123)/S$124 -> -1.0988601 | I19: =(T19-T$123)/T$124 -> -0.37640136 | J19: =(U19-U$123)/U$124 -> 1.6165101 | K19: =(V19-V$123)/V$124 -> -0.51142532 | L19: =(Z19-Z$123)/Z$124 -> 1.1125494 | M19: =(AB19-AB$123)/AB$124 -> 0.72933169 | N19: =(AG19-AG$123)/AG$124 -> 0.93717827 | O19: =(AH19-AH$123)/AH$124 -> 1.3056721 | P19: =(AE19-AE$123)/AE$124 -> 1.8686139 | Q19: =(AF19-AF$123)/AF$124 -> 1.7047551 | S19: =(E19-AVERAGE(E$2:E$122))/AVERAGE(E$2:E$122)*100+100 -> 76.210827 | T19: =('2026_Fantasy_Starters'!G25-AVERAGE('2026_Fantasy_Starters'!G$2:'2026_Fantasy_Starters'!G$122))/AVERAGE('2026_Fantasy_Starters'!G$2:'2026_Fantasy_Starters'!G$122)*100+100 -> 90.676465 | U19: =(AVERAGE('2026_Fantasy_Starters'!H$2:'2026_Fantasy_Starters'!H$122)-'2026_Fantasy_Starters'!H25)/AVERAGE('2026_Fantasy_Starters'!H$2:'2026_Fantasy_Starters'!H$122)*100+100 -> 136.84653 | V19: =('2026_Fantasy_Starters'!I25-AVERAGE('2026_Fantasy_Starters'!I$2:'2026_Fantasy_Starters'!I$122))/AVERAGE('2026_Fantasy_Starters'!I$2:'2026_Fantasy_Starters'!I$122)*100+100 -> 82.703687 | W19: =(AVERAGE('2026_Fantasy_Starters'!J$2:'2026_Fantasy_Starters'!J$122)-'2026_Fantasy_Starters'!J25)/AVERAGE('2026_Fantasy_Starters'!J$2:'2026_Fantasy_Starters'!J$122)*100+100 -> 133.09609 | X19: =(AVERAGE('2026_Fantasy_Starters'!K$2:'2026_Fantasy_Starters'!K$122)-'2026_Fantasy_Starters'!K25)/AVERAGE('2026_Fantasy_Starters'!K$2:'2026_Fantasy_Starters'!K$122)*100+100 -> 133.34274 | Y19: =(AVERAGE('2026_Fantasy_Starters'!L$2:'2026_Fantasy_Starters'!L$122)-'2026_Fantasy_Starters'!L25)/AVERAGE('2026_Fantasy_Starters'!L$2:'2026_Fantasy_Starters'!L$122)*100+100 -> 130.18708 | Z19: =(AVERAGE('2026_Fantasy_Starters'!M$2:'2026_Fantasy_Starters'!M$122)-'2026_Fantasy_Starters'!M25)/AVERAGE('2026_Fantasy_Starters'!M$2:'2026_Fantasy_Starters'!M$122)*100+100 -> 128.28838 | AA19: =(AVERAGE('2026_Fantasy_Starters'!N$2:'2026_Fantasy_Starters'!N$122)-'2026_Fantasy_Starters'!N25)/AVERAGE('2026_Fantasy_Starters'!N$2:'2026_Fantasy_Starters'!N$122)*100+100 -> 138.58613 | AB19: =(AVERAGE('2026_Fantasy_Starters'!O$2:'2026_Fantasy_Starters'!O$122)-'2026_Fantasy_Starters'!O25)/AVERAGE('2026_Fantasy_Starters'!O$2:'2026_Fantasy_Starters'!O$122)*100+100 -> 122.60843 | AC19: =('2026_Fantasy_Starters'!P25-AVERAGE('2026_Fantasy_Starters'!P$2:'2026_Fantasy_Starters'!P$122))/AVERAGE('2026_Fantasy_Starters'!P$2:'2026_Fantasy_Starters'!P$122)*100+100 -> 92.433337 | AD19: =(AVERAGE('2026_Fantasy_Starters'!Q$2:'2026_Fantasy_Starters'!Q$122)-'2026_Fantasy_Starters'!Q25)/AVERAGE('2026_Fantasy_Starters'!Q$2:'2026_Fantasy_Starters'!Q$122)*100+100 -> 121.21559 | AE19: =('2026_Fantasy_Starters'!R25-AVERAGE('2026_Fantasy_Starters'!R$2:'2026_Fantasy_Starters'!R$122))/AVERAGE('2026_Fantasy_Starters'!R$2:'2026_Fantasy_Starters'!R$122)*100+100 -> 121.21713 | AF19: =('2026_Fantasy_Starters'!T25-AVERAGE('2026_Fantasy_Starters'!T$2:'2026_Fantasy_Starters'!T$122))/AVERAGE('2026_Fantasy_Starters'!T$2:'2026_Fantasy_Starters'!T$122)*100+100 -> 133.50308 | AG19: =(AVERAGE('2026_Fantasy_Starters'!U$2:'2026_Fantasy_Starters'!U$122)-'2026_Fantasy_Starters'!U25)/AVERAGE('2026_Fantasy_Starters'!U$2:'2026_Fantasy_Starters'!U$122)*100+100 -> 108.79982 | AH19: =(AVERAGE('2026_Fantasy_Starters'!V$2:'2026_Fantasy_Starters'!V$122)-'2026_Fantasy_Starters'!V25)/AVERAGE('2026_Fantasy_Starters'!V$2:'2026_Fantasy_Starters'!V$122)*100+100 -> 108.45901
A20: George Kirby | B20: SEA | C20: SP | D20: 28 | E20: 166 | F20: =H20*1.5+I20+J20+K20*1.5+L20+M20+N20+O20+P20+Q20 -> 6.1099757 | G20: 672 | H20: =(S20-S$123)/S$124 -> 0.69329292 | I20: =(T20-T$123)/T$124 -> 1.0808422 | J20: =(U20-U$123)/U$124 -> -0.45167398 | K20: =(V20-V$123)/V$124 -> 0.93487313 | L20: =(Z20-Z$123)/Z$124 -> -0.27989317 | M20: =(AB20-AB$123)/AB$124 -> -0.34201044 | N20: =(AG20-AG$123)/AG$124 -> 1.0864951 | O20: =(AH20-AH$123)/AH$124 -> 1.6632094 | P20: =(AE20-AE$123)/AE$124 -> -0.12802781 | Q20: =(AF20-AF$123)/AF$124 -> 1.0387853 | S20: =(E20-AVERAGE(E$2:E$122))/AVERAGE(E$2:E$122)*100+100 -> 115.00907 | T20: =('2026_Fantasy_Starters'!G18-AVERAGE('2026_Fantasy_Starters'!G$2:'2026_Fantasy_Starters'!G$122))/AVERAGE('2026_Fantasy_Starters'!G$2:'2026_Fantasy_Starters'!G$122)*100+100 -> 126.77267 | U20: =(AVERAGE('2026_Fantasy_Starters'!H$2:'2026_Fantasy_Starters'!H$122)-'2026_Fantasy_Starters'!H18)/AVERAGE('2026_Fantasy_Starters'!H$2:'2026_Fantasy_Starters'!H$122)*100+100 -> 89.7046 | V20: =('2026_Fantasy_Starters'!I18-AVERAGE('2026_Fantasy_Starters'!I$2:'2026_Fantasy_Starters'!I$122))/AVERAGE('2026_Fantasy_Starters'!I$2:'2026_Fantasy_Starters'!I$122)*100+100 -> 131.61724 | W20: =(AVERAGE('2026_Fantasy_Starters'!J$2:'2026_Fantasy_Starters'!J$122)-'2026_Fantasy_Starters'!J18)/AVERAGE('2026_Fantasy_Starters'!J$2:'2026_Fantasy_Starters'!J$122)*100+100 -> 85.550477 | X20: =(AVERAGE('2026_Fantasy_Starters'!K$2:'2026_Fantasy_Starters'!K$122)-'2026_Fantasy_Starters'!K18)/AVERAGE('2026_Fantasy_Starters'!K$2:'2026_Fantasy_Starters'!K$122)*100+100 -> 98.491357 | Y20: =(AVERAGE('2026_Fantasy_Starters'!L$2:'2026_Fantasy_Starters'!L$122)-'2026_Fantasy_Starters'!L18)/AVERAGE('2026_Fantasy_Starters'!L$2:'2026_Fantasy_Starters'!L$122)*100+100 -> 96.265582 | Z20: =(AVERAGE('2026_Fantasy_Starters'!M$2:'2026_Fantasy_Starters'!M$122)-'2026_Fantasy_Starters'!M18)/AVERAGE('2026_Fantasy_Starters'!M$2:'2026_Fantasy_Starters'!M$122)*100+100 -> 92.88326 | AA20: =(AVERAGE('2026_Fantasy_Starters'!N$2:'2026_Fantasy_Starters'!N$122)-'2026_Fantasy_Starters'!N18)/AVERAGE('2026_Fantasy_Starters'!N$2:'2026_Fantasy_Starters'!N$122)*100+100 -> 138.58608 | AB20: =(AVERAGE('2026_Fantasy_Starters'!O$2:'2026_Fantasy_Starters'!O$122)-'2026_Fantasy_Starters'!O18)/AVERAGE('2026_Fantasy_Starters'!O$2:'2026_Fantasy_Starters'!O$122)*100+100 -> 89.398078 | AC20: =('2026_Fantasy_Starters'!P18-AVERAGE('2026_Fantasy_Starters'!P$2:'2026_Fantasy_Starters'!P$122))/AVERAGE('2026_Fantasy_Starters'!P$2:'2026_Fantasy_Starters'!P$122)*100+100 -> 113.40193 | AD20: =(AVERAGE('2026_Fantasy_Starters'!Q$2:'2026_Fantasy_Starters'!Q$122)-'2026_Fantasy_Starters'!Q18)/AVERAGE('2026_Fantasy_Starters'!Q$2:'2026_Fantasy_Starters'!Q$122)*100+100 -> 130.17579 | AE20: =('2026_Fantasy_Starters'!R18-AVERAGE('2026_Fantasy_Starters'!R$2:'2026_Fantasy_Starters'!R$122))/AVERAGE('2026_Fantasy_Starters'!R$2:'2026_Fantasy_Starters'!R$122)*100+100 -> 98.546312 | AF20: =('2026_Fantasy_Starters'!T18-AVERAGE('2026_Fantasy_Starters'!T$2:'2026_Fantasy_Starters'!T$122))/AVERAGE('2026_Fantasy_Starters'!T$2:'2026_Fantasy_Starters'!T$122)*100+100 -> 120.41496 | AG20: =(AVERAGE('2026_Fantasy_Starters'!U$2:'2026_Fantasy_Starters'!U$122)-'2026_Fantasy_Starters'!U18)/AVERAGE('2026_Fantasy_Starters'!U$2:'2026_Fantasy_Starters'!U$122)*100+100 -> 110.20186 | AH20: =(AVERAGE('2026_Fantasy_Starters'!V$2:'2026_Fantasy_Starters'!V$122)-'2026_Fantasy_Starters'!V18)/AVERAGE('2026_Fantasy_Starters'!V$2:'2026_Fantasy_Starters'!V$122)*100+100 -> 110.77537
A21: Tyler Glasnow | B21: LAD | C21: SP | D21: 23 | E21: 132.33 | F21: =H21*1.5+I21+J21+K21*1.5+L21+M21+N21+O21+P21+Q21 -> 5.5892282 | G21: 544 | H21: =(S21-S$123)/S$124 -> -0.38423909 | I21: =(T21-T$123)/T$124 -> -0.179413 | J21: =(U21-U$123)/U$124 -> 1.0383219 | K21: =(V21-V$123)/V$124 -> 0.082616832 | L21: =(Z21-Z$123)/Z$124 -> 0.3581057 | M21: =(AB21-AB$123)/AB$124 -> 1.2497279 | N21: =(AG21-AG$123)/AG$124 -> 0.43875789 | O21: =(AH21-AH$123)/AH$124 -> 0.51854402 | P21: =(AE21-AE$123)/AE$124 -> 1.530199 | Q21: =(AF21-AF$123)/AF$124 -> 1.0874181 | S21: =(E21-AVERAGE(E$2:E$122))/AVERAGE(E$2:E$122)*100+100 -> 91.681625 | T21: =('2026_Fantasy_Starters'!G31-AVERAGE('2026_Fantasy_Starters'!G$2:'2026_Fantasy_Starters'!G$122))/AVERAGE('2026_Fantasy_Starters'!G$2:'2026_Fantasy_Starters'!G$122)*100+100 -> 95.555905 | U21: =(AVERAGE('2026_Fantasy_Starters'!H$2:'2026_Fantasy_Starters'!H$122)-'2026_Fantasy_Starters'!H31)/AVERAGE('2026_Fantasy_Starters'!H$2:'2026_Fantasy_Starters'!H$122)*100+100 -> 123.66738 | V21: =('2026_Fantasy_Starters'!I31-AVERAGE('2026_Fantasy_Starters'!I$2:'2026_Fantasy_Starters'!I$122))/AVERAGE('2026_Fantasy_Starters'!I$2:'2026_Fantasy_Starters'!I$122)*100+100 -> 102.79409 | W21: =(AVERAGE('2026_Fantasy_Starters'!J$2:'2026_Fantasy_Starters'!J$122)-'2026_Fantasy_Starters'!J31)/AVERAGE('2026_Fantasy_Starters'!J$2:'2026_Fantasy_Starters'!J$122)*100+100 -> 116.37669 | X21: =(AVERAGE('2026_Fantasy_Starters'!K$2:'2026_Fantasy_Starters'!K$122)-'2026_Fantasy_Starters'!K31)/AVERAGE('2026_Fantasy_Starters'!K$2:'2026_Fantasy_Starters'!K$122)*100+100 -> 115.27893 | Y21: =(AVERAGE('2026_Fantasy_Starters'!L$2:'2026_Fantasy_Starters'!L$122)-'2026_Fantasy_Starters'!L31)/AVERAGE('2026_Fantasy_Starters'!L$2:'2026_Fantasy_Starters'!L$122)*100+100 -> 111.70529 | Z21: =(AVERAGE('2026_Fantasy_Starters'!M$2:'2026_Fantasy_Starters'!M$122)-'2026_Fantasy_Starters'!M31)/AVERAGE('2026_Fantasy_Starters'!M$2:'2026_Fantasy_Starters'!M$122)*100+100 -> 109.10542 | AA21: =(AVERAGE('2026_Fantasy_Starters'!N$2:'2026_Fantasy_Starters'!N$122)-'2026_Fantasy_Starters'!N31)/AVERAGE('2026_Fantasy_Starters'!N$2:'2026_Fantasy_Starters'!N$122)*100+100 -> 200 | AB21: =(AVERAGE('2026_Fantasy_Starters'!O$2:'2026_Fantasy_Starters'!O$122)-'2026_Fantasy_Starters'!O31)/AVERAGE('2026_Fantasy_Starters'!O$2:'2026_Fantasy_Starters'!O$122)*100+100 -> 138.7401 | AC21: =('2026_Fantasy_Starters'!P31-AVERAGE('2026_Fantasy_Starters'!P$2:'2026_Fantasy_Starters'!P$122))/AVERAGE('2026_Fantasy_Starters'!P$2:'2026_Fantasy_Starters'!P$122)*100+100 -> 107.67241 | AD21: =(AVERAGE('2026_Fantasy_Starters'!Q$2:'2026_Fantasy_Starters'!Q$122)-'2026_Fantasy_Starters'!Q31)/AVERAGE('2026_Fantasy_Starters'!Q$2:'2026_Fantasy_Starters'!Q$122)*100+100 -> 96.078155 | AE21: =('2026_Fantasy_Starters'!R31-AVERAGE('2026_Fantasy_Starters'!R$2:'2026_Fantasy_Starters'!R$122))/AVERAGE('2026_Fantasy_Starters'!R$2:'2026_Fantasy_Starters'!R$122)*100+100 -> 117.3746 | AF21: =('2026_Fantasy_Starters'!T31-AVERAGE('2026_Fantasy_Starters'!T$2:'2026_Fantasy_Starters'!T$122))/AVERAGE('2026_Fantasy_Starters'!T$2:'2026_Fantasy_Starters'!T$122)*100+100 -> 121.37073 | AG21: =(AVERAGE('2026_Fantasy_Starters'!U$2:'2026_Fantasy_Starters'!U$122)-'2026_Fantasy_Starters'!U31)/AVERAGE('2026_Fantasy_Starters'!U$2:'2026_Fantasy_Starters'!U$122)*100+100 -> 104.1198 | AH21: =(AVERAGE('2026_Fantasy_Starters'!V$2:'2026_Fantasy_Starters'!V$122)-'2026_Fantasy_Starters'!V31)/AVERAGE('2026_Fantasy_Starters'!V$2:'2026_Fantasy_Starters'!V$122)*100+100 -> 103.35947
A22: Joe Ryan | B22: MIN | C22: SP | D22: 28 | E22: 168 | F22: =H22*1.5+I22+J22+K22*1.5+L22+M22+N22+O22+P22+Q22 -> 5.1061742 | G22: 680 | H22: =(S22-S$123)/S$124 -> 0.75729839 | I22: =(T22-T$123)/T$124 -> 0.98456307 | J22: =(U22-U$123)/U$124 -> -0.74217825 | K22: =(V22-V$123)/V$124 -> 0.82686194 | L22: =(Z22-Z$123)/Z$124 -> -1.266292 | M22: =(AB22-AB$123)/AB$124 -> -0.93420323 | N22: =(AG22-AG$123)/AG$124 -> 0.30983421 | O22: =(AH22-AH$123)/AH$124 -> 1.7948891 | P22: =(AE22-AE$123)/AE$124 -> 0.92311343 | Q22: =(AF22-AF$123)/AF$124 -> 1.6602074 | S22: =(E22-AVERAGE(E$2:E$122))/AVERAGE(E$2:E$122)*100+100 -> 116.39472 | T22: =('2026_Fantasy_Starters'!G16-AVERAGE('2026_Fantasy_Starters'!G$2:'2026_Fantasy_Starters'!G$122))/AVERAGE('2026_Fantasy_Starters'!G$2:'2026_Fantasy_Starters'!G$122)*100+100 -> 124.38782 | U22: =(AVERAGE('2026_Fantasy_Starters'!H$2:'2026_Fantasy_Starters'!H$122)-'2026_Fantasy_Starters'!H16)/AVERAGE('2026_Fantasy_Starters'!H$2:'2026_Fantasy_Starters'!H$122)*100+100 -> 83.082882 | V22: =('2026_Fantasy_Starters'!I16-AVERAGE('2026_Fantasy_Starters'!I$2:'2026_Fantasy_Starters'!I$122))/AVERAGE('2026_Fantasy_Starters'!I$2:'2026_Fantasy_Starters'!I$122)*100+100 -> 127.96432 | W22: =(AVERAGE('2026_Fantasy_Starters'!J$2:'2026_Fantasy_Starters'!J$122)-'2026_Fantasy_Starters'!J16)/AVERAGE('2026_Fantasy_Starters'!J$2:'2026_Fantasy_Starters'!J$122)*100+100 -> 90.465817 | X22: =(AVERAGE('2026_Fantasy_Starters'!K$2:'2026_Fantasy_Starters'!K$122)-'2026_Fantasy_Starters'!K16)/AVERAGE('2026_Fantasy_Starters'!K$2:'2026_Fantasy_Starters'!K$122)*100+100 -> 88.76972 | Y22: =(AVERAGE('2026_Fantasy_Starters'!L$2:'2026_Fantasy_Starters'!L$122)-'2026_Fantasy_Starters'!L16)/AVERAGE('2026_Fantasy_Starters'!L$2:'2026_Fantasy_Starters'!L$122)*100+100 -> 86.489882 | Z22: =(AVERAGE('2026_Fantasy_Starters'!M$2:'2026_Fantasy_Starters'!M$122)-'2026_Fantasy_Starters'!M16)/AVERAGE('2026_Fantasy_Starters'!M$2:'2026_Fantasy_Starters'!M$122)*100+100 -> 67.802464 | AA22: =(AVERAGE('2026_Fantasy_Starters'!N$2:'2026_Fantasy_Starters'!N$122)-'2026_Fantasy_Starters'!N16)/AVERAGE('2026_Fantasy_Starters'!N$2:'2026_Fantasy_Starters'!N$122)*100+100 -> 138.58612 | AB22: =(AVERAGE('2026_Fantasy_Starters'!O$2:'2026_Fantasy_Starters'!O$122)-'2026_Fantasy_Starters'!O16)/AVERAGE('2026_Fantasy_Starters'!O$2:'2026_Fantasy_Starters'!O$122)*100+100 -> 71.040798 | AC22: =('2026_Fantasy_Starters'!P16-AVERAGE('2026_Fantasy_Starters'!P$2:'2026_Fantasy_Starters'!P$122))/AVERAGE('2026_Fantasy_Starters'!P$2:'2026_Fantasy_Starters'!P$122)*100+100 -> 128.66804 | AD22: =(AVERAGE('2026_Fantasy_Starters'!Q$2:'2026_Fantasy_Starters'!Q$122)-'2026_Fantasy_Starters'!Q16)/AVERAGE('2026_Fantasy_Starters'!Q$2:'2026_Fantasy_Starters'!Q$122)*100+100 -> 115.11619 | AE22: =('2026_Fantasy_Starters'!R16-AVERAGE('2026_Fantasy_Starters'!R$2:'2026_Fantasy_Starters'!R$122))/AVERAGE('2026_Fantasy_Starters'!R$2:'2026_Fantasy_Starters'!R$122)*100+100 -> 110.48147 | AF22: =('2026_Fantasy_Starters'!T16-AVERAGE('2026_Fantasy_Starters'!T$2:'2026_Fantasy_Starters'!T$122))/AVERAGE('2026_Fantasy_Starters'!T$2:'2026_Fantasy_Starters'!T$122)*100+100 -> 132.62759 | AG22: =(AVERAGE('2026_Fantasy_Starters'!U$2:'2026_Fantasy_Starters'!U$122)-'2026_Fantasy_Starters'!U16)/AVERAGE('2026_Fantasy_Starters'!U$2:'2026_Fantasy_Starters'!U$122)*100+100 -> 102.90925 | AH22: =(AVERAGE('2026_Fantasy_Starters'!V$2:'2026_Fantasy_Starters'!V$122)-'2026_Fantasy_Starters'!V16)/AVERAGE('2026_Fantasy_Starters'!V$2:'2026_Fantasy_Starters'!V$122)*100+100 -> 111.62848
A23: Sonny Gray | B23: BOS | C23: SP | D23: 28 | E23: 169 | F23: =H23*1.5+I23+J23+K23*1.5+L23+M23+N23+O23+P23+Q23 -> 4.9040288 | G23: 697 | H23: =(S23-S$123)/S$124 -> 0.78930112 | I23: =(T23-T$123)/T$124 -> 1.0808422 | J23: =(U23-U$123)/U$124 -> -0.45167398 | K23: =(V23-V$123)/V$124 -> 0.81184277 | L23: =(Z23-Z$123)/Z$124 -> -0.53826967 | M23: =(AB23-AB$123)/AB$124 -> 0.19482688 | N23: =(AG23-AG$123)/AG$124 -> 0.55421861 | O23: =(AH23-AH$123)/AH$124 -> 0.55006077 | P23: =(AE23-AE$123)/AE$124 -> 0.34289437 | Q23: =(AF23-AF$123)/AF$124 -> 0.76941373 | S23: =(E23-AVERAGE(E$2:E$122))/AVERAGE(E$2:E$122)*100+100 -> 117.08754 | T23: =('2026_Fantasy_Starters'!G29-AVERAGE('2026_Fantasy_Starters'!G$2:'2026_Fantasy_Starters'!G$122))/AVERAGE('2026_Fantasy_Starters'!G$2:'2026_Fantasy_Starters'!G$122)*100+100 -> 126.77267 | U23: =(AVERAGE('2026_Fantasy_Starters'!H$2:'2026_Fantasy_Starters'!H$122)-'2026_Fantasy_Starters'!H29)/AVERAGE('2026_Fantasy_Starters'!H$2:'2026_Fantasy_Starters'!H$122)*100+100 -> 89.7046 | V23: =('2026_Fantasy_Starters'!I29-AVERAGE('2026_Fantasy_Starters'!I$2:'2026_Fantasy_Starters'!I$122))/AVERAGE('2026_Fantasy_Starters'!I$2:'2026_Fantasy_Starters'!I$122)*100+100 -> 127.45638 | W23: =(AVERAGE('2026_Fantasy_Starters'!J$2:'2026_Fantasy_Starters'!J$122)-'2026_Fantasy_Starters'!J29)/AVERAGE('2026_Fantasy_Starters'!J$2:'2026_Fantasy_Starters'!J$122)*100+100 -> 81.424781 | X23: =(AVERAGE('2026_Fantasy_Starters'!K$2:'2026_Fantasy_Starters'!K$122)-'2026_Fantasy_Starters'!K29)/AVERAGE('2026_Fantasy_Starters'!K$2:'2026_Fantasy_Starters'!K$122)*100+100 -> 88.387555 | Y23: =(AVERAGE('2026_Fantasy_Starters'!L$2:'2026_Fantasy_Starters'!L$122)-'2026_Fantasy_Starters'!L29)/AVERAGE('2026_Fantasy_Starters'!L$2:'2026_Fantasy_Starters'!L$122)*100+100 -> 88.512954 | Z23: =(AVERAGE('2026_Fantasy_Starters'!M$2:'2026_Fantasy_Starters'!M$122)-'2026_Fantasy_Starters'!M29)/AVERAGE('2026_Fantasy_Starters'!M$2:'2026_Fantasy_Starters'!M$122)*100+100 -> 86.313617 | AA23: =(AVERAGE('2026_Fantasy_Starters'!N$2:'2026_Fantasy_Starters'!N$122)-'2026_Fantasy_Starters'!N29)/AVERAGE('2026_Fantasy_Starters'!N$2:'2026_Fantasy_Starters'!N$122)*100+100 -> 82.039917 | AB23: =(AVERAGE('2026_Fantasy_Starters'!O$2:'2026_Fantasy_Starters'!O$122)-'2026_Fantasy_Starters'!O29)/AVERAGE('2026_Fantasy_Starters'!O$2:'2026_Fantasy_Starters'!O$122)*100+100 -> 106.0394 | AC23: =('2026_Fantasy_Starters'!P29-AVERAGE('2026_Fantasy_Starters'!P$2:'2026_Fantasy_Starters'!P$122))/AVERAGE('2026_Fantasy_Starters'!P$2:'2026_Fantasy_Starters'!P$122)*100+100 -> 121.71569 | AD23: =(AVERAGE('2026_Fantasy_Starters'!Q$2:'2026_Fantasy_Starters'!Q$122)-'2026_Fantasy_Starters'!Q29)/AVERAGE('2026_Fantasy_Starters'!Q$2:'2026_Fantasy_Starters'!Q$122)*100+100 -> 102.03262 | AE23: =('2026_Fantasy_Starters'!R29-AVERAGE('2026_Fantasy_Starters'!R$2:'2026_Fantasy_Starters'!R$122))/AVERAGE('2026_Fantasy_Starters'!R$2:'2026_Fantasy_Starters'!R$122)*100+100 -> 103.89338 | AF23: =('2026_Fantasy_Starters'!T29-AVERAGE('2026_Fantasy_Starters'!T$2:'2026_Fantasy_Starters'!T$122))/AVERAGE('2026_Fantasy_Starters'!T$2:'2026_Fantasy_Starters'!T$122)*100+100 -> 115.12107 | AG23: =(AVERAGE('2026_Fantasy_Starters'!U$2:'2026_Fantasy_Starters'!U$122)-'2026_Fantasy_Starters'!U29)/AVERAGE('2026_Fantasy_Starters'!U$2:'2026_Fantasy_Starters'!U$122)*100+100 -> 105.20394 | AH23: =(AVERAGE('2026_Fantasy_Starters'!V$2:'2026_Fantasy_Starters'!V$122)-'2026_Fantasy_Starters'!V29)/AVERAGE('2026_Fantasy_Starters'!V$2:'2026_Fantasy_Starters'!V$122)*100+100 -> 103.56366
A24: Shane McClanahan | B24: TB | C24: SP | D24: 20 | E24: 117.67 | F24: =H24*1.5+I24+J24+K24*1.5+L24+M24+N24+O24+P24+Q24 -> 4.6855388 | G24: 482 | H24: =(S24-S$123)/S$124 -> -0.85339916 | I24: =(T24-T$123)/T$124 -> -0.57342955 | J24: =(U24-U$123)/U$124 -> 0.8667787 | K24: =(V24-V$123)/V$124 -> -0.27539681 | L24: =(Z24-Z$123)/Z$124 -> 0.73913759 | M24: =(AB24-AB$123)/AB$124 -> 1.5256806 | N24: =(AG24-AG$123)/AG$124 -> 1.4021497 | O24: =(AH24-AH$123)/AH$124 -> 0.79996679 | P24: =(AE24-AE$123)/AE$124 -> 0.68672492 | Q24: =(AF24-AF$123)/AF$124 -> 0.93172409 | S24: =(E24-AVERAGE(E$2:E$122))/AVERAGE(E$2:E$122)*100+100 -> 81.524801 | T24: =('2026_Fantasy_Starters'!G82-AVERAGE('2026_Fantasy_Starters'!G$2:'2026_Fantasy_Starters'!G$122))/AVERAGE('2026_Fantasy_Starters'!G$2:'2026_Fantasy_Starters'!G$122)*100+100 -> 85.796038 | U24: =(AVERAGE('2026_Fantasy_Starters'!H$2:'2026_Fantasy_Starters'!H$122)-'2026_Fantasy_Starters'!H82)/AVERAGE('2026_Fantasy_Starters'!H$2:'2026_Fantasy_Starters'!H$122)*100+100 -> 119.75724 | V24: =('2026_Fantasy_Starters'!I82-AVERAGE('2026_Fantasy_Starters'!I$2:'2026_Fantasy_Starters'!I$122))/AVERAGE('2026_Fantasy_Starters'!I$2:'2026_Fantasy_Starters'!I$122)*100+100 -> 90.686129 | W24: =(AVERAGE('2026_Fantasy_Starters'!J$2:'2026_Fantasy_Starters'!J$122)-'2026_Fantasy_Starters'!J82)/AVERAGE('2026_Fantasy_Starters'!J$2:'2026_Fantasy_Starters'!J$122)*100+100 -> 121.25923 | X24: =(AVERAGE('2026_Fantasy_Starters'!K$2:'2026_Fantasy_Starters'!K$122)-'2026_Fantasy_Starters'!K82)/AVERAGE('2026_Fantasy_Starters'!K$2:'2026_Fantasy_Starters'!K$122)*100+100 -> 124.18672 | Y24: =(AVERAGE('2026_Fantasy_Starters'!L$2:'2026_Fantasy_Starters'!L$122)-'2026_Fantasy_Starters'!L82)/AVERAGE('2026_Fantasy_Starters'!L$2:'2026_Fantasy_Starters'!L$122)*100+100 -> 128.89433 | Z24: =(AVERAGE('2026_Fantasy_Starters'!M$2:'2026_Fantasy_Starters'!M$122)-'2026_Fantasy_Starters'!M82)/AVERAGE('2026_Fantasy_Starters'!M$2:'2026_Fantasy_Starters'!M$122)*100+100 -> 118.79378 | AA24: =(AVERAGE('2026_Fantasy_Starters'!N$2:'2026_Fantasy_Starters'!N$122)-'2026_Fantasy_Starters'!N82)/AVERAGE('2026_Fantasy_Starters'!N$2:'2026_Fantasy_Starters'!N$122)*100+100 -> 138.58614 | AB24: =(AVERAGE('2026_Fantasy_Starters'!O$2:'2026_Fantasy_Starters'!O$122)-'2026_Fantasy_Starters'!O82)/AVERAGE('2026_Fantasy_Starters'!O$2:'2026_Fantasy_Starters'!O$122)*100+100 -> 147.2943 | AC24: =('2026_Fantasy_Starters'!P82-AVERAGE('2026_Fantasy_Starters'!P$2:'2026_Fantasy_Starters'!P$122))/AVERAGE('2026_Fantasy_Starters'!P$2:'2026_Fantasy_Starters'!P$122)*100+100 -> 87.931809 | AD24: =(AVERAGE('2026_Fantasy_Starters'!Q$2:'2026_Fantasy_Starters'!Q$122)-'2026_Fantasy_Starters'!Q82)/AVERAGE('2026_Fantasy_Starters'!Q$2:'2026_Fantasy_Starters'!Q$122)*100+100 -> 125.94463 | AE24: =('2026_Fantasy_Starters'!R82-AVERAGE('2026_Fantasy_Starters'!R$2:'2026_Fantasy_Starters'!R$122))/AVERAGE('2026_Fantasy_Starters'!R$2:'2026_Fantasy_Starters'!R$122)*100+100 -> 107.7974 | AF24: =('2026_Fantasy_Starters'!T82-AVERAGE('2026_Fantasy_Starters'!T$2:'2026_Fantasy_Starters'!T$122))/AVERAGE('2026_Fantasy_Starters'!T$2:'2026_Fantasy_Starters'!T$122)*100+100 -> 118.31091 | AG24: =(AVERAGE('2026_Fantasy_Starters'!U$2:'2026_Fantasy_Starters'!U$122)-'2026_Fantasy_Starters'!U82)/AVERAGE('2026_Fantasy_Starters'!U$2:'2026_Fantasy_Starters'!U$122)*100+100 -> 113.16576 | AH24: =(AVERAGE('2026_Fantasy_Starters'!V$2:'2026_Fantasy_Starters'!V$122)-'2026_Fantasy_Starters'!V82)/AVERAGE('2026_Fantasy_Starters'!V$2:'2026_Fantasy_Starters'!V$122)*100+100 -> 105.18271
A25: Hunter Greene | B25: CIN | C25: SP | D25: 28 | E25: 167.67 | F25: =H25*1.5+I25+J25+K25*1.5+L25+M25+N25+O25+P25+Q25 -> 4.4596222 | G25: 685 | H25: =(S25-S$123)/S$124 -> 0.74673749 | I25: =(T25-T$123)/T$124 -> 0.4685713 | J25: =(U25-U$123)/U$124 -> -0.61335285 | K25: =(V25-V$123)/V$124 -> 0.89527716 | L25: =(Z25-Z$123)/Z$124 -> -1.1483695 | M25: =(AB25-AB$123)/AB$124 -> -1.8921471 | N25: =(AG25-AG$123)/AG$124 -> 0.49546339 | O25: =(AH25-AH$123)/AH$124 -> 1.3100623 | P25: =(AE25-AE$123)/AE$124 -> 1.7450707 | Q25: =(AF25-AF$123)/AF$124 -> 1.631302 | S25: =(E25-AVERAGE(E$2:E$122))/AVERAGE(E$2:E$122)*100+100 -> 116.16609 | T25: =('2026_Fantasy_Starters'!G13-AVERAGE('2026_Fantasy_Starters'!G$2:'2026_Fantasy_Starters'!G$122))/AVERAGE('2026_Fantasy_Starters'!G$2:'2026_Fantasy_Starters'!G$122)*100+100 -> 111.6066 | U25: =(AVERAGE('2026_Fantasy_Starters'!H$2:'2026_Fantasy_Starters'!H$122)-'2026_Fantasy_Starters'!H13)/AVERAGE('2026_Fantasy_Starters'!H$2:'2026_Fantasy_Starters'!H$122)*100+100 -> 86.019312 | V25: =('2026_Fantasy_Starters'!I13-AVERAGE('2026_Fantasy_Starters'!I$2:'2026_Fantasy_Starters'!I$122))/AVERAGE('2026_Fantasy_Starters'!I$2:'2026_Fantasy_Starters'!I$122)*100+100 -> 130.27811 | W25: =(AVERAGE('2026_Fantasy_Starters'!J$2:'2026_Fantasy_Starters'!J$122)-'2026_Fantasy_Starters'!J13)/AVERAGE('2026_Fantasy_Starters'!J$2:'2026_Fantasy_Starters'!J$122)*100+100 -> 96.912589 | X25: =(AVERAGE('2026_Fantasy_Starters'!K$2:'2026_Fantasy_Starters'!K$122)-'2026_Fantasy_Starters'!K13)/AVERAGE('2026_Fantasy_Starters'!K$2:'2026_Fantasy_Starters'!K$122)*100+100 -> 92.214322 | Y25: =(AVERAGE('2026_Fantasy_Starters'!L$2:'2026_Fantasy_Starters'!L$122)-'2026_Fantasy_Starters'!L13)/AVERAGE('2026_Fantasy_Starters'!L$2:'2026_Fantasy_Starters'!L$122)*100+100 -> 88.746612 | Z25: =(AVERAGE('2026_Fantasy_Starters'!M$2:'2026_Fantasy_Starters'!M$122)-'2026_Fantasy_Starters'!M13)/AVERAGE('2026_Fantasy_Starters'!M$2:'2026_Fantasy_Starters'!M$122)*100+100 -> 70.800835 | AA25: =(AVERAGE('2026_Fantasy_Starters'!N$2:'2026_Fantasy_Starters'!N$122)-'2026_Fantasy_Starters'!N13)/AVERAGE('2026_Fantasy_Starters'!N$2:'2026_Fantasy_Starters'!N$122)*100+100 -> 138.58612 | AB25: =(AVERAGE('2026_Fantasy_Starters'!O$2:'2026_Fantasy_Starters'!O$122)-'2026_Fantasy_Starters'!O13)/AVERAGE('2026_Fantasy_Starters'!O$2:'2026_Fantasy_Starters'!O$122)*100+100 -> 41.345663 | AC25: =('2026_Fantasy_Starters'!P13-AVERAGE('2026_Fantasy_Starters'!P$2:'2026_Fantasy_Starters'!P$122))/AVERAGE('2026_Fantasy_Starters'!P$2:'2026_Fantasy_Starters'!P$122)*100+100 -> 139.26314 | AD25: =(AVERAGE('2026_Fantasy_Starters'!Q$2:'2026_Fantasy_Starters'!Q$122)-'2026_Fantasy_Starters'!Q13)/AVERAGE('2026_Fantasy_Starters'!Q$2:'2026_Fantasy_Starters'!Q$122)*100+100 -> 83.219911 | AE25: =('2026_Fantasy_Starters'!R13-AVERAGE('2026_Fantasy_Starters'!R$2:'2026_Fantasy_Starters'!R$122))/AVERAGE('2026_Fantasy_Starters'!R$2:'2026_Fantasy_Starters'!R$122)*100+100 -> 119.81436 | AF25: =('2026_Fantasy_Starters'!T13-AVERAGE('2026_Fantasy_Starters'!T$2:'2026_Fantasy_Starters'!T$122))/AVERAGE('2026_Fantasy_Starters'!T$2:'2026_Fantasy_Starters'!T$122)*100+100 -> 132.05952 | AG25: =(AVERAGE('2026_Fantasy_Starters'!U$2:'2026_Fantasy_Starters'!U$122)-'2026_Fantasy_Starters'!U13)/AVERAGE('2026_Fantasy_Starters'!U$2:'2026_Fantasy_Starters'!U$122)*100+100 -> 104.65225 | AH25: =(AVERAGE('2026_Fantasy_Starters'!V$2:'2026_Fantasy_Starters'!V$122)-'2026_Fantasy_Starters'!V13)/AVERAGE('2026_Fantasy_Starters'!V$2:'2026_Fantasy_Starters'!V$122)*100+100 -> 108.48745
A26: Framber Valdez | B26: DET | C26: SP | D26: 29 | E26: 187 | F26: =H26*1.5+I26+J26+K26*1.5+L26+M26+N26+O26+P26+Q26 -> 4.256434 | G26: 780 | H26: =(S26-S$123)/S$124 -> 1.3653503 | I26: =(T26-T$123)/T$124 -> 1.6877794 | J26: =(U26-U$123)/U$124 -> -0.68841804 | K26: =(V26-V$123)/V$124 -> 1.4849744 | L26: =(Z26-Z$123)/Z$124 -> 0.45980081 | M26: =(AB26-AB$123)/AB$124 -> -1.3402898 | N26: =(AG26-AG$123)/AG$124 -> 1.2597424 | O26: =(AH26-AH$123)/AH$124 -> -0.21273629 | P26: =(AE26-AE$123)/AE$124 -> -0.57875924 | Q26: =(AF26-AF$123)/AF$124 -> -0.60617231 | S26: =(E26-AVERAGE(E$2:E$122))/AVERAGE(E$2:E$122)*100+100 -> 129.55841 | T26: =('2026_Fantasy_Starters'!G20-AVERAGE('2026_Fantasy_Starters'!G$2:'2026_Fantasy_Starters'!G$122))/AVERAGE('2026_Fantasy_Starters'!G$2:'2026_Fantasy_Starters'!G$122)*100+100 -> 141.80663 | U26: =(AVERAGE('2026_Fantasy_Starters'!H$2:'2026_Fantasy_Starters'!H$122)-'2026_Fantasy_Starters'!H20)/AVERAGE('2026_Fantasy_Starters'!H$2:'2026_Fantasy_Starters'!H$122)*100+100 -> 84.308286 | V26: =('2026_Fantasy_Starters'!I20-AVERAGE('2026_Fantasy_Starters'!I$2:'2026_Fantasy_Starters'!I$122))/AVERAGE('2026_Fantasy_Starters'!I$2:'2026_Fantasy_Starters'!I$122)*100+100 -> 150.22157 | W26: =(AVERAGE('2026_Fantasy_Starters'!J$2:'2026_Fantasy_Starters'!J$122)-'2026_Fantasy_Starters'!J20)/AVERAGE('2026_Fantasy_Starters'!J$2:'2026_Fantasy_Starters'!J$122)*100+100 -> 69.837586 | X26: =(AVERAGE('2026_Fantasy_Starters'!K$2:'2026_Fantasy_Starters'!K$122)-'2026_Fantasy_Starters'!K20)/AVERAGE('2026_Fantasy_Starters'!K$2:'2026_Fantasy_Starters'!K$122)*100+100 -> 81.563662 | Y26: =(AVERAGE('2026_Fantasy_Starters'!L$2:'2026_Fantasy_Starters'!L$122)-'2026_Fantasy_Starters'!L20)/AVERAGE('2026_Fantasy_Starters'!L$2:'2026_Fantasy_Starters'!L$122)*100+100 -> 85.259485 | Z26: =(AVERAGE('2026_Fantasy_Starters'!M$2:'2026_Fantasy_Starters'!M$122)-'2026_Fantasy_Starters'!M20)/AVERAGE('2026_Fantasy_Starters'!M$2:'2026_Fantasy_Starters'!M$122)*100+100 -> 111.69118 | AA26: =(AVERAGE('2026_Fantasy_Starters'!N$2:'2026_Fantasy_Starters'!N$122)-'2026_Fantasy_Starters'!N20)/AVERAGE('2026_Fantasy_Starters'!N$2:'2026_Fantasy_Starters'!N$122)*100+100 -> 138.58608 | AB26: =(AVERAGE('2026_Fantasy_Starters'!O$2:'2026_Fantasy_Starters'!O$122)-'2026_Fantasy_Starters'!O20)/AVERAGE('2026_Fantasy_Starters'!O$2:'2026_Fantasy_Starters'!O$122)*100+100 -> 58.45259 | AC26: =('2026_Fantasy_Starters'!P20-AVERAGE('2026_Fantasy_Starters'!P$2:'2026_Fantasy_Starters'!P$122))/AVERAGE('2026_Fantasy_Starters'!P$2:'2026_Fantasy_Starters'!P$122)*100+100 -> 121.1136 | AD26: =(AVERAGE('2026_Fantasy_Starters'!Q$2:'2026_Fantasy_Starters'!Q$122)-'2026_Fantasy_Starters'!Q20)/AVERAGE('2026_Fantasy_Starters'!Q$2:'2026_Fantasy_Starters'!Q$122)*100+100 -> 63.743595 | AE26: =('2026_Fantasy_Starters'!R20-AVERAGE('2026_Fantasy_Starters'!R$2:'2026_Fantasy_Starters'!R$122))/AVERAGE('2026_Fantasy_Starters'!R$2:'2026_Fantasy_Starters'!R$122)*100+100 -> 93.428494 | AF26: =('2026_Fantasy_Starters'!T20-AVERAGE('2026_Fantasy_Starters'!T$2:'2026_Fantasy_Starters'!T$122))/AVERAGE('2026_Fantasy_Starters'!T$2:'2026_Fantasy_Starters'!T$122)*100+100 -> 88.087064 | AG26: =(AVERAGE('2026_Fantasy_Starters'!U$2:'2026_Fantasy_Starters'!U$122)-'2026_Fantasy_Starters'!U20)/AVERAGE('2026_Fantasy_Starters'!U$2:'2026_Fantasy_Starters'!U$122)*100+100 -> 111.8286 | AH26: =(AVERAGE('2026_Fantasy_Starters'!V$2:'2026_Fantasy_Starters'!V$122)-'2026_Fantasy_Starters'!V20)/AVERAGE('2026_Fantasy_Starters'!V$2:'2026_Fantasy_Starters'!V$122)*100+100 -> 98.621754
A27: Spencer Strider | B27: ATL | C27: SP | D27: 26 | E27: 153 | F27: =H27*1.5+I27+J27+K27*1.5+L27+M27+N27+O27+P27+Q27 -> 4.1988974 | G27: 638 | H27: =(S27-S$123)/S$124 -> 0.2772574 | I27: =(T27-T$123)/T$124 -> 0.83579354 | J27: =(U27-U$123)/U$124 -> -0.33082728 | K27: =(V27-V$123)/V$124 -> 0.40931733 | L27: =(Z27-Z$123)/Z$124 -> -0.36682201 | M27: =(AB27-AB$123)/AB$124 -> -0.37502329 | N27: =(AG27-AG$123)/AG$124 -> 0.11547495 | O27: =(AH27-AH$123)/AH$124 -> 0.28983489 | P27: =(AE27-AE$123)/AE$124 -> 1.7229028 | Q27: =(AF27-AF$123)/AF$124 -> 1.2777017 | S27: =(E27-AVERAGE(E$2:E$122))/AVERAGE(E$2:E$122)*100+100 -> 106.00233 | T27: =('2026_Fantasy_Starters'!G35-AVERAGE('2026_Fantasy_Starters'!G$2:'2026_Fantasy_Starters'!G$122))/AVERAGE('2026_Fantasy_Starters'!G$2:'2026_Fantasy_Starters'!G$122)*100+100 -> 120.70277 | U27: =(AVERAGE('2026_Fantasy_Starters'!H$2:'2026_Fantasy_Starters'!H$122)-'2026_Fantasy_Starters'!H35)/AVERAGE('2026_Fantasy_Starters'!H$2:'2026_Fantasy_Starters'!H$122)*100+100 -> 92.459165 | V27: =('2026_Fantasy_Starters'!I35-AVERAGE('2026_Fantasy_Starters'!I$2:'2026_Fantasy_Starters'!I$122))/AVERAGE('2026_Fantasy_Starters'!I$2:'2026_Fantasy_Starters'!I$122)*100+100 -> 113.84304 | W27: =(AVERAGE('2026_Fantasy_Starters'!J$2:'2026_Fantasy_Starters'!J$122)-'2026_Fantasy_Starters'!J35)/AVERAGE('2026_Fantasy_Starters'!J$2:'2026_Fantasy_Starters'!J$122)*100+100 -> 99.474565 | X27: =(AVERAGE('2026_Fantasy_Starters'!K$2:'2026_Fantasy_Starters'!K$122)-'2026_Fantasy_Starters'!K35)/AVERAGE('2026_Fantasy_Starters'!K$2:'2026_Fantasy_Starters'!K$122)*100+100 -> 95.503883 | Y27: =(AVERAGE('2026_Fantasy_Starters'!L$2:'2026_Fantasy_Starters'!L$122)-'2026_Fantasy_Starters'!L35)/AVERAGE('2026_Fantasy_Starters'!L$2:'2026_Fantasy_Starters'!L$122)*100+100 -> 94.681612 | Z27: =(AVERAGE('2026_Fantasy_Starters'!M$2:'2026_Fantasy_Starters'!M$122)-'2026_Fantasy_Starters'!M35)/AVERAGE('2026_Fantasy_Starters'!M$2:'2026_Fantasy_Starters'!M$122)*100+100 -> 90.672953 | AA27: =(AVERAGE('2026_Fantasy_Starters'!N$2:'2026_Fantasy_Starters'!N$122)-'2026_Fantasy_Starters'!N35)/AVERAGE('2026_Fantasy_Starters'!N$2:'2026_Fantasy_Starters'!N$122)*100+100 -> 80.452483 | AB27: =(AVERAGE('2026_Fantasy_Starters'!O$2:'2026_Fantasy_Starters'!O$122)-'2026_Fantasy_Starters'!O35)/AVERAGE('2026_Fantasy_Starters'!O$2:'2026_Fantasy_Starters'!O$122)*100+100 -> 88.374719 | AC27: =('2026_Fantasy_Starters'!P35-AVERAGE('2026_Fantasy_Starters'!P$2:'2026_Fantasy_Starters'!P$122))/AVERAGE('2026_Fantasy_Starters'!P$2:'2026_Fantasy_Starters'!P$122)*100+100 -> 126.81159 | AD27: =(AVERAGE('2026_Fantasy_Starters'!Q$2:'2026_Fantasy_Starters'!Q$122)-'2026_Fantasy_Starters'!Q35)/AVERAGE('2026_Fantasy_Starters'!Q$2:'2026_Fantasy_Starters'!Q$122)*100+100 -> 84.773532 | AE27: =('2026_Fantasy_Starters'!R35-AVERAGE('2026_Fantasy_Starters'!R$2:'2026_Fantasy_Starters'!R$122))/AVERAGE('2026_Fantasy_Starters'!R$2:'2026_Fantasy_Starters'!R$122)*100+100 -> 119.56265 | AF27: =('2026_Fantasy_Starters'!T35-AVERAGE('2026_Fantasy_Starters'!T$2:'2026_Fantasy_Starters'!T$122))/AVERAGE('2026_Fantasy_Starters'!T$2:'2026_Fantasy_Starters'!T$122)*100+100 -> 125.11032 | AG27: =(AVERAGE('2026_Fantasy_Starters'!U$2:'2026_Fantasy_Starters'!U$122)-'2026_Fantasy_Starters'!U35)/AVERAGE('2026_Fantasy_Starters'!U$2:'2026_Fantasy_Starters'!U$122)*100+100 -> 101.08427 | AH27: =(AVERAGE('2026_Fantasy_Starters'!V$2:'2026_Fantasy_Starters'!V$122)-'2026_Fantasy_Starters'!V35)/AVERAGE('2026_Fantasy_Starters'!V$2:'2026_Fantasy_Starters'!V$122)*100+100 -> 101.87774
A28: Brandon Woodruff | B28: MIL | C28: SP | D28: 25 | E28: 143.67 | F28: =H28*1.5+I28+J28+K28*1.5+L28+M28+N28+O28+P28+Q28 -> 3.9641044 | G28: 585 | H28: =(S28-S$123)/S$124 -> -0.021328102 | I28: =(T28-T$123)/T$124 -> 0.069825373 | J28: =(U28-U$123)/U$124 -> 0.26371377 | K28: =(V28-V$123)/V$124 -> 0.25118594 | L28: =(Z28-Z$123)/Z$124 -> -0.36519458 | M28: =(AB28-AB$123)/AB$124 -> 0.093707276 | N28: =(AG28-AG$123)/AG$124 -> 0.56562421 | O28: =(AH28-AH$123)/AH$124 -> 1.3082437 | P28: =(AE28-AE$123)/AE$124 -> 0.62975234 | Q28: =(AF28-AF$123)/AF$124 -> 1.0536456 | S28: =(E28-AVERAGE(E$2:E$122))/AVERAGE(E$2:E$122)*100+100 -> 99.538269 | T28: =('2026_Fantasy_Starters'!G38-AVERAGE('2026_Fantasy_Starters'!G$2:'2026_Fantasy_Starters'!G$122))/AVERAGE('2026_Fantasy_Starters'!G$2:'2026_Fantasy_Starters'!G$122)*100+100 -> 101.72959 | U28: =(AVERAGE('2026_Fantasy_Starters'!H$2:'2026_Fantasy_Starters'!H$122)-'2026_Fantasy_Starters'!H38)/AVERAGE('2026_Fantasy_Starters'!H$2:'2026_Fantasy_Starters'!H$122)*100+100 -> 106.01106 | V28: =('2026_Fantasy_Starters'!I38-AVERAGE('2026_Fantasy_Starters'!I$2:'2026_Fantasy_Starters'!I$122))/AVERAGE('2026_Fantasy_Starters'!I$2:'2026_Fantasy_Starters'!I$122)*100+100 -> 108.49506 | W28: =(AVERAGE('2026_Fantasy_Starters'!J$2:'2026_Fantasy_Starters'!J$122)-'2026_Fantasy_Starters'!J38)/AVERAGE('2026_Fantasy_Starters'!J$2:'2026_Fantasy_Starters'!J$122)*100+100 -> 106.40017 | X28: =(AVERAGE('2026_Fantasy_Starters'!K$2:'2026_Fantasy_Starters'!K$122)-'2026_Fantasy_Starters'!K38)/AVERAGE('2026_Fantasy_Starters'!K$2:'2026_Fantasy_Starters'!K$122)*100+100 -> 102.37496 | Y28: =(AVERAGE('2026_Fantasy_Starters'!L$2:'2026_Fantasy_Starters'!L$122)-'2026_Fantasy_Starters'!L38)/AVERAGE('2026_Fantasy_Starters'!L$2:'2026_Fantasy_Starters'!L$122)*100+100 -> 105.32989 | Z28: =(AVERAGE('2026_Fantasy_Starters'!M$2:'2026_Fantasy_Starters'!M$122)-'2026_Fantasy_Starters'!M38)/AVERAGE('2026_Fantasy_Starters'!M$2:'2026_Fantasy_Starters'!M$122)*100+100 -> 90.714333 | AA28: =(AVERAGE('2026_Fantasy_Starters'!N$2:'2026_Fantasy_Starters'!N$122)-'2026_Fantasy_Starters'!N38)/AVERAGE('2026_Fantasy_Starters'!N$2:'2026_Fantasy_Starters'!N$122)*100+100 -> 200 | AB28: =(AVERAGE('2026_Fantasy_Starters'!O$2:'2026_Fantasy_Starters'!O$122)-'2026_Fantasy_Starters'!O38)/AVERAGE('2026_Fantasy_Starters'!O$2:'2026_Fantasy_Starters'!O$122)*100+100 -> 102.90482 | AC28: =('2026_Fantasy_Starters'!P38-AVERAGE('2026_Fantasy_Starters'!P$2:'2026_Fantasy_Starters'!P$122))/AVERAGE('2026_Fantasy_Starters'!P$2:'2026_Fantasy_Starters'!P$122)*100+100 -> 106.71668 | AD28: =(AVERAGE('2026_Fantasy_Starters'!Q$2:'2026_Fantasy_Starters'!Q$122)-'2026_Fantasy_Starters'!Q38)/AVERAGE('2026_Fantasy_Starters'!Q$2:'2026_Fantasy_Starters'!Q$122)*100+100 -> 115.01785 | AE28: =('2026_Fantasy_Starters'!R38-AVERAGE('2026_Fantasy_Starters'!R$2:'2026_Fantasy_Starters'!R$122))/AVERAGE('2026_Fantasy_Starters'!R$2:'2026_Fantasy_Starters'!R$122)*100+100 -> 107.15051 | AF28: =('2026_Fantasy_Starters'!T38-AVERAGE('2026_Fantasy_Starters'!T$2:'2026_Fantasy_Starters'!T$122))/AVERAGE('2026_Fantasy_Starters'!T$2:'2026_Fantasy_Starters'!T$122)*100+100 -> 120.707 | AG28: =(AVERAGE('2026_Fantasy_Starters'!U$2:'2026_Fantasy_Starters'!U$122)-'2026_Fantasy_Starters'!U38)/AVERAGE('2026_Fantasy_Starters'!U$2:'2026_Fantasy_Starters'!U$122)*100+100 -> 105.31104 | AH28: =(AVERAGE('2026_Fantasy_Starters'!V$2:'2026_Fantasy_Starters'!V$122)-'2026_Fantasy_Starters'!V38)/AVERAGE('2026_Fantasy_Starters'!V$2:'2026_Fantasy_Starters'!V$122)*100+100 -> 108.47567
A29: Nick Pivetta | B29: SD | C29: SP | D29: 28 | E29: 169 | F29: =H29*1.5+I29+J29+K29*1.5+L29+M29+N29+O29+P29+Q29 -> 3.6962137 | G29: 691 | H29: =(S29-S$123)/S$124 -> 0.78930112 | I29: =(T29-T$123)/T$124 -> 0.52804735 | J29: =(U29-U$123)/U$124 -> -0.74217825 | K29: =(V29-V$123)/V$124 -> 0.82837361 | L29: =(Z29-Z$123)/Z$124 -> -1.6850375 | M29: =(AB29-AB$123)/AB$124 -> 0.52587707 | N29: =(AG29-AG$123)/AG$124 -> -0.069074238 | O29: =(AH29-AH$123)/AH$124 -> 0.92656749 | P29: =(AE29-AE$123)/AE$124 -> 0.78729931 | Q29: =(AF29-AF$123)/AF$124 -> 0.99820043 | S29: =(E29-AVERAGE(E$2:E$122))/AVERAGE(E$2:E$122)*100+100 -> 117.08754 | T29: =('2026_Fantasy_Starters'!G22-AVERAGE('2026_Fantasy_Starters'!G$2:'2026_Fantasy_Starters'!G$122))/AVERAGE('2026_Fantasy_Starters'!G$2:'2026_Fantasy_Starters'!G$122)*100+100 -> 113.07984 | U29: =(AVERAGE('2026_Fantasy_Starters'!H$2:'2026_Fantasy_Starters'!H$122)-'2026_Fantasy_Starters'!H22)/AVERAGE('2026_Fantasy_Starters'!H$2:'2026_Fantasy_Starters'!H$122)*100+100 -> 83.082882 | V29: =('2026_Fantasy_Starters'!I22-AVERAGE('2026_Fantasy_Starters'!I$2:'2026_Fantasy_Starters'!I$122))/AVERAGE('2026_Fantasy_Starters'!I$2:'2026_Fantasy_Starters'!I$122)*100+100 -> 128.01545 | W29: =(AVERAGE('2026_Fantasy_Starters'!J$2:'2026_Fantasy_Starters'!J$122)-'2026_Fantasy_Starters'!J22)/AVERAGE('2026_Fantasy_Starters'!J$2:'2026_Fantasy_Starters'!J$122)*100+100 -> 88.739888 | X29: =(AVERAGE('2026_Fantasy_Starters'!K$2:'2026_Fantasy_Starters'!K$122)-'2026_Fantasy_Starters'!K22)/AVERAGE('2026_Fantasy_Starters'!K$2:'2026_Fantasy_Starters'!K$122)*100+100 -> 84.032935 | Y29: =(AVERAGE('2026_Fantasy_Starters'!L$2:'2026_Fantasy_Starters'!L$122)-'2026_Fantasy_Starters'!L22)/AVERAGE('2026_Fantasy_Starters'!L$2:'2026_Fantasy_Starters'!L$122)*100+100 -> 81.629954 | Z29: =(AVERAGE('2026_Fantasy_Starters'!M$2:'2026_Fantasy_Starters'!M$122)-'2026_Fantasy_Starters'!M22)/AVERAGE('2026_Fantasy_Starters'!M$2:'2026_Fantasy_Starters'!M$122)*100+100 -> 57.155176 | AA29: =(AVERAGE('2026_Fantasy_Starters'!N$2:'2026_Fantasy_Starters'!N$122)-'2026_Fantasy_Starters'!N22)/AVERAGE('2026_Fantasy_Starters'!N$2:'2026_Fantasy_Starters'!N$122)*100+100 -> 80.21335 | AB29: =(AVERAGE('2026_Fantasy_Starters'!O$2:'2026_Fantasy_Starters'!O$122)-'2026_Fantasy_Starters'!O22)/AVERAGE('2026_Fantasy_Starters'!O$2:'2026_Fantasy_Starters'!O$122)*100+100 -> 116.30157 | AC29: =('2026_Fantasy_Starters'!P22-AVERAGE('2026_Fantasy_Starters'!P$2:'2026_Fantasy_Starters'!P$122))/AVERAGE('2026_Fantasy_Starters'!P$2:'2026_Fantasy_Starters'!P$122)*100+100 -> 127.62728 | AD29: =(AVERAGE('2026_Fantasy_Starters'!Q$2:'2026_Fantasy_Starters'!Q$122)-'2026_Fantasy_Starters'!Q22)/AVERAGE('2026_Fantasy_Starters'!Q$2:'2026_Fantasy_Starters'!Q$122)*100+100 -> 92.11744 | AE29: =('2026_Fantasy_Starters'!R22-AVERAGE('2026_Fantasy_Starters'!R$2:'2026_Fantasy_Starters'!R$122))/AVERAGE('2026_Fantasy_Starters'!R$2:'2026_Fantasy_Starters'!R$122)*100+100 -> 108.93937 | AF29: =('2026_Fantasy_Starters'!T22-AVERAGE('2026_Fantasy_Starters'!T$2:'2026_Fantasy_Starters'!T$122))/AVERAGE('2026_Fantasy_Starters'!T$2:'2026_Fantasy_Starters'!T$122)*100+100 -> 119.61736 | AG29: =(AVERAGE('2026_Fantasy_Starters'!U$2:'2026_Fantasy_Starters'!U$122)-'2026_Fantasy_Starters'!U22)/AVERAGE('2026_Fantasy_Starters'!U$2:'2026_Fantasy_Starters'!U$122)*100+100 -> 99.351414 | AH29: =(AVERAGE('2026_Fantasy_Starters'!V$2:'2026_Fantasy_Starters'!V$122)-'2026_Fantasy_Starters'!V22)/AVERAGE('2026_Fantasy_Starters'!V$2:'2026_Fantasy_Starters'!V$122)*100+100 -> 106.00292
A30: Chase Burns | B30: CIN | C30: SP,RP | D30: 29 | E30: 134 | F30: =H30*1.5+I30+J30+K30*1.5+L30+M30+N30+O30+P30+Q30 -> 3.6020735 | G30: 548 | H30: =(S30-S$123)/S$124 -> -0.33079453 | I30: =(T30-T$123)/T$124 -> -0.49609103 | J30: =(U30-U$123)/U$124 -> 0.17194451 | K30: =(V30-V$123)/V$124 -> -0.55704678 | L30: =(Z30-Z$123)/Z$124 -> 0.067216965 | M30: =(AB30-AB$123)/AB$124 -> 0.80274523 | N30: =(AG30-AG$123)/AG$124 -> 0.48167802 | O30: =(AH30-AH$123)/AH$124 -> 0.87449034 | P30: =(AE30-AE$123)/AE$124 -> 1.5146938 | Q30: =(AF30-AF$123)/AF$124 -> 1.5171576 | S30: =(E30-AVERAGE(E$2:E$122))/AVERAGE(E$2:E$122)*100+100 -> 92.838644 | T30: =('2026_Fantasy_Starters'!G37-AVERAGE('2026_Fantasy_Starters'!G$2:'2026_Fantasy_Starters'!G$122))/AVERAGE('2026_Fantasy_Starters'!G$2:'2026_Fantasy_Starters'!G$122)*100+100 -> 87.711728 | U30: =(AVERAGE('2026_Fantasy_Starters'!H$2:'2026_Fantasy_Starters'!H$122)-'2026_Fantasy_Starters'!H37)/AVERAGE('2026_Fantasy_Starters'!H$2:'2026_Fantasy_Starters'!H$122)*100+100 -> 103.91928 | V30: =('2026_Fantasy_Starters'!I37-AVERAGE('2026_Fantasy_Starters'!I$2:'2026_Fantasy_Starters'!I$122))/AVERAGE('2026_Fantasy_Starters'!I$2:'2026_Fantasy_Starters'!I$122)*100+100 -> 81.160778 | W30: =(AVERAGE('2026_Fantasy_Starters'!J$2:'2026_Fantasy_Starters'!J$122)-'2026_Fantasy_Starters'!J37)/AVERAGE('2026_Fantasy_Starters'!J$2:'2026_Fantasy_Starters'!J$122)*100+100 -> 112.84909 | X30: =(AVERAGE('2026_Fantasy_Starters'!K$2:'2026_Fantasy_Starters'!K$122)-'2026_Fantasy_Starters'!K37)/AVERAGE('2026_Fantasy_Starters'!K$2:'2026_Fantasy_Starters'!K$122)*100+100 -> 117.82926 | Y30: =(AVERAGE('2026_Fantasy_Starters'!L$2:'2026_Fantasy_Starters'!L$122)-'2026_Fantasy_Starters'!L37)/AVERAGE('2026_Fantasy_Starters'!L$2:'2026_Fantasy_Starters'!L$122)*100+100 -> 110.96682 | Z30: =(AVERAGE('2026_Fantasy_Starters'!M$2:'2026_Fantasy_Starters'!M$122)-'2026_Fantasy_Starters'!M37)/AVERAGE('2026_Fantasy_Starters'!M$2:'2026_Fantasy_Starters'!M$122)*100+100 -> 101.7091 | AA30: =(AVERAGE('2026_Fantasy_Starters'!N$2:'2026_Fantasy_Starters'!N$122)-'2026_Fantasy_Starters'!N37)/AVERAGE('2026_Fantasy_Starters'!N$2:'2026_Fantasy_Starters'!N$122)*100+100 -> 73.740618 | AB30: =(AVERAGE('2026_Fantasy_Starters'!O$2:'2026_Fantasy_Starters'!O$122)-'2026_Fantasy_Starters'!O37)/AVERAGE('2026_Fantasy_Starters'!O$2:'2026_Fantasy_Starters'!O$122)*100+100 -> 124.88416 | AC30: =('2026_Fantasy_Starters'!P37-AVERAGE('2026_Fantasy_Starters'!P$2:'2026_Fantasy_Starters'!P$122))/AVERAGE('2026_Fantasy_Starters'!P$2:'2026_Fantasy_Starters'!P$122)*100+100 -> 108.86769 | AD30: =(AVERAGE('2026_Fantasy_Starters'!Q$2:'2026_Fantasy_Starters'!Q$122)-'2026_Fantasy_Starters'!Q37)/AVERAGE('2026_Fantasy_Starters'!Q$2:'2026_Fantasy_Starters'!Q$122)*100+100 -> 110.17928 | AE30: =('2026_Fantasy_Starters'!R37-AVERAGE('2026_Fantasy_Starters'!R$2:'2026_Fantasy_Starters'!R$122))/AVERAGE('2026_Fantasy_Starters'!R$2:'2026_Fantasy_Starters'!R$122)*100+100 -> 117.19855 | AF30: =('2026_Fantasy_Starters'!T37-AVERAGE('2026_Fantasy_Starters'!T$2:'2026_Fantasy_Starters'!T$122))/AVERAGE('2026_Fantasy_Starters'!T$2:'2026_Fantasy_Starters'!T$122)*100+100 -> 129.81628 | AG30: =(AVERAGE('2026_Fantasy_Starters'!U$2:'2026_Fantasy_Starters'!U$122)-'2026_Fantasy_Starters'!U37)/AVERAGE('2026_Fantasy_Starters'!U$2:'2026_Fantasy_Starters'!U$122)*100+100 -> 104.52281 | AH30: =(AVERAGE('2026_Fantasy_Starters'!V$2:'2026_Fantasy_Starters'!V$122)-'2026_Fantasy_Starters'!V37)/AVERAGE('2026_Fantasy_Starters'!V$2:'2026_Fantasy_Starters'!V$122)*100+100 -> 105.66553
A31: Kevin Gausman | B31: TOR | C31: SP | D31: 29 | E31: 181.67 | F31: =H31*1.5+I31+J31+K31*1.5+L31+M31+N31+O31+P31+Q31 -> 3.3407783 | G31: 749 | H31: =(S31-S$123)/S$124 -> 1.1947757 | I31: =(T31-T$123)/T$124 -> 0.99418288 | J31: =(U31-U$123)/U$124 -> -0.86741964 | K31: =(V31-V$123)/V$124 -> 1.0635601 | L31: =(Z31-Z$123)/Z$124 -> -1.2810195 | M31: =(AB31-AB$123)/AB$124 -> 0.88628412 | N31: =(AG31-AG$123)/AG$124 -> 0.21838092 | O31: =(AH31-AH$123)/AH$124 -> 0.2320726 | P31: =(AE31-AE$123)/AE$124 -> -0.27449418 | Q31: =(AF31-AF$123)/AF$124 -> 0.045287323 | S31: =(E31-AVERAGE(E$2:E$122))/AVERAGE(E$2:E$122)*100+100 -> 125.86565 | T31: =('2026_Fantasy_Starters'!G27-AVERAGE('2026_Fantasy_Starters'!G$2:'2026_Fantasy_Starters'!G$122))/AVERAGE('2026_Fantasy_Starters'!G$2:'2026_Fantasy_Starters'!G$122)*100+100 -> 124.6261 | U31: =(AVERAGE('2026_Fantasy_Starters'!H$2:'2026_Fantasy_Starters'!H$122)-'2026_Fantasy_Starters'!H27)/AVERAGE('2026_Fantasy_Starters'!H$2:'2026_Fantasy_Starters'!H$122)*100+100 -> 80.228146 | V31: =('2026_Fantasy_Starters'!I27-AVERAGE('2026_Fantasy_Starters'!I$2:'2026_Fantasy_Starters'!I$122))/AVERAGE('2026_Fantasy_Starters'!I$2:'2026_Fantasy_Starters'!I$122)*100+100 -> 135.96941 | W31: =(AVERAGE('2026_Fantasy_Starters'!J$2:'2026_Fantasy_Starters'!J$122)-'2026_Fantasy_Starters'!J27)/AVERAGE('2026_Fantasy_Starters'!J$2:'2026_Fantasy_Starters'!J$122)*100+100 -> 72.45792 | X31: =(AVERAGE('2026_Fantasy_Starters'!K$2:'2026_Fantasy_Starters'!K$122)-'2026_Fantasy_Starters'!K27)/AVERAGE('2026_Fantasy_Starters'!K$2:'2026_Fantasy_Starters'!K$122)*100+100 -> 73.98805 | Y31: =(AVERAGE('2026_Fantasy_Starters'!L$2:'2026_Fantasy_Starters'!L$122)-'2026_Fantasy_Starters'!L27)/AVERAGE('2026_Fantasy_Starters'!L$2:'2026_Fantasy_Starters'!L$122)*100+100 -> 76.168042 | Z31: =(AVERAGE('2026_Fantasy_Starters'!M$2:'2026_Fantasy_Starters'!M$122)-'2026_Fantasy_Starters'!M27)/AVERAGE('2026_Fantasy_Starters'!M$2:'2026_Fantasy_Starters'!M$122)*100+100 -> 67.427993 | AA31: =(AVERAGE('2026_Fantasy_Starters'!N$2:'2026_Fantasy_Starters'!N$122)-'2026_Fantasy_Starters'!N27)/AVERAGE('2026_Fantasy_Starters'!N$2:'2026_Fantasy_Starters'!N$122)*100+100 -> 79.83902 | AB31: =(AVERAGE('2026_Fantasy_Starters'!O$2:'2026_Fantasy_Starters'!O$122)-'2026_Fantasy_Starters'!O27)/AVERAGE('2026_Fantasy_Starters'!O$2:'2026_Fantasy_Starters'!O$122)*100+100 -> 127.47377 | AC31: =('2026_Fantasy_Starters'!P27-AVERAGE('2026_Fantasy_Starters'!P$2:'2026_Fantasy_Starters'!P$122))/AVERAGE('2026_Fantasy_Starters'!P$2:'2026_Fantasy_Starters'!P$122)*100+100 -> 122.01239 | AD31: =(AVERAGE('2026_Fantasy_Starters'!Q$2:'2026_Fantasy_Starters'!Q$122)-'2026_Fantasy_Starters'!Q27)/AVERAGE('2026_Fantasy_Starters'!Q$2:'2026_Fantasy_Starters'!Q$122)*100+100 -> 84.840823 | AE31: =('2026_Fantasy_Starters'!R27-AVERAGE('2026_Fantasy_Starters'!R$2:'2026_Fantasy_Starters'!R$122))/AVERAGE('2026_Fantasy_Starters'!R$2:'2026_Fantasy_Starters'!R$122)*100+100 -> 96.883263 | AF31: =('2026_Fantasy_Starters'!T27-AVERAGE('2026_Fantasy_Starters'!T$2:'2026_Fantasy_Starters'!T$122))/AVERAGE('2026_Fantasy_Starters'!T$2:'2026_Fantasy_Starters'!T$122)*100+100 -> 100.89002 | AG31: =(AVERAGE('2026_Fantasy_Starters'!U$2:'2026_Fantasy_Starters'!U$122)-'2026_Fantasy_Starters'!U27)/AVERAGE('2026_Fantasy_Starters'!U$2:'2026_Fantasy_Starters'!U$122)*100+100 -> 102.05053 | AH31: =(AVERAGE('2026_Fantasy_Starters'!V$2:'2026_Fantasy_Starters'!V$122)-'2026_Fantasy_Starters'!V27)/AVERAGE('2026_Fantasy_Starters'!V$2:'2026_Fantasy_Starters'!V$122)*100+100 -> 101.50352
A32: Freddy Peralta | B32: NYM | C32: SP | D32: 29 | E32: 166.67 | F32: =H32*1.5+I32+J32+K32*1.5+L32+M32+N32+O32+P32+Q32 -> 3.0768573 | G32: 691 | H32: =(S32-S$123)/S$124 -> 0.71473475 | I32: =(T32-T$123)/T$124 -> 1.1353194 | J32: =(U32-U$123)/U$124 -> -0.44589974 | K32: =(V32-V$123)/V$124 -> 0.7255801 | L32: =(Z32-Z$123)/Z$124 -> -0.67779688 | M32: =(AB32-AB$123)/AB$124 -> -1.1549927 | N32: =(AG32-AG$123)/AG$124 -> 0.15079794 | O32: =(AH32-AH$123)/AH$124 -> 0.5171401 | P32: =(AE32-AE$123)/AE$124 -> 0.93261468 | Q32: =(AF32-AF$123)/AF$124 -> 0.45920223 | S32: =(E32-AVERAGE(E$2:E$122))/AVERAGE(E$2:E$122)*100+100 -> 115.47326 | T32: =('2026_Fantasy_Starters'!G17-AVERAGE('2026_Fantasy_Starters'!G$2:'2026_Fantasy_Starters'!G$122))/AVERAGE('2026_Fantasy_Starters'!G$2:'2026_Fantasy_Starters'!G$122)*100+100 -> 128.12208 | U32: =(AVERAGE('2026_Fantasy_Starters'!H$2:'2026_Fantasy_Starters'!H$122)-'2026_Fantasy_Starters'!H17)/AVERAGE('2026_Fantasy_Starters'!H$2:'2026_Fantasy_Starters'!H$122)*100+100 -> 89.836217 | V32: =('2026_Fantasy_Starters'!I17-AVERAGE('2026_Fantasy_Starters'!I$2:'2026_Fantasy_Starters'!I$122))/AVERAGE('2026_Fantasy_Starters'!I$2:'2026_Fantasy_Starters'!I$122)*100+100 -> 124.53899 | W32: =(AVERAGE('2026_Fantasy_Starters'!J$2:'2026_Fantasy_Starters'!J$122)-'2026_Fantasy_Starters'!J17)/AVERAGE('2026_Fantasy_Starters'!J$2:'2026_Fantasy_Starters'!J$122)*100+100 -> 95.684712 | X32: =(AVERAGE('2026_Fantasy_Starters'!K$2:'2026_Fantasy_Starters'!K$122)-'2026_Fantasy_Starters'!K17)/AVERAGE('2026_Fantasy_Starters'!K$2:'2026_Fantasy_Starters'!K$122)*100+100 -> 87.737511 | Y32: =(AVERAGE('2026_Fantasy_Starters'!L$2:'2026_Fantasy_Starters'!L$122)-'2026_Fantasy_Starters'!L17)/AVERAGE('2026_Fantasy_Starters'!L$2:'2026_Fantasy_Starters'!L$122)*100+100 -> 85.656485 | Z32: =(AVERAGE('2026_Fantasy_Starters'!M$2:'2026_Fantasy_Starters'!M$122)-'2026_Fantasy_Starters'!M17)/AVERAGE('2026_Fantasy_Starters'!M$2:'2026_Fantasy_Starters'!M$122)*100+100 -> 82.76591 | AA32: =(AVERAGE('2026_Fantasy_Starters'!N$2:'2026_Fantasy_Starters'!N$122)-'2026_Fantasy_Starters'!N17)/AVERAGE('2026_Fantasy_Starters'!N$2:'2026_Fantasy_Starters'!N$122)*100+100 -> 138.58612 | AB32: =(AVERAGE('2026_Fantasy_Starters'!O$2:'2026_Fantasy_Starters'!O$122)-'2026_Fantasy_Starters'!O17)/AVERAGE('2026_Fantasy_Starters'!O$2:'2026_Fantasy_Starters'!O$122)*100+100 -> 64.196583 | AC32: =('2026_Fantasy_Starters'!P17-AVERAGE('2026_Fantasy_Starters'!P$2:'2026_Fantasy_Starters'!P$122))/AVERAGE('2026_Fantasy_Starters'!P$2:'2026_Fantasy_Starters'!P$122)*100+100 -> 127.77406 | AD32: =(AVERAGE('2026_Fantasy_Starters'!Q$2:'2026_Fantasy_Starters'!Q$122)-'2026_Fantasy_Starters'!Q17)/AVERAGE('2026_Fantasy_Starters'!Q$2:'2026_Fantasy_Starters'!Q$122)*100+100 -> 66.173422 | AE32: =('2026_Fantasy_Starters'!R17-AVERAGE('2026_Fantasy_Starters'!R$2:'2026_Fantasy_Starters'!R$122))/AVERAGE('2026_Fantasy_Starters'!R$2:'2026_Fantasy_Starters'!R$122)*100+100 -> 110.58935 | AF32: =('2026_Fantasy_Starters'!T17-AVERAGE('2026_Fantasy_Starters'!T$2:'2026_Fantasy_Starters'!T$122))/AVERAGE('2026_Fantasy_Starters'!T$2:'2026_Fantasy_Starters'!T$122)*100+100 -> 109.02457 | AG32: =(AVERAGE('2026_Fantasy_Starters'!U$2:'2026_Fantasy_Starters'!U$122)-'2026_Fantasy_Starters'!U17)/AVERAGE('2026_Fantasy_Starters'!U$2:'2026_Fantasy_Starters'!U$122)*100+100 -> 101.41595 | AH32: =(AVERAGE('2026_Fantasy_Starters'!V$2:'2026_Fantasy_Starters'!V$122)-'2026_Fantasy_Starters'!V17)/AVERAGE('2026_Fantasy_Starters'!V$2:'2026_Fantasy_Starters'!V$122)*100+100 -> 103.35038
A33: MacKenzie Gore | B33: TEX | C33: SP | D33: 28 | E33: 159.67 | F33: =H33*1.5+I33+J33+K33*1.5+L33+M33+N33+O33+P33+Q33 -> 3.0027375 | G33: 672 | H33: =(S33-S$123)/S$124 -> 0.49071562 | I33: =(T33-T$123)/T$124 -> 0.62359715 | J33: =(U33-U$123)/U$124 -> -0.74835072 | K33: =(V33-V$123)/V$124 -> 0.56836651 | L33: =(Z33-Z$123)/Z$124 -> -0.28070904 | M33: =(AB33-AB$123)/AB$124 -> -0.24900884 | N33: =(AG33-AG$123)/AG$124 -> 0.23937492 | O33: =(AH33-AH$123)/AH$124 -> -0.17132453 | P33: =(AE33-AE$123)/AE$124 -> 1.3455855 | Q33: =(AF33-AF$123)/AF$124 -> 0.65494986 | S33: =(E33-AVERAGE(E$2:E$122))/AVERAGE(E$2:E$122)*100+100 -> 110.62348 | T33: =('2026_Fantasy_Starters'!G45-AVERAGE('2026_Fantasy_Starters'!G$2:'2026_Fantasy_Starters'!G$122))/AVERAGE('2026_Fantasy_Starters'!G$2:'2026_Fantasy_Starters'!G$122)*100+100 -> 115.44662 | U33: =(AVERAGE('2026_Fantasy_Starters'!H$2:'2026_Fantasy_Starters'!H$122)-'2026_Fantasy_Starters'!H45)/AVERAGE('2026_Fantasy_Starters'!H$2:'2026_Fantasy_Starters'!H$122)*100+100 -> 82.942188 | V33: =('2026_Fantasy_Starters'!I45-AVERAGE('2026_Fantasy_Starters'!I$2:'2026_Fantasy_Starters'!I$122))/AVERAGE('2026_Fantasy_Starters'!I$2:'2026_Fantasy_Starters'!I$122)*100+100 -> 119.22205 | W33: =(AVERAGE('2026_Fantasy_Starters'!J$2:'2026_Fantasy_Starters'!J$122)-'2026_Fantasy_Starters'!J45)/AVERAGE('2026_Fantasy_Starters'!J$2:'2026_Fantasy_Starters'!J$122)*100+100 -> 94.537624 | X33: =(AVERAGE('2026_Fantasy_Starters'!K$2:'2026_Fantasy_Starters'!K$122)-'2026_Fantasy_Starters'!K45)/AVERAGE('2026_Fantasy_Starters'!K$2:'2026_Fantasy_Starters'!K$122)*100+100 -> 91.000978 | Y33: =(AVERAGE('2026_Fantasy_Starters'!L$2:'2026_Fantasy_Starters'!L$122)-'2026_Fantasy_Starters'!L45)/AVERAGE('2026_Fantasy_Starters'!L$2:'2026_Fantasy_Starters'!L$122)*100+100 -> 91.382968 | Z33: =(AVERAGE('2026_Fantasy_Starters'!M$2:'2026_Fantasy_Starters'!M$122)-'2026_Fantasy_Starters'!M45)/AVERAGE('2026_Fantasy_Starters'!M$2:'2026_Fantasy_Starters'!M$122)*100+100 -> 92.862515 | AA33: =(AVERAGE('2026_Fantasy_Starters'!N$2:'2026_Fantasy_Starters'!N$122)-'2026_Fantasy_Starters'!N45)/AVERAGE('2026_Fantasy_Starters'!N$2:'2026_Fantasy_Starters'!N$122)*100+100 -> 138.58608 | AB33: =(AVERAGE('2026_Fantasy_Starters'!O$2:'2026_Fantasy_Starters'!O$122)-'2026_Fantasy_Starters'!O45)/AVERAGE('2026_Fantasy_Starters'!O$2:'2026_Fantasy_Starters'!O$122)*100+100 -> 92.281019 | AC33: =('2026_Fantasy_Starters'!P45-AVERAGE('2026_Fantasy_Starters'!P$2:'2026_Fantasy_Starters'!P$122))/AVERAGE('2026_Fantasy_Starters'!P$2:'2026_Fantasy_Starters'!P$122)*100+100 -> 127.59783 | AD33: =(AVERAGE('2026_Fantasy_Starters'!Q$2:'2026_Fantasy_Starters'!Q$122)-'2026_Fantasy_Starters'!Q45)/AVERAGE('2026_Fantasy_Starters'!Q$2:'2026_Fantasy_Starters'!Q$122)*100+100 -> 68.50868 | AE33: =('2026_Fantasy_Starters'!R45-AVERAGE('2026_Fantasy_Starters'!R$2:'2026_Fantasy_Starters'!R$122))/AVERAGE('2026_Fantasy_Starters'!R$2:'2026_Fantasy_Starters'!R$122)*100+100 -> 115.27841 | AF33: =('2026_Fantasy_Starters'!T45-AVERAGE('2026_Fantasy_Starters'!T$2:'2026_Fantasy_Starters'!T$122))/AVERAGE('2026_Fantasy_Starters'!T$2:'2026_Fantasy_Starters'!T$122)*100+100 -> 112.87155 | AG33: =(AVERAGE('2026_Fantasy_Starters'!U$2:'2026_Fantasy_Starters'!U$122)-'2026_Fantasy_Starters'!U45)/AVERAGE('2026_Fantasy_Starters'!U$2:'2026_Fantasy_Starters'!U$122)*100+100 -> 102.24766 | AH33: =(AVERAGE('2026_Fantasy_Starters'!V$2:'2026_Fantasy_Starters'!V$122)-'2026_Fantasy_Starters'!V45)/AVERAGE('2026_Fantasy_Starters'!V$2:'2026_Fantasy_Starters'!V$122)*100+100 -> 98.890047
A34: Spencer Schwellenbach | B34: ATL | C34: SP | D34: 12 | E34: 68.67 | F34: =H34*1.5+I34+J34+K34*1.5+L34+M34+N34+O34+P34+Q34 -> 2.6798673 | G34: 278 | H34: =(S34-S$123)/S$124 -> -2.4215331 | I34: =(T34-T$123)/T$124 -> -1.7895662 | J34: =(U34-U$123)/U$124 -> 2.5613272 | K34: =(V34-V$123)/V$124 -> -1.3435926 | L34: =(Z34-Z$123)/Z$124 -> 2.2118145 | M34: =(AB34-AB$123)/AB$124 -> 2.0638986 | N34: =(AG34-AG$123)/AG$124 -> 1.1121923 | O34: =(AH34-AH$123)/AH$124 -> 1.2753873 | P34: =(AE34-AE$123)/AE$124 -> -0.074433972 | Q34: =(AF34-AF$123)/AF$124 -> 0.96693608 | S34: =(E34-AVERAGE(E$2:E$122))/AVERAGE(E$2:E$122)*100+100 -> 47.576341 | T34: =('2026_Fantasy_Starters'!G28-AVERAGE('2026_Fantasy_Starters'!G$2:'2026_Fantasy_Starters'!G$122))/AVERAGE('2026_Fantasy_Starters'!G$2:'2026_Fantasy_Starters'!G$122)*100+100 -> 55.672096 | U34: =(AVERAGE('2026_Fantasy_Starters'!H$2:'2026_Fantasy_Starters'!H$122)-'2026_Fantasy_Starters'!H28)/AVERAGE('2026_Fantasy_Starters'!H$2:'2026_Fantasy_Starters'!H$122)*100+100 -> 158.38257 | V34: =('2026_Fantasy_Starters'!I28-AVERAGE('2026_Fantasy_Starters'!I$2:'2026_Fantasy_Starters'!I$122))/AVERAGE('2026_Fantasy_Starters'!I$2:'2026_Fantasy_Starters'!I$122)*100+100 -> 54.559938 | W34: =(AVERAGE('2026_Fantasy_Starters'!J$2:'2026_Fantasy_Starters'!J$122)-'2026_Fantasy_Starters'!J28)/AVERAGE('2026_Fantasy_Starters'!J$2:'2026_Fantasy_Starters'!J$122)*100+100 -> 151.82591 | X34: =(AVERAGE('2026_Fantasy_Starters'!K$2:'2026_Fantasy_Starters'!K$122)-'2026_Fantasy_Starters'!K28)/AVERAGE('2026_Fantasy_Starters'!K$2:'2026_Fantasy_Starters'!K$122)*100+100 -> 156.04242 | Y34: =(AVERAGE('2026_Fantasy_Starters'!L$2:'2026_Fantasy_Starters'!L$122)-'2026_Fantasy_Starters'!L28)/AVERAGE('2026_Fantasy_Starters'!L$2:'2026_Fantasy_Starters'!L$122)*100+100 -> 157.203 | Z34: =(AVERAGE('2026_Fantasy_Starters'!M$2:'2026_Fantasy_Starters'!M$122)-'2026_Fantasy_Starters'!M28)/AVERAGE('2026_Fantasy_Starters'!M$2:'2026_Fantasy_Starters'!M$122)*100+100 -> 156.23899 | AA34: =(AVERAGE('2026_Fantasy_Starters'!N$2:'2026_Fantasy_Starters'!N$122)-'2026_Fantasy_Starters'!N28)/AVERAGE('2026_Fantasy_Starters'!N$2:'2026_Fantasy_Starters'!N$122)*100+100 -> 138.58612 | AB34: =(AVERAGE('2026_Fantasy_Starters'!O$2:'2026_Fantasy_Starters'!O$122)-'2026_Fantasy_Starters'!O28)/AVERAGE('2026_Fantasy_Starters'!O$2:'2026_Fantasy_Starters'!O$122)*100+100 -> 163.97843 | AC34: =('2026_Fantasy_Starters'!P28-AVERAGE('2026_Fantasy_Starters'!P$2:'2026_Fantasy_Starters'!P$122))/AVERAGE('2026_Fantasy_Starters'!P$2:'2026_Fantasy_Starters'!P$122)*100+100 -> 47.201189 | AD34: =(AVERAGE('2026_Fantasy_Starters'!Q$2:'2026_Fantasy_Starters'!Q$122)-'2026_Fantasy_Starters'!Q28)/AVERAGE('2026_Fantasy_Starters'!Q$2:'2026_Fantasy_Starters'!Q$122)*100+100 -> 168.85482 | AE34: =('2026_Fantasy_Starters'!R28-AVERAGE('2026_Fantasy_Starters'!R$2:'2026_Fantasy_Starters'!R$122))/AVERAGE('2026_Fantasy_Starters'!R$2:'2026_Fantasy_Starters'!R$122)*100+100 -> 99.154841 | AF34: =('2026_Fantasy_Starters'!T28-AVERAGE('2026_Fantasy_Starters'!T$2:'2026_Fantasy_Starters'!T$122))/AVERAGE('2026_Fantasy_Starters'!T$2:'2026_Fantasy_Starters'!T$122)*100+100 -> 119.00293 | AG34: =(AVERAGE('2026_Fantasy_Starters'!U$2:'2026_Fantasy_Starters'!U$122)-'2026_Fantasy_Starters'!U28)/AVERAGE('2026_Fantasy_Starters'!U$2:'2026_Fantasy_Starters'!U$122)*100+100 -> 110.44315 | AH34: =(AVERAGE('2026_Fantasy_Starters'!V$2:'2026_Fantasy_Starters'!V$122)-'2026_Fantasy_Starters'!V28)/AVERAGE('2026_Fantasy_Starters'!V$2:'2026_Fantasy_Starters'!V$122)*100+100 -> 108.2628
